Date,KOSPI_Close,KOSPI_Open,KOSPI_High,KOSPI_Low,KOSPI_Volume,NASDAQ_Close,US10Y_Yield,VIX_Close,USD_KRW
2010-01-04,1696.1400146484375,1681.7099609375,1696.1400146484375,1681.7099609375,296500,2308.419921875,3.8410000801086426,20.040000915527344,1132.4000244140625
2010-01-05,1690.6199951171875,1701.6199951171875,1702.3900146484375,1686.449951171875,408900,2308.419921875,3.8410000801086426,20.040000915527344,1132.4000244140625
2010-01-06,1705.3199462890625,1697.8800048828125,1706.8900146484375,1696.0999755859375,426000,2308.7099609375,3.755000114440918,19.350000381469727,1141.300048828125
2010-01-07,1683.449951171875,1702.9200439453125,1707.9000244140625,1683.449951171875,462400,2301.090087890625,3.808000087738037,19.15999984741211,1130.4000244140625
2010-01-08,1695.260009765625,1694.06005859375,1695.260009765625,1668.8399658203125,380000,2300.050048828125,3.822000026702881,19.059999465942383,1134.9000244140625
2010-01-11,1694.1199951171875,1700.7900390625,1705.72998046875,1694.1199951171875,407700,2300.050048828125,3.822000026702881,19.059999465942383,1134.9000244140625
2010-01-12,1698.6400146484375,1695.8299560546875,1701.1600341796875,1683.2900390625,383800,2312.409912109375,3.818000078201294,17.549999237060547,1121.300048828125
2010-01-13,1671.4100341796875,1683.510009765625,1687.5799560546875,1671.1099853515625,361900,2282.31005859375,3.7190001010894775,18.25,1123.5999755859375
2010-01-14,1685.77001953125,1680.6800537109375,1692.780029296875,1677.4599609375,433800,2307.89990234375,3.7829999923706055,17.850000381469727,1119.5
2010-01-15,1701.800048828125,1694.6500244140625,1704.4300537109375,1686.1199951171875,415900,2316.739990234375,3.7339999675750732,17.6299991607666,1120.699951171875
2010-01-18,1711.780029296875,1696.1400146484375,1716.6199951171875,1688.8900146484375,420800,2316.739990234375,3.7339999675750732,17.6299991607666,1120.699951171875
2010-01-19,1710.219970703125,1719.4100341796875,1723.219970703125,1706.72998046875,384400,2316.739990234375,3.7339999675750732,17.6299991607666,1122.300048828125
2010-01-20,1714.3800048828125,1723.010009765625,1723.010009765625,1708.5799560546875,695700,2320.39990234375,3.7070000171661377,17.579999923706055,1128.0999755859375
2010-01-21,1722.010009765625,1700.530029296875,1722.010009765625,1695.1800537109375,543500,2291.25,3.6589999198913574,18.68000030517578,1132.199951171875
2010-01-22,1684.3499755859375,1696.2099609375,1706.0899658203125,1665.5999755859375,615100,2265.699951171875,3.6110000610351562,22.270000457763672,1142.0999755859375
2010-01-25,1670.199951171875,1662.77001953125,1681.8299560546875,1660.5799560546875,585000,2265.699951171875,3.6110000610351562,22.270000457763672,1142.0999755859375
2010-01-26,1637.3399658203125,1670.469970703125,1671.6600341796875,1626.97998046875,576900,2210.800048828125,3.630000114440918,25.40999984741211,1130.800048828125
2010-01-27,1625.47998046875,1641.8800048828125,1643.6400146484375,1620.550048828125,446500,2203.72998046875,3.630000114440918,24.549999237060547,1159.5999755859375
2010-01-28,1642.4300537109375,1632.5799560546875,1649.4599609375,1619.260009765625,479600,2221.409912109375,3.6440000534057617,23.139999389648438,1163.800048828125
2010-01-29,1602.4300537109375,1621.0,1626.5699462890625,1595.3900146484375,473900,2179.0,3.6579999923706055,23.729999542236328,1153.0999755859375
2010-02-01,1606.43994140625,1603.8699951171875,1611.989990234375,1590.800048828125,382200,2179.0,3.6579999923706055,23.729999542236328,1153.0999755859375
2010-02-02,1595.81005859375,1618.5999755859375,1618.5999755859375,1591.239990234375,435000,2171.199951171875,3.6540000438690186,22.59000015258789,1163.199951171875
2010-02-03,1615.02001953125,1614.1600341796875,1618.8599853515625,1602.550048828125,438200,2190.06005859375,3.634999990463257,21.479999542236328,1157.4000244140625
2010-02-04,1616.4200439453125,1615.47998046875,1619.3699951171875,1607.8699951171875,396800,2190.909912109375,3.703000068664551,21.600000381469727,1148.4000244140625
2010-02-05,1567.1199951171875,1567.5899658203125,1575.1600341796875,1560.989990234375,460800,2125.429931640625,3.609999895095825,26.079999923706055,1147.0
2010-02-08,1552.7900390625,1565.239990234375,1566.300048828125,1548.780029296875,445700,2125.429931640625,3.609999895095825,26.079999923706055,1147.0
2010-02-09,1570.489990234375,1550.800048828125,1571.9599609375,1549.1099853515625,433900,2126.050048828125,3.5920000076293945,26.510000228881836,1173.4000244140625
2010-02-10,1570.1199951171875,1578.8299560546875,1581.56005859375,1565.7900390625,436100,2150.8701171875,3.632999897003174,26.0,1158.5
2010-02-11,1597.81005859375,1574.949951171875,1600.4100341796875,1574.77001953125,393800,2147.8701171875,3.694000005722046,25.399999618530273,1158.4000244140625
2010-02-12,1593.6600341796875,1595.949951171875,1598.4100341796875,1577.8900146484375,292300,2177.409912109375,3.7330000400543213,23.959999084472656,1152.5999755859375
2010-02-16,1601.050048828125,1589.969970703125,1608.8599853515625,1586.8699951171875,275300,2177.409912109375,3.7330000400543213,23.959999084472656,1146.4000244140625
2010-02-17,1627.4300537109375,1619.0400390625,1628.31005859375,1618.27001953125,383600,2214.18994140625,3.6640000343322754,22.25,1145.199951171875
2010-02-18,1621.18994140625,1630.8900146484375,1631.7099609375,1618.81005859375,314000,2226.2900390625,3.742000102996826,21.719999313354492,1147.5
2010-02-19,1593.9000244140625,1611.0899658203125,1623.25,1592.9200439453125,345800,2241.7099609375,3.802999973297119,20.6299991607666,1152.4000244140625
2010-02-22,1627.0999755859375,1617.1600341796875,1630.510009765625,1617.1600341796875,307200,2241.7099609375,3.802999973297119,20.6299991607666,1152.4000244140625
2010-02-23,1628.9000244140625,1626.75,1630.449951171875,1616.0400390625,352000,2242.030029296875,3.7990000247955322,19.940000534057617,1147.9000244140625
2010-02-24,1612.8299560546875,1616.550048828125,1618.4599609375,1606.239990234375,390700,2213.43994140625,3.690999984741211,21.3700008392334,1156.199951171875
2010-02-25,1587.510009765625,1620.25,1621.8399658203125,1582.219970703125,403200,2235.89990234375,3.694999933242798,20.270000457763672,1158.5999755859375
2010-02-26,1594.5799560546875,1593.72998046875,1596.550048828125,1580.699951171875,331800,2234.219970703125,3.6419999599456787,20.100000381469727,1161.0999755859375
2010-03-02,1615.1199951171875,1612.4300537109375,1620.1500244140625,1608.969970703125,415100,2273.570068359375,3.6059999465942383,19.260000228881836,1148.0
2010-03-03,1622.43994140625,1615.25,1622.6300048828125,1611.3499755859375,403500,2280.7900390625,3.614000082015991,19.059999465942383,1142.0999755859375
2010-03-04,1618.199951171875,1625.3499755859375,1631.0999755859375,1612.469970703125,383000,2280.679931640625,3.625,18.829999923706055,1143.199951171875
2010-03-05,1634.5699462890625,1624.800048828125,1634.5699462890625,1624.739990234375,344100,2292.31005859375,3.6059999465942383,18.719999313354492,1143.5
2010-03-08,1660.0400390625,1653.5400390625,1660.280029296875,1649.6700439453125,367800,2292.31005859375,3.6059999465942383,18.719999313354492,1143.5
2010-03-09,1660.8299560546875,1657.93994140625,1661.260009765625,1653.97998046875,634700,2332.2099609375,3.7079999446868896,17.790000915527344,1131.300048828125
2010-03-10,1662.239990234375,1662.0,1662.8800048828125,1653.68994140625,500100,2340.679931640625,3.7009999752044678,17.920000076293945,1132.0
2010-03-11,1656.6199951171875,1670.8199462890625,1672.47998046875,1656.47998046875,529000,2358.949951171875,3.7200000286102295,18.56999969482422,1129.699951171875
2010-03-12,1662.739990234375,1666.5899658203125,1666.8599853515625,1653.030029296875,369500,2368.4599609375,3.7200000286102295,18.059999465942383,1131.4000244140625
2010-03-15,1649.5,1663.8599853515625,1667.43994140625,1643.510009765625,343800,2368.4599609375,3.7200000286102295,18.059999465942383,1131.4000244140625
2010-03-16,1648.010009765625,1654.52001953125,1655.27001953125,1642.8599853515625,512600,2362.2099609375,3.7039999961853027,18.0,1131.9000244140625
2010-03-17,1682.8599853515625,1663.300048828125,1682.8599853515625,1659.6400146484375,606000,2378.010009765625,3.6530001163482666,17.690000534057617,1132.199951171875
2010-03-18,1675.1700439453125,1679.2099609375,1687.699951171875,1675.0999755859375,434500,2389.090087890625,3.6419999599456787,16.90999984741211,1129.5
2010-03-19,1686.1099853515625,1682.52001953125,1687.6800537109375,1677.6199951171875,441800,2391.280029296875,3.671999931335449,16.6200008392334,1129.800048828125
2010-03-22,1672.6700439453125,1678.510009765625,1680.93994140625,1664.8800048828125,347600,2391.280029296875,3.671999931335449,16.6200008392334,1129.800048828125
2010-03-23,1681.8199462890625,1685.0699462890625,1689.4599609375,1677.9100341796875,414300,2395.39990234375,3.6630001068115234,16.8700008392334,1134.4000244140625
2010-03-24,1681.010009765625,1693.56005859375,1695.030029296875,1678.0699462890625,371500,2415.239990234375,3.680000066757202,16.350000381469727,1140.199951171875
2010-03-25,1688.3900146484375,1680.4200439453125,1688.3900146484375,1677.050048828125,389700,2398.760009765625,3.8289999961853027,17.549999237060547,1138.699951171875
2010-03-26,1697.719970703125,1683.9599609375,1699.93994140625,1680.9100341796875,397600,2397.409912109375,3.9010000228881836,18.399999618530273,1144.800048828125
2010-03-29,1691.989990234375,1681.989990234375,1699.81005859375,1681.43994140625,339600,2397.409912109375,3.9010000228881836,18.399999618530273,1144.800048828125
2010-03-30,1700.18994140625,1705.510009765625,1705.5699462890625,1693.8299560546875,321000,2404.360107421875,3.864000082015991,17.59000015258789,1133.4000244140625
2010-03-31,1692.8499755859375,1702.5799560546875,1704.81005859375,1689.9200439453125,328300,2410.68994140625,3.868000030517578,17.1299991607666,1130.0999755859375
2010-04-01,1719.1700439453125,1695.300048828125,1719.739990234375,1695.300048828125,297000,2397.9599609375,3.8329999446868896,17.59000015258789,1131.5999755859375
2010-04-02,1723.489990234375,1723.2900390625,1725.3900146484375,1715.56005859375,355100,2402.580078125,3.8589999675750732,17.469999313354492,1124.199951171875
2010-04-05,1724.989990234375,1728.27001953125,1731.0,1711.1600341796875,426900,2402.580078125,3.8589999675750732,17.469999313354492,1124.199951171875
2010-04-06,1726.0899658203125,1732.97998046875,1732.97998046875,1719.1400146484375,420900,2429.530029296875,3.99399995803833,17.020000457763672,1132.199951171875
2010-04-07,1726.5999755859375,1725.31005859375,1729.22998046875,1722.18994140625,399700,2436.81005859375,3.9679999351501465,16.229999542236328,1121.5
2010-04-08,1733.780029296875,1722.1300048828125,1733.780029296875,1719.510009765625,362600,2431.159912109375,3.86299991607666,16.6200008392334,1121.300048828125
2010-04-09,1724.469970703125,1735.0,1737.449951171875,1710.1099853515625,452500,2436.81005859375,3.8959999084472656,16.479999542236328,1122.0999755859375
2010-04-12,1710.300048828125,1730.3699951171875,1733.300048828125,1707.9200439453125,416600,2436.81005859375,3.8959999084472656,16.479999542236328,1122.0999755859375
2010-04-13,1710.5899658203125,1714.9599609375,1716.0899658203125,1699.5799560546875,369600,2457.8701171875,3.8459999561309814,15.579999923706055,1113.0
2010-04-14,1735.3299560546875,1720.4200439453125,1735.3299560546875,1720.4200439453125,431600,2465.989990234375,3.811000108718872,16.200000762939453,1120.5
2010-04-15,1743.9100341796875,1745.52001953125,1747.3800048828125,1729.5899658203125,464900,2504.860107421875,3.8550000190734863,15.59000015258789,1111.800048828125
2010-04-16,1734.489990234375,1742.239990234375,1743.6500244140625,1723.280029296875,381100,2515.68994140625,3.8480000495910645,15.890000343322754,1104.5
2010-04-19,1705.300048828125,1708.3900146484375,1720.030029296875,1700.68994140625,367600,2515.68994140625,3.8480000495910645,15.890000343322754,1104.5
2010-04-20,1718.030029296875,1715.8299560546875,1721.3599853515625,1710.1800537109375,522300,2480.110107421875,3.806999921798706,17.34000015258789,1115.0
2010-04-21,1747.5799560546875,1730.3699951171875,1748.18994140625,1729.77001953125,535000,2500.31005859375,3.805000066757202,15.729999542236328,1117.5
2010-04-22,1739.52001953125,1737.2900390625,1740.0400390625,1727.6099853515625,528100,2504.610107421875,3.73799991607666,16.31999969482422,1105.9000244140625
2010-04-23,1737.030029296875,1747.9200439453125,1748.4599609375,1732.8800048828125,463200,2519.070068359375,3.7720000743865967,16.469999313354492,1109.5999755859375
2010-04-26,1752.199951171875,1745.97998046875,1757.760009765625,1745.800048828125,420600,2519.070068359375,3.7720000743865967,16.469999313354492,1109.5999755859375
2010-04-27,1749.550048828125,1748.8399658203125,1756.1500244140625,1742.27001953125,432400,2522.949951171875,3.815000057220459,17.469999313354492,1097.699951171875
2010-04-28,1733.9100341796875,1716.1700439453125,1733.9100341796875,1714.530029296875,399800,2471.469970703125,3.690000057220459,22.809999465942383,1114.4000244140625
2010-04-29,1728.4200439453125,1738.77001953125,1738.77001953125,1720.6700439453125,446700,2471.72998046875,3.7730000019073486,21.079999923706055,1110.9000244140625
2010-04-30,1741.56005859375,1742.3199462890625,1749.68994140625,1739.81005859375,412100,2511.919921875,3.7279999256134033,18.440000534057617,1111.800048828125
2010-05-03,1721.2099609375,1735.6800537109375,1740.1500244140625,1709.81005859375,414100,2511.919921875,3.7279999256134033,18.440000534057617,1111.800048828125
2010-05-04,1718.75,1730.5699462890625,1734.469970703125,1714.1700439453125,381000,2498.739990234375,3.7049999237060547,20.190000534057617,1115.699951171875
2010-05-06,1684.7099609375,1679.7900390625,1689.1600341796875,1674.1099853515625,448600,2402.2900390625,3.549999952316284,24.90999984741211,1121.0
2010-05-07,1647.5,1632.449951171875,1658.300048828125,1625.8299560546875,456400,2319.639892578125,3.3980000019073486,32.79999923706055,1144.9000244140625
2010-05-10,1677.6300048828125,1661.6099853515625,1679.5799560546875,1654.4100341796875,383500,2319.639892578125,3.3980000019073486,32.79999923706055,1144.9000244140625
2010-05-11,1670.239990234375,1692.4000244140625,1692.4000244140625,1661.7099609375,457100,2374.669921875,3.5390000343322754,28.84000015258789,1138.5
2010-05-12,1663.030029296875,1678.7900390625,1680.1600341796875,1657.6700439453125,453200,2375.31005859375,3.5350000858306885,28.31999969482422,1141.4000244140625
2010-05-13,1694.5799560546875,1683.760009765625,1700.0,1682.9100341796875,400400,2425.02001953125,3.566999912261963,25.520000457763672,1143.0999755859375
2010-05-14,1695.6300048828125,1685.75,1699.5899658203125,1677.43994140625,432900,2394.360107421875,3.563999891281128,26.68000030517578,1108.9000244140625
2010-05-17,1651.510009765625,1668.5699462890625,1673.010009765625,1644.7099609375,402500,2394.360107421875,3.563999891281128,26.68000030517578,1108.9000244140625
2010-05-18,1643.239990234375,1662.31005859375,1663.1500244140625,1629.3499755859375,493300,2354.22998046875,3.4719998836517334,30.84000015258789,1122.300048828125
2010-05-19,1630.0799560546875,1621.3199462890625,1630.31005859375,1601.5400390625,417500,2317.260009765625,3.375999927520752,33.54999923706055,1162.0999755859375
2010-05-20,1600.1800537109375,1624.1700439453125,1640.469970703125,1591.9300537109375,358200,2298.3701171875,3.3589999675750732,35.31999969482422,1120.800048828125
2010-05-24,1604.9300537109375,1589.8299560546875,1612.9100341796875,1585.6199951171875,270800,2298.3701171875,3.3589999675750732,35.31999969482422,1120.800048828125
2010-05-25,1560.8299560546875,1585.1700439453125,1585.5999755859375,1532.6800537109375,475200,2213.550048828125,3.2269999980926514,38.31999969482422,1193.5
2010-05-26,1582.1199951171875,1575.2900390625,1582.1199951171875,1549.6500244140625,358200,2210.949951171875,3.1579999923706055,34.61000061035156,1243.5999755859375
2010-05-27,1607.5,1565.5899658203125,1611.5899658203125,1565.4000244140625,357600,2195.8798828125,3.2179999351501465,35.02000045776367,1257.4000244140625
2010-05-28,1622.780029296875,1630.1400146484375,1630.1800537109375,1606.760009765625,315900,2277.679931640625,3.3380000591278076,29.68000030517578,1225.5
2010-05-31,1641.25,1625.0799560546875,1641.25,1621.0899658203125,299400,2277.679931640625,3.3380000591278076,29.68000030517578,1225.5
2010-06-01,1630.4000244140625,1634.550048828125,1643.0799560546875,1623.4000244140625,314100,2277.679931640625,3.3380000591278076,29.68000030517578,1200.0
2010-06-03,1661.8399658203125,1643.739990234375,1663.6700439453125,1641.77001953125,308800,2281.070068359375,3.3340001106262207,30.170000076293945,1212.5
2010-06-04,1664.1300048828125,1660.989990234375,1670.93994140625,1658.52001953125,286100,2303.030029296875,3.378999948501587,29.459999084472656,1200.0999755859375
2010-06-07,1637.969970703125,1628.06005859375,1638.8800048828125,1618.5699462890625,300900,2303.030029296875,3.378999948501587,29.459999084472656,1200.0999755859375
2010-06-08,1651.47998046875,1635.010009765625,1656.3699951171875,1630.4300537109375,280300,2173.89990234375,3.184000015258789,36.56999969482422,1237.800048828125
2010-06-09,1647.219970703125,1653.1199951171875,1655.6099853515625,1638.3800048828125,315100,2170.570068359375,3.1679999828338623,33.70000076293945,1235.300048828125
2010-06-10,1651.699951171875,1651.9200439453125,1662.3199462890625,1643.7099609375,307900,2158.85009765625,3.187000036239624,33.72999954223633,1252.4000244140625
2010-06-11,1675.3399658203125,1674.6099853515625,1681.699951171875,1662.75,369400,2218.7099609375,3.319000005722046,30.56999969482422,1249.699951171875
2010-06-14,1690.5999755859375,1683.2900390625,1698.2099609375,1681.949951171875,373900,2218.7099609375,3.319000005722046,30.56999969482422,1249.699951171875
2010-06-15,1690.030029296875,1687.8499755859375,1696.739990234375,1684.52001953125,347800,2243.9599609375,3.2750000953674316,28.579999923706055,1226.4000244140625
2010-06-16,1705.3299560546875,1707.97998046875,1710.5699462890625,1694.9200439453125,380000,2305.8798828125,3.309999942779541,25.8700008392334,1228.9000244140625
2010-06-17,1707.9200439453125,1707.2900390625,1711.47998046875,1701.280029296875,369800,2305.929931640625,3.2820000648498535,25.920000076293945,1211.5999755859375
2010-06-18,1711.949951171875,1710.4000244140625,1712.3499755859375,1701.9200439453125,293700,2307.159912109375,3.190000057220459,25.049999237060547,1210.5999755859375
2010-06-21,1739.6800537109375,1728.3699951171875,1741.47998046875,1723.77001953125,391900,2307.159912109375,3.190000057220459,25.049999237060547,1210.5999755859375
2010-06-22,1731.47998046875,1727.9599609375,1734.4200439453125,1723.9599609375,404700,2289.090087890625,3.243000030517578,24.8799991607666,1180.0999755859375
2010-06-23,1725.8199462890625,1722.52001953125,1731.780029296875,1721.4100341796875,371800,2261.800048828125,3.1659998893737793,27.049999237060547,1185.5
2010-06-24,1739.8699951171875,1724.8499755859375,1739.8699951171875,1721.719970703125,313800,2254.22998046875,3.115000009536743,26.90999984741211,1178.0999755859375
2010-06-25,1729.8399658203125,1721.530029296875,1733.699951171875,1719.0799560546875,303700,2217.419921875,3.122999906539917,29.739999771118164,1190.300048828125
2010-06-28,1732.030029296875,1734.530029296875,1735.27001953125,1726.25,347000,2217.419921875,3.122999906539917,29.739999771118164,1190.300048828125
2010-06-29,1707.760009765625,1735.31005859375,1739.969970703125,1703.469970703125,381300,2220.64990234375,3.0320000648498535,29.0,1207.0
2010-06-30,1698.2900390625,1678.5400390625,1699.550048828125,1675.469970703125,341700,2135.179931640625,2.9670000076293945,34.130001068115234,1216.5999755859375
2010-07-01,1686.239990234375,1687.0,1693.9000244140625,1664.5400390625,327700,2109.239990234375,2.9509999752044678,34.540000915527344,1227.199951171875
2010-07-02,1671.8199462890625,1688.949951171875,1693.75,1667.3800048828125,344900,2101.360107421875,2.927000045776367,32.86000061035156,1223.0999755859375
2010-07-05,1675.3699951171875,1675.4300537109375,1680.3900146484375,1664.219970703125,356600,2101.360107421875,2.927000045776367,32.86000061035156,1223.0999755859375
2010-07-06,1684.93994140625,1664.8699951171875,1684.93994140625,1650.300048828125,337500,2101.360107421875,2.927000045776367,32.86000061035156,1221.5999755859375
2010-07-07,1675.6500244140625,1685.77001953125,1685.77001953125,1668.6099853515625,345700,2093.8798828125,2.931999921798706,29.649999618530273,1223.5
2010-07-08,1698.6400146484375,1699.1700439453125,1702.6500244140625,1692.9300537109375,330700,2159.469970703125,2.9800000190734863,26.84000015258789,1217.300048828125
2010-07-09,1723.010009765625,1708.719970703125,1723.1400146484375,1697.6099853515625,471800,2175.39990234375,3.0199999809265137,25.709999084472656,1205.0999755859375
2010-07-12,1734.050048828125,1731.72998046875,1734.050048828125,1724.5999755859375,345900,2175.39990234375,3.0199999809265137,25.709999084472656,1205.0999755859375
2010-07-13,1735.0799560546875,1737.9200439453125,1750.47998046875,1732.8499755859375,412100,2198.360107421875,3.0460000038146973,24.43000030517578,1201.5
2010-07-14,1758.010009765625,1754.4300537109375,1764.81005859375,1754.1199951171875,534500,2242.030029296875,3.114000082015991,24.559999465942383,1211.9000244140625
2010-07-15,1751.2900390625,1754.7099609375,1759.18994140625,1748.97998046875,392900,2249.840087890625,3.049999952316284,24.889999389648438,1176.5
2010-07-16,1738.449951171875,1751.199951171875,1754.280029296875,1736.6600341796875,376500,2249.080078125,2.9779999256134033,25.139999389648438,1198.199951171875
2010-07-19,1731.949951171875,1719.1400146484375,1737.9000244140625,1717.969970703125,282100,2249.080078125,2.9779999256134033,25.139999389648438,1198.199951171875
2010-07-20,1736.77001953125,1727.3800048828125,1740.8199462890625,1724.5999755859375,308000,2198.22998046875,2.9639999866485596,25.969999313354492,1215.4000244140625
2010-07-21,1748.780029296875,1752.68994140625,1755.6600341796875,1740.1099853515625,375900,2222.489990234375,2.931999921798706,23.93000030517578,1207.9000244140625
2010-07-22,1735.530029296875,1744.699951171875,1752.5799560546875,1732.489990234375,405200,2187.330078125,2.8919999599456787,25.639999389648438,1207.800048828125
2010-07-23,1758.06005859375,1756.3800048828125,1760.6199951171875,1745.0400390625,372800,2245.889892578125,2.931999921798706,24.6299991607666,1202.800048828125
2010-07-26,1769.0699462890625,1760.0999755859375,1774.050048828125,1758.989990234375,320600,2245.889892578125,2.931999921798706,24.6299991607666,1202.800048828125
2010-07-27,1768.31005859375,1775.469970703125,1778.719970703125,1765.4200439453125,361500,2296.429931640625,2.99399995803833,22.729999542236328,1188.699951171875
2010-07-28,1773.469970703125,1773.68994140625,1775.8199462890625,1764.5400390625,325700,2288.25,3.046999931335449,23.190000534057617,1181.0
2010-07-29,1770.8800048828125,1770.43994140625,1776.9599609375,1767.9599609375,348600,2264.56005859375,3.000999927520752,24.25,1185.4000244140625
2010-07-30,1759.3299560546875,1768.239990234375,1774.739990234375,1754.5799560546875,370900,2251.68994140625,2.999000072479248,24.1299991607666,1184.300048828125
2010-08-02,1782.27001953125,1771.3800048828125,1784.0999755859375,1767.5999755859375,332900,2251.68994140625,2.999000072479248,24.1299991607666,1184.300048828125
2010-08-03,1790.5999755859375,1796.0,1796.280029296875,1784.5699462890625,349300,2295.360107421875,2.9630000591278076,22.010000228881836,1172.199951171875
2010-08-04,1789.260009765625,1795.22998046875,1795.22998046875,1774.47998046875,335400,2283.52001953125,2.9140000343322754,22.6299991607666,1171.699951171875
2010-08-05,1783.8599853515625,1796.6300048828125,1797.4200439453125,1773.489990234375,338100,2303.570068359375,2.9519999027252197,22.209999084472656,1171.5999755859375
2010-08-06,1783.8299560546875,1782.469970703125,1785.97998046875,1769.4599609375,336300,2293.06005859375,2.9149999618530273,22.100000381469727,1167.300048828125
2010-08-09,1790.1700439453125,1779.3800048828125,1790.2099609375,1776.719970703125,290700,2293.06005859375,2.9149999618530273,22.100000381469727,1167.300048828125
2010-08-10,1781.1300048828125,1792.1199951171875,1794.550048828125,1779.5699462890625,301100,2305.68994140625,2.822000026702881,22.139999389648438,1160.0999755859375
2010-08-11,1758.18994140625,1775.3399658203125,1776.989990234375,1754.1800537109375,380400,2277.169921875,2.7809998989105225,22.3700008392334,1160.5
2010-08-12,1721.75,1731.3399658203125,1742.800048828125,1721.75,359800,2208.6298828125,2.684999942779541,25.389999389648438,1159.699951171875
2010-08-13,1746.239990234375,1731.1500244140625,1747.1099853515625,1725.239990234375,278600,2190.27001953125,2.734999895095825,25.729999542236328,1186.300048828125
2010-08-16,1743.31005859375,1735.3599853515625,1746.02001953125,1716.8599853515625,314500,2190.27001953125,2.734999895095825,25.729999542236328,1186.300048828125
2010-08-17,1755.030029296875,1737.3599853515625,1757.219970703125,1734.510009765625,427000,2181.8701171875,2.575000047683716,26.100000381469727,1182.199951171875
2010-08-18,1761.989990234375,1763.8399658203125,1765.010009765625,1753.6800537109375,371500,2209.43994140625,2.6449999809265137,24.329999923706055,1188.300048828125
2010-08-19,1779.6400146484375,1763.5999755859375,1781.0699462890625,1762.97998046875,344900,2215.699951171875,2.6410000324249268,24.59000015258789,1175.9000244140625
2010-08-20,1775.5400390625,1769.02001953125,1776.3499755859375,1765.5799560546875,362000,2178.949951171875,2.5789999961853027,26.440000534057617,1174.9000244140625
2010-08-23,1767.7099609375,1780.5899658203125,1788.7099609375,1766.77001953125,330300,2178.949951171875,2.5789999961853027,26.440000534057617,1174.9000244140625
2010-08-24,1760.530029296875,1757.0999755859375,1771.760009765625,1749.1099853515625,401700,2159.6298828125,2.6070001125335693,25.65999984741211,1180.5999755859375
2010-08-25,1734.7900390625,1745.77001953125,1753.5699462890625,1734.7900390625,346300,2123.760009765625,2.499000072479248,27.459999084472656,1183.699951171875
2010-08-26,1729.760009765625,1744.0799560546875,1744.4000244140625,1729.760009765625,303000,2141.5400390625,2.5380001068115234,26.700000762939453,1195.4000244140625
2010-08-27,1729.56005859375,1724.0,1732.8399658203125,1719.199951171875,245600,2118.68994140625,2.499000072479248,27.3700008392334,1195.0999755859375
2010-08-30,1760.1300048828125,1749.02001953125,1760.3499755859375,1746.2099609375,247400,2118.68994140625,2.499000072479248,27.3700008392334,1195.0999755859375
2010-08-31,1742.75,1746.8499755859375,1752.0699462890625,1736.22998046875,289500,2119.969970703125,2.5450000762939453,27.209999084472656,1195.5999755859375
2010-09-01,1764.68994140625,1751.9599609375,1767.2099609375,1748.300048828125,305300,2114.030029296875,2.4769999980926514,26.049999237060547,1193.0999755859375
2010-09-02,1775.72998046875,1783.219970703125,1783.8499755859375,1767.6700439453125,292800,2176.840087890625,2.5820000171661377,23.889999389648438,1199.5999755859375
2010-09-03,1780.02001953125,1780.800048828125,1786.0400390625,1774.949951171875,312000,2200.010009765625,2.628000020980835,23.190000534057617,1184.5999755859375
2010-09-06,1792.4200439453125,1791.760009765625,1794.0699462890625,1784.489990234375,328100,2200.010009765625,2.628000020980835,23.190000534057617,1184.5999755859375
2010-09-07,1787.739990234375,1792.0699462890625,1796.5,1786.3699951171875,316900,2200.010009765625,2.628000020980835,23.190000534057617,1172.0
2010-09-08,1779.219970703125,1780.47998046875,1785.47998046875,1770.780029296875,322500,2208.889892578125,2.6089999675750732,23.799999237060547,1173.0
2010-09-09,1784.3599853515625,1786.8299560546875,1790.469970703125,1775.0699462890625,367900,2228.8701171875,2.6540000438690186,23.25,1181.0
2010-09-10,1802.5799560546875,1792.75,1808.1800537109375,1791.949951171875,340700,2236.199951171875,2.760999917984009,22.809999465942383,1170.800048828125
2010-09-13,1818.8599853515625,1812.030029296875,1819.1199951171875,1807.5899658203125,386800,2236.199951171875,2.760999917984009,22.809999465942383,1170.800048828125
2010-09-14,1815.25,1824.780029296875,1827.030029296875,1810.780029296875,387000,2285.7099609375,2.740999937057495,21.209999084472656,1166.0999755859375
2010-09-15,1823.8800048828125,1817.300048828125,1827.0,1813.0899658203125,338900,2289.77001953125,2.6659998893737793,21.559999465942383,1160.4000244140625
2010-09-16,1811.8499755859375,1822.3499755859375,1824.6099853515625,1811.8499755859375,336300,2301.320068359375,2.7230000495910645,22.100000381469727,1161.0999755859375
2010-09-17,1827.3499755859375,1823.6400146484375,1828.5400390625,1812.050048828125,317400,2303.25,2.759000062942505,21.719999313354492,1157.9000244140625
2010-09-20,1832.6300048828125,1821.52001953125,1833.780029296875,1818.5999755859375,242700,2303.25,2.759000062942505,21.719999313354492,1157.9000244140625
2010-09-24,1846.5999755859375,1830.219970703125,1846.5999755859375,1825.800048828125,274200,2327.080078125,2.555000066757202,23.8700008392334,1158.5
2010-09-27,1860.8299560546875,1856.4200439453125,1862.030029296875,1851.969970703125,383600,2327.080078125,2.555000066757202,23.8700008392334,1158.5
2010-09-28,1855.969970703125,1859.0400390625,1862.719970703125,1852.52001953125,357100,2369.77001953125,2.5169999599456787,22.540000915527344,1154.199951171875
2010-09-29,1866.449951171875,1865.27001953125,1873.7900390625,1864.4300537109375,359900,2379.590087890625,2.4560000896453857,22.600000381469727,1148.5
2010-09-30,1872.81005859375,1870.2099609375,1872.81005859375,1861.1800537109375,353500,2376.56005859375,2.50600004196167,23.25,1145.699951171875
2010-10-01,1876.72998046875,1872.3900146484375,1884.0,1868.9000244140625,366200,2368.6201171875,2.5169999599456787,23.700000762939453,1139.199951171875
2010-10-04,1879.2900390625,1884.489990234375,1889.5,1875.9300537109375,392500,2368.6201171875,2.5169999599456787,23.700000762939453,1139.199951171875
2010-10-05,1878.93994140625,1874.0999755859375,1885.0,1868.8900146484375,342700,2344.52001953125,2.4790000915527344,23.530000686645508,1128.5999755859375
2010-10-06,1903.949951171875,1897.0699462890625,1905.72998046875,1894.02001953125,392100,2399.830078125,2.4739999771118164,21.760000228881836,1123.300048828125
2010-10-07,1900.8499755859375,1901.199951171875,1906.02001953125,1893.1400146484375,399000,2380.659912109375,2.3989999294281006,21.489999771118164,1129.4000244140625
2010-10-08,1897.0699462890625,1900.8599853515625,1900.8599853515625,1887.97998046875,374100,2383.669921875,2.3959999084472656,21.559999465942383,1117.300048828125
2010-10-11,1889.9100341796875,1908.550048828125,1909.010009765625,1885.0799560546875,341200,2383.669921875,2.3959999084472656,21.559999465942383,1117.300048828125
2010-10-12,1868.0400390625,1892.27001953125,1893.1300048828125,1857.9300537109375,315500,2402.330078125,2.3959999084472656,18.959999084472656,1092.5999755859375
2010-10-13,1876.1500244140625,1878.5799560546875,1881.199951171875,1866.4100341796875,318800,2417.919921875,2.421999931335449,18.93000030517578,1100.199951171875
2010-10-14,1899.760009765625,1886.6800537109375,1899.760009765625,1884.449951171875,375100,2441.22998046875,2.430999994277954,19.06999969482422,1124.0
2010-10-15,1902.2900390625,1898.8499755859375,1903.25,1893.760009765625,369300,2435.3798828125,2.494999885559082,19.8799991607666,1118.0999755859375
2010-10-18,1875.4200439453125,1904.5699462890625,1904.7900390625,1875.4200439453125,372200,2435.3798828125,2.494999885559082,19.8799991607666,1118.0999755859375
2010-10-19,1857.3199462890625,1878.97998046875,1885.22998046875,1857.3199462890625,426800,2480.659912109375,2.490999937057495,19.09000015258789,1111.5
2010-10-20,1870.43994140625,1844.4100341796875,1875.760009765625,1837.0799560546875,367900,2436.949951171875,2.4749999046325684,20.6299991607666,1119.699951171875
2010-10-21,1874.68994140625,1878.510009765625,1879.0799560546875,1858.3800048828125,414900,2457.389892578125,2.4700000286102295,19.790000915527344,1133.800048828125
2010-10-22,1897.31005859375,1882.0799560546875,1897.31005859375,1880.25,348400,2459.669921875,2.5309998989105225,19.270000457763672,1123.5999755859375
2010-10-25,1915.7099609375,1902.510009765625,1918.8699951171875,1899.0799560546875,408200,2459.669921875,2.5309998989105225,19.270000457763672,1123.5999755859375
2010-10-26,1919.4100341796875,1913.25,1919.56005859375,1909.27001953125,351900,2490.85009765625,2.553999900817871,19.850000381469727,1122.0999755859375
2010-10-27,1909.5400390625,1919.47998046875,1924.6099853515625,1902.1800537109375,392900,2497.2900390625,2.635999917984009,20.219999313354492,1117.9000244140625
2010-10-28,1907.8699951171875,1909.3800048828125,1914.8900146484375,1901.800048828125,348400,2503.260009765625,2.7119998931884766,20.709999084472656,1123.0999755859375
2010-10-29,1882.949951171875,1913.6099853515625,1913.949951171875,1875.31005859375,375800,2507.3701171875,2.6610000133514404,20.8799991607666,1132.4000244140625
2010-11-01,1914.739990234375,1889.5699462890625,1914.739990234375,1880.25,343300,2507.3701171875,2.6610000133514404,20.8799991607666,1132.4000244140625
2010-11-02,1918.0400390625,1912.280029296875,1920.2900390625,1907.1800537109375,340800,2504.840087890625,2.628000020980835,21.829999923706055,1117.199951171875
2010-11-03,1935.969970703125,1931.1300048828125,1943.22998046875,1930.1099853515625,359000,2533.52001953125,2.5940001010894775,21.56999969482422,1114.0999755859375
2010-11-04,1942.5,1941.56005859375,1945.5799560546875,1936.0400390625,324800,2540.27001953125,2.61899995803833,19.559999465942383,1111.0
2010-11-05,1938.9599609375,1962.3399658203125,1966.989990234375,1938.5699462890625,401400,2577.340087890625,2.4839999675750732,18.520000457763672,1101.699951171875
2010-11-08,1942.4100341796875,1946.760009765625,1948.43994140625,1930.2900390625,312700,2577.340087890625,2.4839999675750732,18.520000457763672,1101.699951171875
2010-11-09,1947.4599609375,1943.56005859375,1947.6600341796875,1935.3800048828125,298800,2580.050048828125,2.562999963760376,18.290000915527344,1105.199951171875
2010-11-10,1967.8499755859375,1945.72998046875,1967.8499755859375,1945.280029296875,366000,2562.97998046875,2.6589999198913574,19.079999923706055,1119.699951171875
2010-11-11,1914.72998046875,1966.5,1976.4599609375,1914.72998046875,373200,2578.780029296875,2.6480000019073486,18.469999313354492,1118.800048828125
2010-11-12,1913.1199951171875,1951.3499755859375,1958.219970703125,1899.489990234375,465500,2555.52001953125,2.6480000019073486,18.639999389648438,1105.5999755859375
2010-11-15,1913.81005859375,1918.68994140625,1925.4300537109375,1900.25,303800,2555.52001953125,2.6480000019073486,18.639999389648438,1105.5999755859375
2010-11-16,1899.1300048828125,1912.1099853515625,1916.0699462890625,1890.0,336300,2513.820068359375,2.9110000133514404,20.200000762939453,1126.5999755859375
2010-11-17,1897.1099853515625,1877.22998046875,1908.1700439453125,1875.3399658203125,293300,2469.840087890625,2.8469998836517334,22.579999923706055,1138.0999755859375
2010-11-18,1927.8599853515625,1908.3800048828125,1929.239990234375,1904.3699951171875,271400,2476.010009765625,2.864000082015991,21.760000228881836,1131.9000244140625
2010-11-19,1940.9599609375,1936.739990234375,1940.9599609375,1927.81005859375,292700,2514.39990234375,2.9019999504089355,18.75,1144.0
2010-11-22,1944.3399658203125,1947.010009765625,1954.780029296875,1939.510009765625,330600,2514.39990234375,2.9019999504089355,18.75,1144.0
2010-11-23,1928.93994140625,1938.9100341796875,1943.47998046875,1919.1500244140625,377800,2532.02001953125,2.812999963760376,18.3700008392334,1123.5999755859375
2010-11-24,1925.97998046875,1883.9200439453125,1928.449951171875,1882.52001953125,451500,2494.949951171875,2.76200008392334,20.6299991607666,1128.0
2010-11-25,1927.6800537109375,1934.969970703125,1935.5899658203125,1916.1600341796875,323400,2543.1201171875,2.9140000343322754,19.559999465942383,1163.4000244140625
2010-11-26,1901.800048828125,1932.780029296875,1936.719970703125,1893.93994140625,459200,2543.1201171875,2.9140000343322754,19.559999465942383,1147.199951171875
2010-11-29,1895.5400390625,1904.949951171875,1912.530029296875,1880.5799560546875,299800,2543.1201171875,2.9140000343322754,19.559999465942383,1147.199951171875
2010-11-30,1904.6300048828125,1889.8900146484375,1917.5699462890625,1889.8599853515625,443700,2525.219970703125,2.822000026702881,21.530000686645508,1154.9000244140625
2010-12-01,1929.3199462890625,1907.699951171875,1929.3199462890625,1904.7099609375,339200,2498.22998046875,2.796999931335449,23.540000915527344,1163.0
2010-12-02,1950.260009765625,1943.7099609375,1950.260009765625,1940.22998046875,439000,2549.429931640625,2.9639999866485596,21.360000610351562,1161.0999755859375
2010-12-03,1957.260009765625,1960.6099853515625,1960.6099853515625,1948.510009765625,438600,2579.35009765625,3.0,19.389999389648438,1151.0999755859375
2010-12-06,1953.6400146484375,1961.22998046875,1961.469970703125,1946.3499755859375,460300,2579.35009765625,3.0,19.389999389648438,1151.0999755859375
2010-12-07,1962.52001953125,1955.6300048828125,1964.6400146484375,1952.56005859375,639200,2594.919921875,2.940999984741211,18.020000457763672,1132.800048828125
2010-12-08,1955.719970703125,1960.300048828125,1970.9100341796875,1953.969970703125,496400,2598.489990234375,3.1649999618530273,17.989999771118164,1135.5999755859375
2010-12-09,1988.9599609375,1963.8800048828125,1988.9599609375,1961.6800537109375,448300,2609.159912109375,3.2360000610351562,17.739999771118164,1136.0
2010-12-10,1986.1400146484375,1984.1099853515625,1991.9599609375,1979.72998046875,373900,2616.669921875,3.2230000495910645,17.25,1141.0
2010-12-13,1996.5899658203125,1993.4200439453125,1997.3599853515625,1983.9300537109375,385600,2616.669921875,3.2230000495910645,17.25,1141.0
2010-12-14,2009.050048828125,2000.5999755859375,2009.050048828125,1996.8199462890625,396600,2624.909912109375,3.2829999923706055,17.549999237060547,1145.9000244140625
2010-12-15,2017.47998046875,2009.199951171875,2017.47998046875,2004.06005859375,490300,2627.719970703125,3.4549999237060547,17.610000610351562,1144.199951171875
2010-12-16,2009.239990234375,2009.8599853515625,2019.489990234375,2002.3299560546875,362500,2617.219970703125,3.5199999809265137,17.940000534057617,1141.300048828125
2010-12-17,2026.300048828125,2018.280029296875,2027.550048828125,2010.75,503500,2637.31005859375,3.4769999980926514,17.389999389648438,1162.0
2010-12-20,2020.280029296875,2008.1400146484375,2021.699951171875,1996.43994140625,409200,2637.31005859375,3.4769999980926514,17.389999389648438,1162.0
2010-12-21,2037.0899658203125,2035.1099853515625,2043.81005859375,2032.6600341796875,370500,2649.56005859375,3.3489999771118164,16.40999984741211,1143.0
2010-12-22,2038.1099853515625,2039.3499755859375,2045.3900146484375,2035.25,335400,2667.610107421875,3.3259999752044678,16.489999771118164,1154.5999755859375
2010-12-23,2037.530029296875,2042.4100341796875,2043.6199951171875,2028.780029296875,341100,2671.47998046875,3.3459999561309814,15.449999809265137,1158.699951171875
2010-12-24,2029.5999755859375,2040.6400146484375,2042.8900146484375,2027.9599609375,317400,2665.60009765625,3.3929998874664307,16.469999313354492,1150.699951171875
2010-12-27,2022.18994140625,2024.56005859375,2034.6199951171875,2018.75,282900,2665.60009765625,3.3929998874664307,16.469999313354492,1150.699951171875
2010-12-28,2033.3199462890625,2028.4100341796875,2041.8299560546875,2026.5699462890625,360200,2667.27001953125,3.3510000705718994,17.670000076293945,1125.5
2010-12-29,2043.489990234375,2028.5699462890625,2043.489990234375,2027.52001953125,282600,2662.8798828125,3.4809999465942383,17.520000457763672,1144.0999755859375
2010-12-30,2051.0,2047.8199462890625,2052.969970703125,2041.6600341796875,305900,2666.929931640625,3.3410000801086426,17.280000686645508,1146.5
2011-01-03,2070.080078125,2063.68994140625,2070.090087890625,2054.830078125,354100,2666.929931640625,3.3410000801086426,17.280000686645508,1146.5
2011-01-04,2085.139892578125,2074.56005859375,2085.139892578125,2069.1201171875,415900,2691.52001953125,3.3420000076293945,17.610000610351562,1122.4000244140625
2011-01-05,2082.550048828125,2083.10009765625,2087.139892578125,2076.919921875,386100,2681.25,3.3459999561309814,17.3799991607666,1124.800048828125
2011-01-06,2077.610107421875,2094.35009765625,2096.64990234375,2066.10009765625,407800,2702.199951171875,3.4830000400543213,17.020000457763672,1122.0
2011-01-07,2086.199951171875,2073.679931640625,2086.199951171875,2068.659912109375,335600,2709.889892578125,3.4189999103546143,17.399999618530273,1128.0
2011-01-10,2080.81005859375,2082.2900390625,2088.639892578125,2069.300048828125,342600,2709.889892578125,3.4189999103546143,17.399999618530273,1128.0
2011-01-11,2088.320068359375,2079.85009765625,2088.320068359375,2059.669921875,410900,2707.800048828125,3.303999900817871,17.540000915527344,1124.0
2011-01-12,2094.949951171875,2091.699951171875,2098.0,2085.989990234375,433300,2716.830078125,3.3410000801086426,16.889999389648438,1125.4000244140625
2011-01-13,2089.47998046875,2097.0400390625,2109.340087890625,2083.800048828125,424200,2737.330078125,3.3550000190734863,16.239999771118164,1124.300048828125
2011-01-14,2108.169921875,2089.699951171875,2108.169921875,2076.43994140625,424700,2735.2900390625,3.3010001182556152,16.389999389648438,1105.5999755859375
2011-01-17,2099.85009765625,2112.3701171875,2118.860107421875,2099.840087890625,428400,2735.2900390625,3.3010001182556152,16.389999389648438,1105.5999755859375
2011-01-18,2096.47998046875,2095.85009765625,2111.39990234375,2093.320068359375,454900,2735.2900390625,3.3010001182556152,16.389999389648438,1091.4000244140625
2011-01-19,2115.68994140625,2106.530029296875,2119.239990234375,2084.080078125,425500,2765.85009765625,3.364000082015991,15.869999885559082,1115.4000244140625
2011-01-20,2106.659912109375,2111.409912109375,2114.199951171875,2102.610107421875,335500,2725.360107421875,3.3369998931884766,17.309999465942383,1111.9000244140625
2011-01-21,2069.919921875,2103.739990234375,2104.389892578125,2066.820068359375,395400,2704.2900390625,3.4590001106262207,17.989999771118164,1116.0
2011-01-24,2082.159912109375,2067.320068359375,2082.969970703125,2064.0,340200,2704.2900390625,3.4590001106262207,17.989999771118164,1116.0
2011-01-25,2086.669921875,2092.27001953125,2105.330078125,2083.800048828125,421000,2717.550048828125,3.4079999923706055,17.649999618530273,1114.0999755859375
2011-01-26,2110.4599609375,2093.590087890625,2112.330078125,2092.409912109375,369400,2719.25,3.319000005722046,17.59000015258789,1120.0999755859375
2011-01-27,2115.010009765625,2115.0400390625,2121.06005859375,2108.530029296875,358900,2739.5,3.427999973297119,16.639999389648438,1117.300048828125
2011-01-28,2107.8701171875,2115.68994140625,2119.489990234375,2095.360107421875,413000,2755.280029296875,3.384999990463257,16.149999618530273,1114.5
2011-01-31,2069.72998046875,2080.60009765625,2089.719970703125,2069.72998046875,320900,2755.280029296875,3.384999990463257,16.149999618530273,1114.5
2011-02-01,2072.030029296875,2079.919921875,2086.56005859375,2071.72998046875,290800,2700.080078125,3.378000020980835,19.530000686645508,1117.4000244140625
2011-02-07,2081.739990234375,2102.760009765625,2107.830078125,2081.72998046875,285900,2700.080078125,3.378000020980835,19.530000686645508,1117.4000244140625
2011-02-08,2069.699951171875,2090.469970703125,2092.429931640625,2066.7099609375,300300,2783.989990234375,3.6440000534057617,16.280000686645508,1113.4000244140625
2011-02-09,2045.5799560546875,2077.1201171875,2077.1201171875,2037.300048828125,333200,2797.050048828125,3.7249999046325684,15.8100004196167,1099.9000244140625
2011-02-10,2008.5,2041.0699462890625,2043.0699462890625,2008.5,309800,2789.070068359375,3.6419999599456787,15.869999885559082,1104.4000244140625
2011-02-11,1977.18994140625,2010.2900390625,2021.4200439453125,1975.469970703125,317300,2790.449951171875,3.7079999446868896,16.09000015258789,1104.0
2011-02-14,2014.5899658203125,1999.0899658203125,2015.8399658203125,1986.93994140625,279500,2790.449951171875,3.7079999446868896,16.09000015258789,1104.0
2011-02-15,2010.52001953125,2018.4000244140625,2029.989990234375,2003.5799560546875,275000,2817.179931640625,3.614000082015991,15.949999809265137,1125.800048828125
2011-02-16,1989.1099853515625,2007.0799560546875,2021.68994140625,1989.1099853515625,297600,2804.35009765625,3.615999937057495,16.3700008392334,1124.800048828125
2011-02-17,1977.219970703125,2002.0,2006.5899658203125,1959.7099609375,340300,2825.56005859375,3.621000051498413,16.719999313354492,1121.0
2011-02-18,2013.1400146484375,1989.239990234375,2015.780029296875,1981.75,494000,2831.580078125,3.5739998817443848,16.59000015258789,1114.5
2011-02-21,2005.300048828125,2014.1500244140625,2014.97998046875,1991.699951171875,324200,2831.580078125,3.5739998817443848,16.59000015258789,1114.5
2011-02-22,1969.9200439453125,1978.3399658203125,1982.699951171875,1958.77001953125,346100,2831.580078125,3.5739998817443848,16.59000015258789,1107.0999755859375
2011-02-23,1961.6300048828125,1962.699951171875,1977.989990234375,1951.75,308600,2756.419921875,3.4609999656677246,20.799999237060547,1117.4000244140625
2011-02-24,1949.8800048828125,1957.6300048828125,1970.6600341796875,1945.4100341796875,281600,2722.989990234375,3.486999988555908,22.1299991607666,1126.5
2011-02-25,1963.4300537109375,1956.02001953125,1965.47998046875,1941.1500244140625,306900,2737.89990234375,3.437999963760376,21.31999969482422,1126.0999755859375
2011-02-28,1939.300048828125,1954.4000244140625,1958.5899658203125,1935.9300537109375,263900,2737.89990234375,3.437999963760376,21.31999969482422,1126.0999755859375
2011-03-02,1928.239990234375,1922.3800048828125,1940.780029296875,1921.3399658203125,207700,2737.409912109375,3.4140000343322754,21.010000228881836,1121.199951171875
2011-03-03,1970.6600341796875,1942.239990234375,1970.6600341796875,1941.22998046875,284800,2748.070068359375,3.4639999866485596,20.700000762939453,1126.0
2011-03-04,2004.6800537109375,1989.8800048828125,2008.8900146484375,1984.1500244140625,334600,2798.739990234375,3.572000026702881,18.600000381469727,1122.5
2011-03-07,1980.27001953125,1996.47998046875,2005.4300537109375,1978.1300048828125,255900,2798.739990234375,3.572000026702881,18.600000381469727,1122.5
2011-03-08,1996.3199462890625,1984.0799560546875,2007.239990234375,1974.72998046875,304800,2745.6298828125,3.496999979019165,20.65999984741211,1116.0
2011-03-09,2001.469970703125,2007.7900390625,2016.6800537109375,1991.52001953125,315400,2765.77001953125,3.5439999103546143,19.81999969482422,1118.4000244140625
2011-03-10,1981.5799560546875,1999.3800048828125,2001.27001953125,1973.8800048828125,288400,2751.719970703125,3.4690001010894775,20.219999313354492,1115.300048828125
2011-03-11,1955.5400390625,1956.3399658203125,1970.699951171875,1949.3199462890625,267200,2701.02001953125,3.3929998874664307,21.8799991607666,1115.800048828125
2011-03-14,1971.22998046875,1949.0799560546875,1971.22998046875,1928.989990234375,388600,2701.02001953125,3.3929998874664307,21.8799991607666,1115.800048828125
2011-03-15,1923.9200439453125,1966.8199462890625,1985.8199462890625,1882.0899658203125,403900,2700.969970703125,3.3469998836517334,21.1299991607666,1119.300048828125
2011-03-16,1957.969970703125,1951.6800537109375,1965.1500244140625,1931.3800048828125,284400,2667.330078125,3.322999954223633,24.31999969482422,1126.0999755859375
2011-03-17,1959.030029296875,1921.5899658203125,1961.0899658203125,1919.1300048828125,305700,2616.820068359375,3.2119998931884766,29.399999618530273,1136.199951171875
2011-03-18,1981.1300048828125,1963.1700439453125,1988.0400390625,1960.489990234375,291300,2636.050048828125,3.247999906539917,26.3700008392334,1138.5999755859375
2011-03-21,2003.4200439453125,1985.469970703125,2005.3199462890625,1985.1500244140625,292300,2636.050048828125,3.247999906539917,26.3700008392334,1138.5999755859375
2011-03-22,2013.6600341796875,2012.47998046875,2016.27001953125,2004.3599853515625,304100,2692.090087890625,3.322999954223633,20.610000610351562,1124.5999755859375
2011-03-23,2012.1800537109375,2019.1800537109375,2022.1400146484375,2005.5899658203125,312600,2683.8701171875,3.3320000171661377,20.209999084472656,1118.300048828125
2011-03-24,2036.780029296875,2022.260009765625,2036.9300537109375,2022.0799560546875,295500,2698.300048828125,3.3480000495910645,19.170000076293945,1123.5
2011-03-25,2054.0400390625,2058.35009765625,2060.2900390625,2041.719970703125,311200,2736.419921875,3.4040000438690186,18.0,1124.9000244140625
2011-03-28,2056.389892578125,2054.280029296875,2059.919921875,2043.989990234375,285400,2736.419921875,3.4040000438690186,18.0,1124.9000244140625
2011-03-29,2072.1298828125,2052.8701171875,2072.1298828125,2050.090087890625,250500,2730.679931640625,3.447999954223633,19.440000534057617,1113.4000244140625
2011-03-30,2091.3798828125,2075.909912109375,2100.199951171875,2074.260009765625,316900,2756.889892578125,3.490999937057495,18.15999984741211,1112.9000244140625
2011-03-31,2106.699951171875,2098.090087890625,2106.739990234375,2089.1201171875,317900,2776.7900390625,3.4549999237060547,17.709999084472656,1109.5999755859375
2011-04-01,2121.010009765625,2107.669921875,2121.02001953125,2101.830078125,337900,2781.070068359375,3.4539999961853027,17.739999771118164,1098.300048828125
2011-04-04,2115.8701171875,2124.3701171875,2125.530029296875,2103.820068359375,301800,2781.070068359375,3.4539999961853027,17.739999771118164,1098.300048828125
2011-04-05,2130.429931640625,2118.080078125,2130.429931640625,2107.780029296875,327700,2789.18994140625,3.430999994277954,17.5,1085.199951171875
2011-04-06,2126.7099609375,2129.1298828125,2136.2900390625,2119.659912109375,423000,2791.18994140625,3.486999988555908,17.25,1086.5
2011-04-07,2122.139892578125,2133.31005859375,2135.72998046875,2111.5400390625,382800,2799.820068359375,3.5450000762939453,16.899999618530273,1087.199951171875
2011-04-08,2127.969970703125,2119.010009765625,2135.97998046875,2118.719970703125,392800,2796.139892578125,3.555000066757202,17.110000610351562,1083.300048828125
2011-04-11,2122.389892578125,2127.199951171875,2135.330078125,2115.889892578125,316100,2796.139892578125,3.555000066757202,17.110000610351562,1083.300048828125
2011-04-12,2089.39990234375,2117.2099609375,2117.2099609375,2088.669921875,311100,2771.510009765625,3.569999933242798,16.59000015258789,1079.5999755859375
2011-04-13,2121.919921875,2091.679931640625,2121.929931640625,2081.97998046875,348100,2744.7900390625,3.5,17.09000015258789,1087.0
2011-04-14,2141.06005859375,2116.489990234375,2141.070068359375,2109.6298828125,371700,2761.52001953125,3.4660000801086426,16.920000076293945,1090.0
2011-04-15,2140.5,2136.27001953125,2142.7099609375,2126.590087890625,356700,2760.219970703125,3.484999895095825,16.270000457763672,1088.300048828125
2011-04-18,2137.719970703125,2146.830078125,2149.449951171875,2128.02001953125,358300,2760.219970703125,3.484999895095825,16.270000457763672,1088.300048828125
2011-04-19,2122.679931640625,2117.93994140625,2136.949951171875,2111.60009765625,375000,2735.3798828125,3.371000051498413,16.959999084472656,1089.300048828125
2011-04-20,2169.909912109375,2146.3798828125,2169.93994140625,2138.800048828125,374300,2744.969970703125,3.3559999465942383,15.829999923706055,1090.0999755859375
2011-04-21,2198.5400390625,2190.639892578125,2211.360107421875,2183.52001953125,416000,2802.510009765625,3.4000000953674316,15.069999694824219,1084.300048828125
2011-04-22,2197.820068359375,2203.0400390625,2208.06005859375,2190.8701171875,390800,2820.159912109375,3.4000000953674316,14.6899995803833,1076.5
2011-04-25,2216.0,2205.199951171875,2218.070068359375,2199.27001953125,354000,2820.159912109375,3.4000000953674316,14.6899995803833,1076.5
2011-04-26,2206.300048828125,2219.469970703125,2222.56005859375,2196.760009765625,439300,2825.8798828125,3.36299991607666,15.770000457763672,1080.800048828125
2011-04-27,2206.699951171875,2225.949951171875,2231.469970703125,2191.820068359375,423200,2847.5400390625,3.319999933242798,15.619999885559082,1079.300048828125
2011-04-28,2208.35009765625,2215.419921875,2225.35009765625,2194.14990234375,354900,2869.8798828125,3.368000030517578,15.350000381469727,1078.0999755859375
2011-04-29,2192.360107421875,2211.330078125,2219.60009765625,2177.800048828125,364100,2872.530029296875,3.312000036239624,14.619999885559082,1070.0
2011-05-02,2228.9599609375,2203.090087890625,2229.090087890625,2202.919921875,302500,2872.530029296875,3.312000036239624,14.619999885559082,1070.0
2011-05-03,2200.72998046875,2224.39990234375,2228.0400390625,2188.110107421875,375100,2864.080078125,3.2860000133514404,15.989999771118164,1069.5999755859375
2011-05-04,2180.639892578125,2196.89990234375,2201.68994140625,2173.2099609375,393700,2841.6201171875,3.255000114440918,16.700000762939453,1068.0
2011-05-06,2147.449951171875,2153.5,2156.81005859375,2133.969970703125,344200,2814.719970703125,3.1679999828338623,18.200000762939453,1077.699951171875
2011-05-09,2139.169921875,2157.949951171875,2161.929931640625,2136.590087890625,253900,2814.719970703125,3.1679999828338623,18.200000762939453,1077.699951171875
2011-05-11,2166.6298828125,2161.43994140625,2166.6298828125,2144.93994140625,378000,2871.889892578125,3.194999933242798,15.90999984741211,1075.0999755859375
2011-05-12,2122.64990234375,2139.239990234375,2149.419921875,2122.60009765625,382300,2845.06005859375,3.1570000648498535,16.950000762939453,1077.699951171875
2011-05-13,2120.080078125,2133.989990234375,2134.530029296875,2103.06005859375,397100,2863.0400390625,3.2300000190734863,16.030000686645508,1079.699951171875
2011-05-16,2104.179931640625,2104.669921875,2115.25,2097.159912109375,273600,2863.0400390625,3.2300000190734863,16.030000686645508,1079.699951171875
2011-05-17,2102.409912109375,2103.820068359375,2111.43994140625,2092.320068359375,300800,2782.31005859375,3.1489999294281006,18.239999771118164,1091.0
2011-05-18,2135.780029296875,2110.699951171875,2138.719970703125,2106.409912109375,260000,2783.2099609375,3.121000051498413,17.549999237060547,1095.5999755859375
2011-05-19,2095.510009765625,2141.2900390625,2143.409912109375,2092.610107421875,283400,2815.0,3.1710000038146973,16.229999542236328,1062.699951171875
2011-05-20,2111.5,2101.449951171875,2112.47998046875,2084.06005859375,282800,2823.31005859375,3.1710000038146973,15.520000457763672,1087.800048828125
2011-05-23,2055.7099609375,2100.43994140625,2100.43994140625,2055.7099609375,293000,2823.31005859375,3.1710000038146973,15.520000457763672,1087.800048828125
2011-05-24,2061.760009765625,2052.43994140625,2070.639892578125,2048.550048828125,268500,2758.89990234375,3.134000062942505,18.270000457763672,1087.0
2011-05-25,2035.8699951171875,2073.530029296875,2082.1201171875,2030.6800537109375,345000,2746.159912109375,3.122999906539917,17.81999969482422,1095.199951171875
2011-05-26,2091.909912109375,2059.929931640625,2094.35009765625,2056.489990234375,296700,2761.3798828125,3.128999948501587,17.06999969482422,1093.0999755859375
2011-05-27,2100.239990234375,2087.360107421875,2111.360107421875,2085.239990234375,272800,2782.919921875,3.061000108718872,16.09000015258789,1102.199951171875
2011-05-30,2093.7900390625,2115.27001953125,2116.1298828125,2085.75,213200,2782.919921875,3.061000108718872,16.09000015258789,1102.199951171875
2011-05-31,2142.469970703125,2104.159912109375,2146.7900390625,2102.77001953125,303300,2782.919921875,3.061000108718872,16.09000015258789,1080.4000244140625
2011-06-01,2141.340087890625,2142.669921875,2152.949951171875,2132.85009765625,294700,2835.300048828125,3.049999952316284,15.449999809265137,1075.300048828125
2011-06-02,2114.199951171875,2098.3701171875,2126.800048828125,2093.969970703125,248800,2769.18994140625,2.9660000801086426,18.299999237060547,1073.4000244140625
2011-06-03,2113.469970703125,2123.469970703125,2131.929931640625,2108.75,264100,2773.31005859375,3.0299999713897705,18.09000015258789,1082.800048828125
2011-06-07,2099.7099609375,2093.449951171875,2106.85009765625,2091.260009765625,246600,2702.56005859375,3.002000093460083,18.489999771118164,1072.800048828125
2011-06-08,2083.35009765625,2102.969970703125,2109.110107421875,2068.780029296875,281400,2701.56005859375,3.010999917984009,18.06999969482422,1081.0999755859375
2011-06-09,2071.419921875,2076.699951171875,2088.820068359375,2067.580078125,283700,2675.3798828125,2.9619998931884766,18.790000915527344,1079.9000244140625
2011-06-10,2046.6700439453125,2085.85009765625,2093.93994140625,2045.239990234375,265900,2684.8701171875,2.997999906539917,17.770000457763672,1078.199951171875
2011-06-13,2048.739990234375,2030.5400390625,2057.64990234375,2025.4200439453125,218500,2684.8701171875,2.997999906539917,17.770000457763672,1078.199951171875
2011-06-14,2076.830078125,2045.219970703125,2082.25,2040.68994140625,209500,2639.68994140625,2.990999937057495,19.610000610351562,1071.300048828125
2011-06-15,2086.530029296875,2087.9599609375,2091.0,2064.820068359375,229200,2678.719970703125,3.0989999771118164,18.260000228881836,1081.199951171875
2011-06-16,2046.6300048828125,2057.159912109375,2068.169921875,2043.81005859375,234200,2631.4599609375,2.9730000495910645,21.31999969482422,1083.4000244140625
2011-06-17,2031.9300537109375,2057.4599609375,2058.669921875,2008.8399658203125,282500,2623.699951171875,2.9089999198913574,22.729999542236328,1084.4000244140625
2011-06-20,2019.6500244140625,2034.3499755859375,2047.1199951171875,2017.52001953125,229200,2623.699951171875,2.9089999198913574,22.729999542236328,1084.4000244140625
2011-06-21,2048.169921875,2041.1500244140625,2051.18994140625,2015.8599853515625,278600,2629.659912109375,2.9630000591278076,19.989999771118164,1087.699951171875
2011-06-22,2063.89990234375,2066.909912109375,2074.4599609375,2059.360107421875,263800,2687.260009765625,2.984999895095825,18.860000610351562,1081.699951171875
2011-06-23,2055.860107421875,2048.06005859375,2064.9599609375,2048.06005859375,259600,2669.18994140625,2.993000030517578,18.520000457763672,1079.300048828125
2011-06-24,2090.81005859375,2063.919921875,2090.820068359375,2062.260009765625,294100,2686.75,2.9089999198913574,19.290000915527344,1080.300048828125
2011-06-27,2070.2900390625,2076.010009765625,2076.93994140625,2058.39990234375,246500,2686.75,2.9089999198913574,19.290000915527344,1080.300048828125
2011-06-28,2062.909912109375,2092.93994140625,2099.93994140625,2062.909912109375,328600,2688.280029296875,2.927000045776367,20.559999465942383,1079.199951171875
2011-06-29,2094.419921875,2097.8701171875,2098.949951171875,2081.7099609375,256100,2729.31005859375,3.0450000762939453,19.170000076293945,1081.9000244140625
2011-06-30,2100.68994140625,2103.590087890625,2105.469970703125,2091.090087890625,257300,2740.489990234375,3.1080000400543213,17.270000457763672,1080.5
2011-07-01,2125.739990234375,2120.030029296875,2131.669921875,2116.679931640625,273400,2773.52001953125,3.1579999923706055,16.520000457763672,1068.9000244140625
2011-07-04,2145.300048828125,2143.239990234375,2153.2900390625,2141.97998046875,290500,2773.52001953125,3.1579999923706055,16.520000457763672,1068.9000244140625
2011-07-05,2161.75,2149.39990234375,2163.3701171875,2145.8701171875,284900,2773.52001953125,3.1579999923706055,16.520000457763672,1062.5999755859375
2011-07-06,2171.18994140625,2156.93994140625,2171.18994140625,2155.330078125,275900,2825.77001953125,3.135999917984009,16.059999465942383,1060.199951171875
2011-07-07,2180.590087890625,2167.179931640625,2184.93994140625,2165.14990234375,355600,2834.02001953125,3.0950000286102295,16.34000015258789,1067.5999755859375
2011-07-08,2180.35009765625,2192.830078125,2192.830078125,2173.9599609375,323000,2872.659912109375,3.1489999294281006,15.949999809265137,1065.800048828125
2011-07-11,2157.159912109375,2167.93994140625,2171.2900390625,2151.840087890625,240700,2872.659912109375,3.1489999294281006,15.949999809265137,1065.800048828125
2011-07-12,2109.72998046875,2131.070068359375,2136.97998046875,2107.949951171875,286400,2802.6201171875,2.9170000553131104,18.389999389648438,1059.5999755859375
2011-07-13,2129.639892578125,2117.1201171875,2129.639892578125,2107.6298828125,306100,2781.909912109375,2.9079999923706055,19.8700008392334,1056.0999755859375
2011-07-14,2130.070068359375,2119.06005859375,2130.080078125,2105.239990234375,307400,2796.919921875,2.8910000324249268,19.90999984741211,1067.800048828125
2011-07-15,2145.199951171875,2123.570068359375,2145.199951171875,2123.0,272100,2762.669921875,2.944000005722046,20.799999237060547,1049.5999755859375
2011-07-18,2130.47998046875,2149.969970703125,2149.969970703125,2121.72998046875,329000,2762.669921875,2.944000005722046,20.799999237060547,1049.5999755859375
2011-07-19,2130.2099609375,2127.1298828125,2140.43994140625,2123.429931640625,303500,2765.110107421875,2.9089999198913574,20.950000762939453,1059.199951171875
2011-07-20,2154.949951171875,2158.8798828125,2164.219970703125,2149.25,373900,2826.52001953125,2.8910000324249268,19.209999084472656,1056.300048828125
2011-07-21,2145.0400390625,2153.93994140625,2155.489990234375,2135.659912109375,362300,2814.22998046875,2.933000087738037,19.09000015258789,1058.0
2011-07-22,2171.22998046875,2162.0,2171.239990234375,2153.489990234375,413000,2834.429931640625,3.009999990463257,17.559999465942383,1048.0
2011-07-25,2150.47998046875,2154.0,2158.35009765625,2146.989990234375,342000,2834.429931640625,3.009999990463257,17.559999465942383,1048.0
2011-07-26,2168.699951171875,2163.080078125,2168.699951171875,2148.219970703125,330200,2842.800048828125,3.003999948501587,19.350000381469727,1032.300048828125
2011-07-27,2174.31005859375,2152.659912109375,2174.72998046875,2151.840087890625,297100,2839.9599609375,2.9509999752044678,20.229999542236328,1052.0999755859375
2011-07-28,2155.85009765625,2138.610107421875,2160.43994140625,2138.610107421875,299500,2764.7900390625,2.9800000190734863,22.979999542236328,1048.300048828125
2011-07-29,2133.2099609375,2159.27001953125,2159.27001953125,2133.2099609375,328800,2766.25,2.9509999752044678,23.739999771118164,1052.300048828125
2011-08-01,2172.31005859375,2160.090087890625,2173.280029296875,2158.239990234375,262800,2766.25,2.9509999752044678,23.739999771118164,1052.300048828125
2011-08-02,2121.27001953125,2152.85009765625,2155.43994140625,2114.75,350300,2744.610107421875,2.740000009536743,23.65999984741211,1055.300048828125
2011-08-03,2066.260009765625,2079.18994140625,2080.760009765625,2056.530029296875,434500,2669.239990234375,2.624000072479248,24.790000915527344,1046.800048828125
2011-08-04,2018.469970703125,2067.169921875,2071.030029296875,2015.22998046875,356400,2693.070068359375,2.5989999771118164,23.3799991607666,1056.4000244140625
2011-08-05,1943.75,1937.1700439453125,1966.72998046875,1920.6700439453125,481000,2556.389892578125,2.4579999446868896,31.65999984741211,1056.9000244140625
2011-08-08,1869.449951171875,1916.5699462890625,1939.9200439453125,1800.0,571100,2556.389892578125,2.4579999446868896,31.65999984741211,1056.9000244140625
2011-08-09,1801.3499755859375,1807.8800048828125,1828.6300048828125,1684.6800537109375,685000,2357.68994140625,2.3389999866485596,48.0,1056.5
2011-08-10,1806.239990234375,1877.4000244140625,1877.4000244140625,1802.2900390625,486300,2482.52001953125,2.181999921798706,35.060001373291016,1087.699951171875
2011-08-11,1817.43994140625,1733.9200439453125,1832.47998046875,1733.9200439453125,438900,2381.050048828125,2.13700008392334,42.9900016784668,1076.699951171875
2011-08-12,1793.31005859375,1844.1300048828125,1847.1199951171875,1788.969970703125,468900,2492.679931640625,2.3359999656677246,39.0,1084.4000244140625
2011-08-16,1879.8699951171875,1850.530029296875,1879.8699951171875,1848.8199462890625,423500,2555.199951171875,2.2850000858306885,31.8700008392334,1055.199951171875
2011-08-17,1892.6700439453125,1868.8499755859375,1906.6099853515625,1868.5999755859375,431000,2523.449951171875,2.2139999866485596,32.849998474121094,1047.800048828125
2011-08-18,1860.5799560546875,1891.8199462890625,1894.93994140625,1833.3399658203125,503400,2511.47998046875,2.1649999618530273,31.579999923706055,1069.199951171875
2011-08-19,1744.8800048828125,1789.780029296875,1797.1800537109375,1744.8599853515625,503800,2380.429931640625,2.0829999446868896,42.66999816894531,1067.9000244140625
2011-08-22,1710.699951171875,1756.5899658203125,1763.6400146484375,1704.5400390625,420300,2380.429931640625,2.0829999446868896,42.66999816894531,1067.9000244140625
2011-08-23,1776.6800537109375,1735.22998046875,1781.9200439453125,1719.969970703125,428500,2345.3798828125,2.0880000591278076,42.439998626708984,1089.199951171875
2011-08-24,1754.780029296875,1788.3900146484375,1799.1099853515625,1744.0699462890625,412600,2446.06005859375,2.13700008392334,36.27000045776367,1084.5
2011-08-25,1764.5799560546875,1791.0799560546875,1803.77001953125,1762.7900390625,398200,2467.68994140625,2.259999990463257,35.900001525878906,1076.199951171875
2011-08-26,1778.949951171875,1754.3900146484375,1782.9000244140625,1754.3900146484375,311000,2419.6298828125,2.2219998836517334,39.7599983215332,1082.699951171875
2011-08-29,1829.5,1807.5999755859375,1836.6600341796875,1787.2900390625,339100,2419.6298828125,2.2219998836517334,39.7599983215332,1082.699951171875
2011-08-30,1843.8199462890625,1853.77001953125,1863.510009765625,1835.6500244140625,493200,2562.110107421875,2.2709999084472656,32.279998779296875,1076.5999755859375
2011-08-31,1880.1099853515625,1846.8900146484375,1880.1099853515625,1837.8199462890625,410400,2576.110107421875,2.1760001182556152,32.88999938964844,1072.199951171875
2011-09-01,1880.699951171875,1887.2099609375,1928.4000244140625,1877.4000244140625,500400,2579.4599609375,2.2179999351501465,31.6200008392334,1071.800048828125
2011-09-02,1867.75,1872.6199951171875,1890.8599853515625,1853.699951171875,442600,2546.0400390625,2.1459999084472656,31.81999969482422,1065.800048828125
2011-09-05,1785.8299560546875,1829.300048828125,1829.75,1785.8199462890625,414000,2546.0400390625,2.1459999084472656,31.81999969482422,1065.800048828125
2011-09-06,1766.7099609375,1752.97998046875,1790.469970703125,1744.030029296875,505300,2546.0400390625,2.1459999084472656,31.81999969482422,1067.800048828125
2011-09-07,1833.4599609375,1811.5999755859375,1833.5400390625,1798.7900390625,417900,2473.830078125,1.9789999723434448,37.0,1071.800048828125
2011-09-08,1846.6400146484375,1858.050048828125,1858.050048828125,1826.43994140625,416700,2548.93994140625,2.0360000133514404,33.380001068115234,1076.0
2011-09-09,1812.9300537109375,1817.0999755859375,1847.050048828125,1812.9000244140625,331900,2529.139892578125,1.9859999418258667,34.31999969482422,1067.9000244140625
2011-09-14,1749.1600341796875,1804.0899658203125,1807.469970703125,1743.780029296875,339700,2532.14990234375,1.99399995803833,36.90999984741211,1074.300048828125
2011-09-15,1774.0799560546875,1797.1800537109375,1806.6300048828125,1742.9100341796875,392100,2572.550048828125,2.010999917984009,34.599998474121094,1075.800048828125
2011-09-16,1840.0999755859375,1819.449951171875,1844.52001953125,1807.6199951171875,430100,2607.070068359375,2.0850000381469727,31.969999313354492,1104.300048828125
2011-09-19,1820.93994140625,1818.9000244140625,1839.8199462890625,1813.0999755859375,335600,2607.070068359375,2.0850000381469727,31.969999313354492,1104.300048828125
2011-09-20,1837.969970703125,1819.8399658203125,1840.72998046875,1793.75,321200,2612.830078125,1.940000057220459,32.72999954223633,1117.5
2011-09-21,1854.280029296875,1842.1700439453125,1869.77001953125,1831.949951171875,297600,2590.239990234375,1.9470000267028809,32.86000061035156,1141.699951171875
2011-09-22,1800.550048828125,1807.239990234375,1819.81005859375,1785.68994140625,295400,2538.18994140625,1.875,37.31999969482422,1140.300048828125
2011-09-23,1697.43994140625,1736.3800048828125,1743.489990234375,1697.3900146484375,411800,2455.669921875,1.715000033378601,41.349998474121094,1164.0
2011-09-26,1652.7099609375,1720.5,1721.030029296875,1644.1099853515625,424300,2455.669921875,1.715000033378601,41.349998474121094,1164.0
2011-09-27,1735.7099609375,1704.25,1735.7099609375,1695.050048828125,339800,2516.68994140625,1.9040000438690186,39.02000045776367,1161.5999755859375
2011-09-28,1723.0899658203125,1751.0400390625,1762.6700439453125,1723.0799560546875,344400,2546.830078125,2.0160000324249268,37.709999084472656,1180.5999755859375
2011-09-29,1769.2900390625,1713.0999755859375,1769.75,1706.9000244140625,373900,2491.580078125,2.002000093460083,41.08000183105469,1166.5
2011-09-30,1769.6500244140625,1759.52001953125,1774.2900390625,1742.8900146484375,354200,2480.760009765625,1.9570000171661377,38.84000015258789,1179.699951171875
2011-10-05,1666.52001953125,1718.52001953125,1718.52001953125,1659.31005859375,336300,2404.820068359375,1.781000018119812,40.81999969482422,1187.199951171875
2011-10-06,1710.3199462890625,1714.8399658203125,1733.699951171875,1707.77001953125,352600,2460.510009765625,1.9049999713897705,37.810001373291016,1152.5
2011-10-07,1759.77001953125,1751.550048828125,1765.4300537109375,1747.4200439453125,334700,2506.820068359375,1.9859999418258667,36.27000045776367,1184.9000244140625
2011-10-10,1766.43994140625,1763.300048828125,1783.3699951171875,1761.6800537109375,274600,2506.820068359375,1.9859999418258667,36.27000045776367,1184.9000244140625
2011-10-11,1795.02001953125,1810.3599853515625,1811.1400146484375,1792.780029296875,400000,2566.050048828125,2.0759999752044678,33.02000045776367,1163.800048828125
2011-10-12,1809.5,1789.6500244140625,1810.510009765625,1778.969970703125,355300,2583.030029296875,2.1600000858306885,32.86000061035156,1170.9000244140625
2011-10-13,1823.0999755859375,1831.949951171875,1837.489990234375,1823.0999755859375,431600,2604.72998046875,2.2260000705718994,31.260000228881836,1171.800048828125
2011-10-14,1835.4000244140625,1816.18994140625,1839.18994140625,1803.4200439453125,349000,2620.239990234375,2.1689999103546143,30.700000762939453,1165.300048828125
2011-10-17,1865.1800537109375,1855.719970703125,1865.1800537109375,1845.4300537109375,367700,2620.239990234375,2.1689999103546143,30.700000762939453,1165.300048828125
2011-10-18,1838.9000244140625,1826.43994140625,1845.1800537109375,1822.9100341796875,323500,2614.919921875,2.1549999713897705,33.38999938964844,1153.800048828125
2011-10-19,1855.9200439453125,1851.8399658203125,1855.9300537109375,1834.3800048828125,340000,2657.429931640625,2.1510000228881836,31.559999465942383,1150.4000244140625
2011-10-20,1805.0899658203125,1857.4599609375,1870.5,1804.1099853515625,349100,2604.0400390625,2.1589999198913574,34.439998626708984,1147.5
2011-10-21,1838.3800048828125,1831.8900146484375,1843.510009765625,1809.4200439453125,355200,2598.6201171875,2.180000066757202,34.779998779296875,1133.5999755859375
2011-10-24,1898.3199462890625,1858.260009765625,1898.3199462890625,1858.22998046875,373900,2598.6201171875,2.180000066757202,34.779998779296875,1133.5999755859375
2011-10-25,1888.6500244140625,1900.989990234375,1905.780029296875,1883.6800537109375,354800,2699.43994140625,2.2339999675750732,29.260000228881836,1148.4000244140625
2011-10-26,1894.31005859375,1871.68994140625,1896.02001953125,1864.989990234375,384800,2638.419921875,2.128000020980835,32.220001220703125,1132.800048828125
2011-10-27,1922.0400390625,1906.1600341796875,1923.97998046875,1891.22998046875,418300,2650.669921875,2.203000068664551,29.860000610351562,1131.0999755859375
2011-10-28,1929.47998046875,1961.0899658203125,1963.739990234375,1920.81005859375,508800,2738.6298828125,2.3949999809265137,25.459999084472656,1130.699951171875
2011-10-31,1909.030029296875,1922.31005859375,1941.3199462890625,1902.0400390625,393700,2738.6298828125,2.3949999809265137,25.459999084472656,1130.699951171875
2011-11-01,1909.6300048828125,1891.219970703125,1925.0799560546875,1891.219970703125,353600,2684.409912109375,2.174999952316284,29.959999084472656,1104.0
2011-11-02,1898.010009765625,1870.510009765625,1899.3499755859375,1859.8299560546875,389600,2606.9599609375,2.000999927520752,34.77000045776367,1116.9000244140625
2011-11-03,1869.9599609375,1895.1400146484375,1895.1400146484375,1863.5699462890625,436400,2639.97998046875,2.00600004196167,32.7400016784668,1123.699951171875
2011-11-04,1928.4100341796875,1911.56005859375,1929.010009765625,1906.3299560546875,466600,2697.969970703125,2.065999984741211,30.5,1124.800048828125
2011-11-07,1919.0999755859375,1932.949951171875,1932.949951171875,1915.3800048828125,349700,2697.969970703125,2.065999984741211,30.5,1124.800048828125
2011-11-08,1903.1400146484375,1927.8900146484375,1928.0699462890625,1900.0899658203125,403200,2695.25,1.99399995803833,29.850000381469727,1106.4000244140625
2011-11-09,1907.530029296875,1925.8599853515625,1929.6500244140625,1897.469970703125,434600,2727.489990234375,2.065000057220459,27.479999542236328,1115.699951171875
2011-11-10,1813.25,1860.9599609375,1862.27001953125,1813.25,401900,2621.64990234375,1.9550000429153442,36.15999984741211,1113.9000244140625
2011-11-11,1863.449951171875,1840.97998046875,1863.4599609375,1823.8699951171875,296900,2625.14990234375,2.055999994277954,32.810001373291016,1123.5
2011-11-14,1902.81005859375,1889.3299560546875,1907.6199951171875,1889.3299560546875,327300,2625.14990234375,2.055999994277954,32.810001373291016,1123.5
2011-11-15,1886.1199951171875,1888.6700439453125,1900.5799560546875,1878.4200439453125,361400,2657.219970703125,2.0429999828338623,31.1299991607666,1124.9000244140625
2011-11-16,1856.0699462890625,1898.1400146484375,1911.3299560546875,1853.1300048828125,407800,2686.199951171875,2.056999921798706,31.219999313354492,1125.5
2011-11-17,1876.6700439453125,1862.8699951171875,1876.8800048828125,1835.72998046875,353100,2639.610107421875,2.0239999294281006,33.5099983215332,1129.5
2011-11-18,1839.1700439453125,1839.6300048828125,1850.0400390625,1832.1700439453125,337100,2587.989990234375,1.9579999446868896,34.5099983215332,1139.0
2011-11-21,1820.030029296875,1833.9000244140625,1833.9000244140625,1811.68994140625,299700,2587.989990234375,1.9579999446868896,34.5099983215332,1139.0
2011-11-22,1826.280029296875,1798.4100341796875,1830.8399658203125,1797.9300537109375,271100,2523.139892578125,1.9620000123977661,32.90999984741211,1137.4000244140625
2011-11-23,1783.0999755859375,1820.8599853515625,1820.8599853515625,1780.239990234375,411200,2521.280029296875,1.9390000104904175,31.969999313354492,1146.199951171875
2011-11-24,1795.06005859375,1775.8199462890625,1800.010009765625,1769.4300537109375,280400,2460.080078125,1.878999948501587,33.97999954223633,1144.800048828125
2011-11-25,1776.4000244140625,1780.06005859375,1790.81005859375,1766.72998046875,306400,2460.080078125,1.878999948501587,33.97999954223633,1159.5999755859375
2011-11-28,1815.280029296875,1804.800048828125,1816.6500244140625,1795.3900146484375,277700,2460.080078125,1.878999948501587,33.97999954223633,1159.5999755859375
2011-11-29,1856.52001953125,1828.300048828125,1856.760009765625,1823.9300537109375,329500,2527.340087890625,1.9579999446868896,32.130001068115234,1155.5999755859375
2011-11-30,1847.510009765625,1847.1700439453125,1858.0999755859375,1838.699951171875,334600,2515.510009765625,1.996000051498413,30.639999389648438,1128.0
2011-12-01,1916.1800537109375,1911.5,1926.3299560546875,1908.3299560546875,500500,2620.340087890625,2.068000078201294,27.799999237060547,1140.300048828125
2011-12-02,1916.0400390625,1914.4100341796875,1920.6400146484375,1905.68994140625,389300,2626.199951171875,2.117000102996826,27.40999984741211,1140.199951171875
2011-12-05,1922.9000244140625,1928.4599609375,1929.1800537109375,1911.6099853515625,330200,2626.199951171875,2.117000102996826,27.40999984741211,1140.199951171875
2011-12-06,1902.8199462890625,1914.489990234375,1920.699951171875,1892.010009765625,383400,2655.760009765625,2.053999900817871,27.84000015258789,1124.5999755859375
2011-12-07,1919.4200439453125,1914.5,1921.52001953125,1904.52001953125,402800,2649.56005859375,2.0929999351501465,28.1299991607666,1130.5
2011-12-08,1912.3900146484375,1911.0699462890625,1925.56005859375,1898.3399658203125,426900,2649.2099609375,2.0169999599456787,28.670000076293945,1127.0
2011-12-09,1874.75,1883.8599853515625,1894.5899658203125,1872.6700439453125,372800,2596.3798828125,1.972000002861023,30.59000015258789,1127.0999755859375
2011-12-12,1899.760009765625,1902.75,1903.18994140625,1890.1800537109375,409600,2596.3798828125,1.972000002861023,30.59000015258789,1127.0999755859375
2011-12-13,1864.06005859375,1877.4000244140625,1880.4000244140625,1863.77001953125,450100,2612.260009765625,2.009000062942505,25.670000076293945,1145.5999755859375
2011-12-14,1857.75,1852.199951171875,1864.7900390625,1851.8900146484375,401900,2579.27001953125,1.9620000123977661,25.40999984741211,1134.5
2011-12-15,1819.1099853515625,1834.8199462890625,1840.93994140625,1817.6099853515625,409600,2539.31005859375,1.9010000228881836,26.040000915527344,1163.300048828125
2011-12-16,1839.9599609375,1827.8299560546875,1842.93994140625,1823.6800537109375,490000,2541.010009765625,1.9129999876022339,25.110000610351562,1156.699951171875
2011-12-19,1776.9300537109375,1829.489990234375,1829.489990234375,1750.5999755859375,684300,2541.010009765625,1.9129999876022339,25.110000610351562,1156.699951171875
2011-12-20,1793.06005859375,1791.6199951171875,1797.5899658203125,1780.0999755859375,389800,2523.139892578125,1.812999963760376,24.920000076293945,1156.5
2011-12-21,1848.4100341796875,1837.989990234375,1850.6700439453125,1831.260009765625,516900,2603.72998046875,1.9249999523162842,23.219999313354492,1175.800048828125
2011-12-22,1847.489990234375,1841.22998046875,1847.489990234375,1835.9100341796875,406400,2577.969970703125,1.9670000076293945,21.43000030517578,1155.5
2011-12-23,1867.219970703125,1861.0699462890625,1872.31005859375,1859.4000244140625,466300,2599.449951171875,1.9509999752044678,21.15999984741211,1150.0
2011-12-26,1856.699951171875,1873.0699462890625,1873.7900390625,1851.989990234375,434700,2599.449951171875,1.9509999752044678,21.15999984741211,1150.0
2011-12-27,1842.02001953125,1856.780029296875,1864.7099609375,1813.47998046875,529900,2599.449951171875,1.9509999752044678,21.15999984741211,1148.0
2011-12-28,1825.1199951171875,1833.260009765625,1833.260009765625,1817.969970703125,378700,2625.199951171875,2.009000062942505,21.90999984741211,1147.5
2011-12-29,1825.739990234375,1815.6300048828125,1835.18994140625,1806.8800048828125,344600,2589.97998046875,1.9079999923706055,23.520000457763672,1155.5
2012-01-02,1826.3699951171875,1831.68994140625,1837.81005859375,1814.550048828125,323400,2589.97998046875,1.9079999923706055,23.520000457763672,1155.5
2012-01-03,1875.4100341796875,1846.56005859375,1875.4100341796875,1846.56005859375,443500,2589.97998046875,1.9079999923706055,23.520000457763672,1159.4000244140625
2012-01-04,1866.219970703125,1883.47998046875,1884.68994140625,1866.219970703125,494500,2648.719970703125,1.9600000381469727,22.969999313354492,1152.5999755859375
2012-01-05,1863.739990234375,1869.4200439453125,1875.969970703125,1860.5699462890625,533800,2648.360107421875,1.9950000047683716,22.219999313354492,1144.800048828125
2012-01-06,1843.1400146484375,1867.1199951171875,1867.1199951171875,1824.2900390625,472700,2669.860107421875,1.9930000305175781,21.479999542236328,1147.199951171875
2012-01-09,1826.489990234375,1832.0400390625,1832.0400390625,1810.47998046875,395500,2669.860107421875,1.9930000305175781,21.479999542236328,1147.199951171875
2012-01-10,1853.219970703125,1841.1300048828125,1859.550048828125,1840.469970703125,388600,2676.56005859375,1.9600000381469727,21.06999969482422,1163.5999755859375
2012-01-11,1845.550048828125,1857.5400390625,1857.8199462890625,1843.1199951171875,448000,2702.5,1.972000002861023,20.690000534057617,1156.199951171875
2012-01-12,1864.5699462890625,1853.0999755859375,1864.5699462890625,1837.9599609375,476300,2710.760009765625,1.9040000438690186,21.049999237060547,1156.0999755859375
2012-01-13,1875.6800537109375,1865.719970703125,1881.8399658203125,1861.530029296875,475000,2724.699951171875,1.9329999685287476,20.469999313354492,1155.800048828125
2012-01-16,1859.27001953125,1860.77001953125,1863.3199462890625,1843.8599853515625,391900,2724.699951171875,1.9329999685287476,20.469999313354492,1155.800048828125
2012-01-17,1892.739990234375,1878.1600341796875,1892.760009765625,1878.1600341796875,432000,2724.699951171875,1.9329999685287476,20.469999313354492,1153.5
2012-01-18,1892.3900146484375,1891.1700439453125,1898.699951171875,1884.3299560546875,428000,2728.080078125,1.850000023841858,22.200000762939453,1151.5999755859375
2012-01-19,1914.969970703125,1912.4300537109375,1914.97998046875,1902.02001953125,374400,2769.7099609375,1.8969999551773071,20.889999389648438,1142.4000244140625
2012-01-20,1949.8900146484375,1922.1300048828125,1952.0899658203125,1922.1300048828125,404800,2788.330078125,1.972000002861023,19.8700008392334,1135.0999755859375
2012-01-25,1952.22998046875,1947.739990234375,1973.3499755859375,1945.1400146484375,375900,2786.639892578125,2.063999891281128,18.90999984741211,1126.0
2012-01-26,1957.1800537109375,1959.18994140625,1962.7099609375,1949.510009765625,408000,2818.31005859375,2.006999969482422,18.309999465942383,1127.300048828125
2012-01-27,1964.8299560546875,1960.699951171875,1966.199951171875,1949.4599609375,448900,2805.280029296875,1.930999994277954,18.56999969482422,1117.699951171875
2012-01-30,1940.550048828125,1956.6300048828125,1961.5999755859375,1936.1400146484375,411700,2805.280029296875,1.930999994277954,18.56999969482422,1117.699951171875
2012-01-31,1955.7900390625,1943.25,1960.43994140625,1936.6800537109375,469200,2811.93994140625,1.8370000123977661,19.399999618530273,1118.5
2012-02-01,1959.239990234375,1948.5699462890625,1969.800048828125,1947.4599609375,501100,2813.840087890625,1.7990000247955322,19.440000534057617,1125.699951171875
2012-02-02,1984.300048828125,1982.22998046875,1993.8800048828125,1977.3199462890625,641000,2848.27001953125,1.8459999561309814,18.549999237060547,1123.0
2012-02-03,1972.3399658203125,1982.239990234375,1982.6199951171875,1961.949951171875,535900,2859.679931640625,1.8250000476837158,17.979999542236328,1125.4000244140625
2012-02-06,1973.1300048828125,1994.2099609375,1996.050048828125,1964.77001953125,523200,2859.679931640625,1.8250000476837158,17.979999542236328,1125.4000244140625
2012-02-07,1981.5899658203125,1976.77001953125,1983.8199462890625,1971.3299560546875,539400,2901.989990234375,1.9010000228881836,17.760000228881836,1114.199951171875
2012-02-08,2003.72998046875,1985.2099609375,2003.72998046875,1982.989990234375,587900,2904.080078125,1.965999960899353,17.649999618530273,1119.199951171875
2012-02-09,2014.6199951171875,1998.199951171875,2014.6199951171875,1978.510009765625,557600,2915.860107421875,1.975000023841858,18.15999984741211,1116.199951171875
2012-02-10,1993.7099609375,2010.0400390625,2011.52001953125,1986.9599609375,696700,2927.22998046875,2.046999931335449,18.6299991607666,1116.5
2012-02-13,2005.739990234375,2000.6600341796875,2010.6600341796875,1991.280029296875,452800,2927.22998046875,2.046999931335449,18.6299991607666,1116.5
2012-02-14,2002.6400146484375,1999.530029296875,2008.6500244140625,1995.5999755859375,515900,2931.389892578125,1.9900000095367432,19.040000915527344,1119.0999755859375
2012-02-15,2025.3199462890625,2012.0,2026.75,2009.6800537109375,681500,2931.830078125,1.9240000247955322,19.540000915527344,1119.5
2012-02-16,1997.449951171875,2005.3699951171875,2012.43994140625,1995.989990234375,696700,2915.830078125,1.930999994277954,21.139999389648438,1125.5
2012-02-17,2023.469970703125,2025.56005859375,2031.4000244140625,2019.7900390625,731100,2959.85009765625,1.9930000305175781,19.219999313354492,1123.699951171875
2012-02-20,2024.9000244140625,2041.510009765625,2047.4300537109375,2024.5899658203125,733900,2959.85009765625,1.9930000305175781,19.219999313354492,1123.699951171875
2012-02-21,2024.239990234375,2022.050048828125,2030.4599609375,2007.4599609375,709000,2959.85009765625,1.9930000305175781,19.219999313354492,1119.0
2012-02-22,2028.6500244140625,2018.0699462890625,2028.9300537109375,2015.300048828125,883700,2948.570068359375,2.0450000762939453,18.190000534057617,1120.699951171875
2012-02-23,2007.800048828125,2016.4599609375,2016.4599609375,2001.25,690100,2933.169921875,2.005000114440918,18.190000534057617,1123.300048828125
2012-02-24,2019.8900146484375,2010.5999755859375,2019.9000244140625,1998.3900146484375,717900,2956.97998046875,1.9839999675750732,16.799999237060547,1127.0999755859375
2012-02-27,1991.1600341796875,2013.6099853515625,2013.68994140625,1987.739990234375,636000,2956.97998046875,1.9839999675750732,16.799999237060547,1127.0999755859375
2012-02-28,2003.68994140625,1995.9300537109375,2006.260009765625,1992.6600341796875,607900,2966.159912109375,1.9220000505447388,18.190000534057617,1121.9000244140625
2012-02-29,2030.25,2015.3800048828125,2033.6300048828125,2015.3800048828125,562600,2986.760009765625,1.9290000200271606,17.959999084472656,1125.199951171875
2012-03-02,2034.6300048828125,2041.52001953125,2046.8199462890625,2033.5,483200,2988.969970703125,2.0369999408721924,17.260000228881836,1118.5999755859375
2012-03-05,2016.06005859375,2028.969970703125,2030.5699462890625,2011.5,548000,2988.969970703125,2.0369999408721924,17.260000228881836,1118.5999755859375
2012-03-06,2000.3599853515625,2019.280029296875,2023.8299560546875,1988.8599853515625,554700,2950.47998046875,2.005000114440918,18.049999237060547,1095.699951171875
2012-03-07,1982.1500244140625,1968.719970703125,1987.969970703125,1966.68994140625,511300,2910.320068359375,1.944000005722046,20.8700008392334,1117.5
2012-03-08,2000.760009765625,1989.300048828125,2004.719970703125,1978.7900390625,456100,2935.68994140625,1.972000002861023,19.06999969482422,1122.800048828125
2012-03-09,2018.300048828125,2017.6700439453125,2022.949951171875,2001.6700439453125,416400,2970.419921875,2.0139999389648438,17.950000762939453,1122.0
2012-03-12,2002.5,2018.72998046875,2019.1400146484375,2001.5,375500,2970.419921875,2.0139999389648438,17.950000762939453,1122.0
2012-03-13,2025.0400390625,2012.9100341796875,2028.97998046875,2012.9100341796875,448900,2983.659912109375,2.0309998989105225,15.640000343322754,1115.699951171875
2012-03-14,2045.0799560546875,2050.5,2057.280029296875,2045.0799560546875,541100,3039.8798828125,2.1070001125335693,14.800000190734863,1122.800048828125
2012-03-15,2043.760009765625,2044.010009765625,2050.47998046875,2038.5999755859375,476100,3040.72998046875,2.2739999294281006,15.3100004196167,1122.0999755859375
2012-03-16,2034.43994140625,2054.6298828125,2054.989990234375,2034.2099609375,464200,3056.3701171875,2.2809998989105225,15.420000076293945,1131.800048828125
2012-03-19,2047.0,2040.0699462890625,2050.8701171875,2036.3499755859375,555800,3056.3701171875,2.2809998989105225,15.420000076293945,1131.800048828125
2012-03-20,2042.1500244140625,2046.3800048828125,2055.340087890625,2035.260009765625,540300,3078.320068359375,2.378999948501587,15.039999961853027,1124.5
2012-03-21,2027.22998046875,2031.5799560546875,2039.800048828125,2022.969970703125,517100,3074.14990234375,2.371999979019165,15.579999923706055,1119.0999755859375
2012-03-22,2026.1199951171875,2026.75,2031.4200439453125,2017.9300537109375,541700,3075.320068359375,2.2939999103546143,15.130000114440918,1126.5999755859375
2012-03-23,2026.8299560546875,2015.0699462890625,2029.77001953125,2013.719970703125,506800,3063.320068359375,2.2750000953674316,15.569999694824219,1129.199951171875
2012-03-26,2019.18994140625,2035.1700439453125,2041.050048828125,2012.8599853515625,437000,3063.320068359375,2.2750000953674316,15.569999694824219,1129.199951171875
2012-03-27,2039.760009765625,2042.469970703125,2043.75,2028.3900146484375,606400,3122.570068359375,2.24399995803833,14.260000228881836,1107.9000244140625
2012-03-28,2031.739990234375,2034.3499755859375,2038.449951171875,2028.1099853515625,533800,3120.35009765625,2.187000036239624,15.59000015258789,1132.0999755859375
2012-03-29,2014.4100341796875,2019.4100341796875,2025.22998046875,2004.93994140625,470300,3104.9599609375,2.196000099182129,15.470000267028809,1135.300048828125
2012-03-30,2014.0400390625,2011.5,2018.0899658203125,2002.6099853515625,449900,3095.360107421875,2.1589999198913574,15.479999542236328,1136.199951171875
2012-04-02,2029.2900390625,2022.4200439453125,2031.7900390625,2015.719970703125,409900,3095.360107421875,2.1589999198913574,15.479999542236328,1136.199951171875
2012-04-03,2049.280029296875,2040.81005859375,2051.800048828125,2038.52001953125,593300,3119.699951171875,2.193000078201294,15.640000343322754,1129.5999755859375
2012-04-04,2018.6099853515625,2046.9000244140625,2048.110107421875,2015.5699462890625,621500,3113.570068359375,2.2839999198913574,15.65999984741211,1124.699951171875
2012-04-05,2028.77001953125,2006.27001953125,2030.68994140625,1997.1199951171875,549300,3068.090087890625,2.243000030517578,16.440000534057617,1125.4000244140625
2012-04-06,2029.030029296875,2026.3199462890625,2033.489990234375,2022.81005859375,536300,3080.5,2.174999952316284,16.700000762939453,1130.0
2012-04-09,1997.0799560546875,2008.030029296875,2009.3599853515625,1995.800048828125,466700,3080.5,2.174999952316284,16.700000762939453,1130.0
2012-04-10,1994.4100341796875,2000.77001953125,2011.27001953125,1990.1300048828125,543700,3047.080078125,2.0369999408721924,18.809999465942383,1127.699951171875
2012-04-12,1986.6300048828125,1985.1600341796875,1986.6300048828125,1969.0899658203125,391500,3016.4599609375,2.0280001163482666,20.020000457763672,1138.4000244140625
2012-04-13,2008.9100341796875,2001.7099609375,2011.3699951171875,1996.22998046875,495300,3055.550048828125,2.0490000247955322,17.200000762939453,1142.5999755859375
2012-04-16,1992.6300048828125,1985.280029296875,1998.3499755859375,1982.9300537109375,452500,3055.550048828125,2.0490000247955322,17.200000762939453,1142.5999755859375
2012-04-17,1985.300048828125,1995.3299560546875,1999.5,1982.43994140625,445700,2988.39990234375,1.9739999771118164,19.549999237060547,1119.9000244140625
2012-04-18,2004.530029296875,2014.22998046875,2014.949951171875,2001.5899658203125,382900,3042.820068359375,2.009000062942505,18.459999084472656,1134.800048828125
2012-04-19,1999.8599853515625,2000.4000244140625,2008.8199462890625,1994.6099853515625,412100,3031.449951171875,1.9819999933242798,18.639999389648438,1133.0999755859375
2012-04-20,1974.6500244140625,1988.219970703125,1988.219970703125,1970.5400390625,518700,3007.56005859375,1.9520000219345093,18.360000610351562,1139.5999755859375
2012-04-23,1972.6300048828125,1971.3900146484375,1980.93994140625,1964.1199951171875,585200,3007.56005859375,1.9520000219345093,18.360000610351562,1139.5999755859375
2012-04-24,1963.4200439453125,1956.75,1972.239990234375,1954.010009765625,630800,2970.449951171875,1.9329999685287476,18.969999313354492,1138.9000244140625
2012-04-25,1961.97998046875,1980.510009765625,1980.510009765625,1961.969970703125,681800,2961.60009765625,1.9609999656677246,18.100000381469727,1140.5999755859375
2012-04-26,1964.0400390625,1976.8199462890625,1979.4300537109375,1955.050048828125,607400,3029.6298828125,1.9839999675750732,16.81999969482422,1138.300048828125
2012-04-27,1975.3499755859375,1972.050048828125,1983.260009765625,1967.8399658203125,484700,3050.610107421875,1.9589999914169312,16.239999771118164,1136.9000244140625
2012-04-30,1981.989990234375,1989.52001953125,1991.1199951171875,1975.4599609375,837900,3050.610107421875,1.9589999914169312,16.239999771118164,1136.9000244140625
2012-05-02,1999.0699462890625,1994.1700439453125,2001.1099853515625,1989.550048828125,653000,3050.43994140625,1.9559999704360962,16.600000381469727,1129.0
2012-05-03,1995.1099853515625,1995.780029296875,1998.9000244140625,1990.449951171875,685800,3059.85009765625,1.9220000505447388,16.8799991607666,1129.0999755859375
2012-05-04,1989.1500244140625,1987.030029296875,1992.0999755859375,1981.5799560546875,608800,3024.300048828125,1.9240000247955322,17.559999465942383,1129.4000244140625
2012-05-07,1956.43994140625,1956.06005859375,1960.510009765625,1952.4200439453125,533700,3024.300048828125,1.9240000247955322,17.559999465942383,1129.4000244140625
2012-05-08,1967.010009765625,1967.280029296875,1969.6400146484375,1961.43994140625,492700,2957.760009765625,1.8769999742507935,18.940000534057617,1120.300048828125
2012-05-09,1950.2900390625,1958.31005859375,1962.0400390625,1945.31005859375,468000,2946.27001953125,1.8370000123977661,19.049999237060547,1137.5
2012-05-10,1944.9300537109375,1944.800048828125,1951.510009765625,1937.1400146484375,425100,2934.7099609375,1.8350000381469727,20.079999923706055,1137.0
2012-05-11,1917.1300048828125,1939.0,1939.0,1915.68994140625,535900,2933.639892578125,1.8839999437332153,18.829999923706055,1143.300048828125
2012-05-14,1913.72998046875,1917.260009765625,1921.6500244140625,1900.4300537109375,399000,2933.639892578125,1.8839999437332153,18.829999923706055,1143.300048828125
2012-05-15,1898.9599609375,1897.739990234375,1904.989990234375,1881.800048828125,524600,2902.580078125,1.7879999876022339,21.8700008392334,1147.699951171875
2012-05-16,1840.530029296875,1886.68994140625,1889.2900390625,1840.22998046875,426200,2893.760009765625,1.7769999504089355,21.969999313354492,1152.5999755859375
2012-05-17,1845.239990234375,1842.8299560546875,1856.3399658203125,1833.0799560546875,444300,2874.0400390625,1.7649999856948853,22.270000457763672,1155.0
2012-05-18,1782.4599609375,1813.7900390625,1813.7900390625,1779.469970703125,547800,2813.68994140625,1.7020000219345093,24.489999771118164,1165.4000244140625
2012-05-21,1799.1300048828125,1801.47998046875,1804.47998046875,1788.3299560546875,414100,2813.68994140625,1.7020000219345093,24.489999771118164,1165.4000244140625
2012-05-22,1828.68994140625,1825.8199462890625,1831.06005859375,1813.530029296875,428400,2847.2099609375,1.7350000143051147,22.010000228881836,1168.699951171875
2012-05-23,1808.6199951171875,1815.3299560546875,1815.3299560546875,1796.5,447600,2839.080078125,1.7929999828338623,22.479999542236328,1165.699951171875
2012-05-24,1814.469970703125,1807.0699462890625,1816.97998046875,1800.739990234375,407900,2850.1201171875,1.7209999561309814,22.329999923706055,1165.5
2012-05-25,1824.1700439453125,1818.6199951171875,1831.780029296875,1815.5400390625,386500,2839.3798828125,1.7589999437332153,21.540000915527344,1179.9000244140625
2012-05-29,1849.9100341796875,1821.6300048828125,1851.93994140625,1817.9000244140625,328000,2839.3798828125,1.7589999437332153,21.540000915527344,1162.699951171875
2012-05-30,1844.8599853515625,1846.1199951171875,1846.5999755859375,1828.8299560546875,417000,2870.989990234375,1.7309999465942383,21.030000686645508,1183.5999755859375
2012-05-31,1843.469970703125,1819.989990234375,1843.489990234375,1813.010009765625,447900,2837.360107421875,1.625,24.139999389648438,1175.0999755859375
2012-06-01,1834.510009765625,1832.0799560546875,1842.0,1821.97998046875,334400,2827.340087890625,1.5809999704360962,24.059999465942383,1179.699951171875
2012-06-04,1783.1300048828125,1782.5799560546875,1794.02001953125,1776.8499755859375,395100,2827.340087890625,1.5809999704360962,24.059999465942383,1179.699951171875
2012-06-05,1801.8499755859375,1799.8800048828125,1806.1099853515625,1791.8399658203125,338800,2760.010009765625,1.5269999504089355,26.1200008392334,1184.5999755859375
2012-06-07,1847.949951171875,1839.489990234375,1853.199951171875,1839.489990234375,403400,2844.719970703125,1.6510000228881836,22.15999984741211,1177.4000244140625
2012-06-08,1835.6400146484375,1854.0,1854.5899658203125,1832.8299560546875,379800,2831.02001953125,1.6540000438690186,21.719999313354492,1173.300048828125
2012-06-11,1867.0400390625,1860.9000244140625,1869.3299560546875,1859.739990234375,382200,2831.02001953125,1.6540000438690186,21.719999313354492,1173.300048828125
2012-06-12,1854.739990234375,1840.56005859375,1857.9300537109375,1840.0999755859375,421400,2809.72998046875,1.600000023841858,23.559999465942383,1134.0999755859375
2012-06-13,1859.3199462890625,1867.449951171875,1867.449951171875,1849.7099609375,558300,2843.070068359375,1.6610000133514404,22.09000015258789,1170.199951171875
2012-06-14,1871.47998046875,1856.5699462890625,1871.47998046875,1855.06005859375,426600,2818.610107421875,1.5989999771118164,24.270000457763672,1168.0
2012-06-15,1858.1600341796875,1871.47998046875,1871.47998046875,1847.18994140625,452500,2836.330078125,1.6109999418258667,21.68000030517578,1165.300048828125
2012-06-18,1891.7099609375,1892.9100341796875,1901.1099853515625,1887.050048828125,376300,2836.330078125,1.6109999418258667,21.68000030517578,1165.300048828125
2012-06-19,1891.77001953125,1885.56005859375,1895.3199462890625,1883.56005859375,380900,2895.330078125,1.5839999914169312,18.31999969482422,1131.0
2012-06-20,1904.1199951171875,1908.18994140625,1908.18994140625,1895.27001953125,367700,2929.760009765625,1.6200000047683716,18.3799991607666,1156.4000244140625
2012-06-21,1889.1500244140625,1895.510009765625,1900.43994140625,1879.6500244140625,390200,2930.449951171875,1.6419999599456787,17.239999771118164,1152.0
2012-06-22,1847.3900146484375,1861.43994140625,1863.5699462890625,1843.5699462890625,300700,2859.090087890625,1.6180000305175781,20.079999923706055,1150.7099609375
2012-06-25,1825.3800048828125,1842.760009765625,1842.760009765625,1813.4100341796875,291200,2859.090087890625,1.6180000305175781,20.079999923706055,1150.7099609375
2012-06-26,1817.81005859375,1818.510009765625,1826.6600341796875,1814.4599609375,313300,2836.159912109375,1.6080000400543213,20.3799991607666,1160.5999755859375
2012-06-27,1817.6500244140625,1815.699951171875,1821.469970703125,1795.1600341796875,319500,2854.06005859375,1.628000020980835,19.719999313354492,1161.0
2012-06-28,1819.1800537109375,1826.3699951171875,1827.3499755859375,1806.0799560546875,309700,2875.320068359375,1.621000051498413,19.450000762939453,1157.300048828125
2012-06-29,1854.010009765625,1808.6099853515625,1854.010009765625,1801.6300048828125,320600,2849.489990234375,1.5770000219345093,19.709999084472656,1154.4000244140625
2012-07-02,1851.6500244140625,1864.72998046875,1865.9300537109375,1851.280029296875,273600,2849.489990234375,1.5770000219345093,19.709999084472656,1154.4000244140625
2012-07-03,1867.8199462890625,1858.699951171875,1871.0799560546875,1858.43994140625,348200,2951.22998046875,1.5800000429153442,16.799999237060547,1114.699951171875
2012-07-04,1874.449951171875,1875.52001953125,1881.6800537109375,1871.8399658203125,336100,2976.080078125,1.63100004196167,16.65999984741211,1142.5999755859375
2012-07-05,1875.489990234375,1870.530029296875,1878.1300048828125,1866.9100341796875,324200,2976.080078125,1.63100004196167,16.65999984741211,1132.300048828125
2012-07-06,1858.199951171875,1877.739990234375,1880.3599853515625,1850.0999755859375,340700,2976.1201171875,1.597000002861023,17.5,1136.4000244140625
2012-07-09,1836.1300048828125,1840.300048828125,1844.3199462890625,1833.1099853515625,282000,2976.1201171875,1.597000002861023,17.5,1136.4000244140625
2012-07-10,1829.449951171875,1843.77001953125,1845.93994140625,1823.7900390625,368900,2931.77001953125,1.5130000114440918,17.979999542236328,1126.300048828125
2012-07-11,1826.3900146484375,1825.530029296875,1827.5999755859375,1813.7900390625,336700,2902.330078125,1.4980000257492065,18.719999313354492,1142.0
2012-07-12,1785.3900146484375,1827.8199462890625,1830.77001953125,1785.3199462890625,320800,2887.97998046875,1.4980000257492065,17.950000762939453,1139.0
2012-07-13,1812.8900146484375,1790.97998046875,1820.6600341796875,1773.6700439453125,348500,2866.18994140625,1.4789999723434448,18.329999923706055,1139.800048828125
2012-07-16,1817.7900390625,1820.3399658203125,1821.8399658203125,1807.1099853515625,268400,2866.18994140625,1.4789999723434448,18.329999923706055,1139.800048828125
2012-07-17,1821.9599609375,1808.6300048828125,1835.6400146484375,1802.0699462890625,412600,2896.93994140625,1.4639999866485596,17.110000610351562,1119.800048828125
2012-07-18,1794.9100341796875,1821.280029296875,1827.949951171875,1790.3599853515625,454700,2910.0400390625,1.5010000467300415,16.479999542236328,1145.199951171875
2012-07-19,1822.9599609375,1820.8399658203125,1830.0899658203125,1815.7099609375,488700,2942.60009765625,1.4789999723434448,16.15999984741211,1144.300048828125
2012-07-20,1822.9300537109375,1823.949951171875,1830.260009765625,1818.8399658203125,412100,2965.89990234375,1.5149999856948853,15.449999809265137,1141.199951171875
2012-07-23,1789.43994140625,1799.239990234375,1799.239990234375,1780.010009765625,502100,2965.89990234375,1.5149999856948853,15.449999809265137,1141.199951171875
2012-07-24,1793.9300537109375,1784.469970703125,1796.02001953125,1781.5999755859375,490600,2890.14990234375,1.434999942779541,18.6200008392334,1144.5999755859375
2012-07-25,1769.31005859375,1760.219970703125,1785.8399658203125,1758.989990234375,468000,2862.989990234375,1.4040000438690186,20.469999313354492,1149.0999755859375
2012-07-26,1782.469970703125,1778.010009765625,1787.199951171875,1766.81005859375,409600,2854.239990234375,1.406000018119812,19.34000015258789,1148.199951171875
2012-07-27,1829.1600341796875,1812.97998046875,1829.1600341796875,1805.9200439453125,397600,2893.25,1.4279999732971191,17.530000686645508,1148.199951171875
2012-07-30,1843.7900390625,1847.010009765625,1850.27001953125,1841.4000244140625,337200,2893.25,1.4279999732971191,17.530000686645508,1148.199951171875
2012-07-31,1881.989990234375,1845.4599609375,1896.8299560546875,1842.510009765625,359200,2945.840087890625,1.503999948501587,18.030000686645508,1115.199951171875
2012-08-01,1879.9300537109375,1870.5799560546875,1886.3199462890625,1867.280029296875,291300,2939.52001953125,1.4919999837875366,18.93000030517578,1136.5999755859375
2012-08-02,1869.4000244140625,1883.6800537109375,1885.8900146484375,1864.8599853515625,270500,2920.2099609375,1.5390000343322754,18.959999084472656,1129.4000244140625
2012-08-03,1848.6800537109375,1846.5799560546875,1864.1300048828125,1843.8699951171875,257900,2909.77001953125,1.4780000448226929,17.56999969482422,1126.0
2012-08-06,1885.8800048828125,1883.6199951171875,1894.9200439453125,1881.8599853515625,245600,2909.77001953125,1.4780000448226929,17.56999969482422,1126.0
2012-08-07,1886.800048828125,1883.8199462890625,1891.5999755859375,1881.6600341796875,325300,2989.909912109375,1.5579999685287476,15.949999809265137,1097.800048828125
2012-08-08,1903.22998046875,1896.5799560546875,1919.6099853515625,1896.56005859375,485600,3015.860107421875,1.628000020980835,15.989999771118164,1127.199951171875
2012-08-09,1940.5899658203125,1907.1300048828125,1947.0799560546875,1907.1300048828125,495300,3011.25,1.6399999856948853,15.319999694824219,1127.800048828125
2012-08-10,1946.4000244140625,1937.8900146484375,1948.050048828125,1933.9300537109375,326500,3018.639892578125,1.687999963760376,15.279999732971191,1129.0
2012-08-13,1932.43994140625,1945.3299560546875,1946.199951171875,1932.4000244140625,352700,3018.639892578125,1.687999963760376,15.279999732971191,1129.0
2012-08-14,1956.9599609375,1942.6099853515625,1957.1500244140625,1939.449951171875,341100,3022.52001953125,1.6540000438690186,13.699999809265137,1105.9000244140625
2012-08-16,1957.9100341796875,1956.3499755859375,1959.9200439453125,1947.260009765625,430500,3030.929931640625,1.8049999475479126,14.630000114440918,1129.0999755859375
2012-08-17,1946.5400390625,1964.0699462890625,1964.0699462890625,1941.7900390625,372500,3062.389892578125,1.8359999656677246,14.289999961853027,1129.5999755859375
2012-08-20,1946.31005859375,1944.6700439453125,1949.8900146484375,1938.25,357900,3062.389892578125,1.8359999656677246,14.289999961853027,1129.5999755859375
2012-08-21,1943.219970703125,1954.510009765625,1961.0699462890625,1942.6099853515625,407500,3076.2099609375,1.8140000104904175,14.020000457763672,1134.5999755859375
2012-08-22,1935.18994140625,1939.5999755859375,1947.4300537109375,1917.47998046875,422800,3067.260009765625,1.8049999475479126,15.020000457763672,1134.4000244140625
2012-08-23,1942.5400390625,1934.56005859375,1942.969970703125,1924.5,604400,3073.669921875,1.718999981880188,15.109999656677246,1129.5999755859375
2012-08-24,1919.81005859375,1921.0799560546875,1927.0999755859375,1913.75,631300,3053.39990234375,1.6660000085830688,15.960000038146973,1127.199951171875
2012-08-27,1917.8699951171875,1909.02001953125,1925.1500244140625,1907.5,572900,3053.39990234375,1.6660000085830688,15.960000038146973,1127.199951171875
2012-08-28,1916.3299560546875,1922.02001953125,1925.699951171875,1910.5799560546875,611900,3073.18994140625,1.6490000486373901,16.350000381469727,1112.199951171875
2012-08-29,1928.5400390625,1920.489990234375,1931.0,1914.8199462890625,592400,3077.139892578125,1.6299999952316284,16.489999771118164,1134.199951171875
2012-08-30,1906.3800048828125,1922.8199462890625,1922.8199462890625,1897.0699462890625,747800,3081.18994140625,1.6540000438690186,17.059999465942383,1133.699951171875
2012-08-31,1905.1199951171875,1897.1600341796875,1912.239990234375,1896.8399658203125,659100,3048.7099609375,1.6200000047683716,17.829999923706055,1134.0
2012-09-03,1912.7099609375,1909.06005859375,1921.8399658203125,1885.030029296875,597100,3048.7099609375,1.6200000047683716,17.829999923706055,1134.0
2012-09-04,1907.1300048828125,1911.469970703125,1916.1600341796875,1906.219970703125,881500,3048.7099609375,1.6200000047683716,17.829999923706055,1132.300048828125
2012-09-05,1874.030029296875,1894.699951171875,1894.699951171875,1874.030029296875,624100,3075.06005859375,1.5809999704360962,17.979999542236328,1130.5
2012-09-06,1881.239990234375,1881.5400390625,1888.1800537109375,1873.489990234375,752900,3069.27001953125,1.593999981880188,17.739999771118164,1132.4000244140625
2012-09-07,1929.5799560546875,1918.3599853515625,1929.5799560546875,1915.56005859375,597700,3135.81005859375,1.6729999780654907,15.600000381469727,1135.300048828125
2012-09-10,1924.699951171875,1934.6300048828125,1937.8499755859375,1924.699951171875,620800,3135.81005859375,1.6729999780654907,15.600000381469727,1135.300048828125
2012-09-11,1920.0,1920.4599609375,1923.0899658203125,1912.469970703125,718700,3104.02001953125,1.6829999685287476,16.280000686645508,1097.5999755859375
2012-09-12,1950.030029296875,1931.43994140625,1953.030029296875,1927.75,708400,3104.530029296875,1.6950000524520874,16.40999984741211,1127.9000244140625
2012-09-13,1950.68994140625,1948.27001953125,1955.030029296875,1938.739990234375,983100,3114.31005859375,1.7649999856948853,15.800000190734863,1127.5
2012-09-14,2007.5799560546875,1994.4200439453125,2008.969970703125,1991.1300048828125,1023900,3155.830078125,1.75600004196167,14.050000190734863,1126.0
2012-09-17,2002.3499755859375,2005.5400390625,2011.5,1997.7900390625,881700,3155.830078125,1.75600004196167,14.050000190734863,1126.0
2012-09-18,2004.9599609375,1998.300048828125,2005.72998046875,1995.8299560546875,855300,3178.669921875,1.8380000591278076,14.59000015258789,1116.9000244140625
2012-09-19,2007.8800048828125,2000.199951171875,2012.739990234375,1993.9100341796875,959900,3177.800048828125,1.812000036239624,14.180000305175781,1115.4000244140625
2012-09-20,1990.3299560546875,1997.6500244140625,2004.5400390625,1987.93994140625,618400,3182.6201171875,1.781999945640564,13.880000114440918,1117.9000244140625
2012-09-21,2002.3699951171875,2000.050048828125,2005.1099853515625,1991.56005859375,649200,3175.9599609375,1.7769999504089355,14.069999694824219,1114.800048828125
2012-09-24,2003.43994140625,1996.4200439453125,2005.449951171875,1977.699951171875,483000,3175.9599609375,1.7769999504089355,14.069999694824219,1114.800048828125
2012-09-25,1991.4100341796875,1994.0799560546875,2004.260009765625,1988.8800048828125,529000,3160.780029296875,1.718000054359436,14.149999618530273,1119.199951171875
2012-09-26,1980.43994140625,1973.1099853515625,1986.280029296875,1968.8499755859375,1209800,3117.72998046875,1.6820000410079956,15.430000305175781,1119.5
2012-09-27,1988.699951171875,1969.6500244140625,1991.260009765625,1969.5999755859375,693700,3093.699951171875,1.6180000305175781,16.809999465942383,1117.199951171875
2012-09-28,1996.2099609375,2000.010009765625,2000.010009765625,1988.4100341796875,678200,3136.60009765625,1.6399999856948853,14.84000015258789,1118.4000244140625
2012-10-02,1996.030029296875,1998.52001953125,2003.6300048828125,1995.1199951171875,496300,3113.530029296875,1.625,16.31999969482422,1099.699951171875
2012-10-04,1992.6800537109375,1998.72998046875,1998.989990234375,1983.030029296875,596900,3135.22998046875,1.6230000257492065,15.430000305175781,1112.0999755859375
2012-10-05,1995.1700439453125,2004.6199951171875,2007.8399658203125,1991.2099609375,681200,3149.4599609375,1.6649999618530273,14.550000190734863,1112.300048828125
2012-10-08,1981.8900146484375,1994.050048828125,1994.050048828125,1979.239990234375,508300,3149.4599609375,1.6649999618530273,14.550000190734863,1112.300048828125
2012-10-09,1979.0400390625,1982.0899658203125,1992.3199462890625,1979.0,516900,3112.35009765625,1.746000051498413,15.109999656677246,1082.699951171875
2012-10-10,1948.219970703125,1961.9000244140625,1962.719970703125,1948.219970703125,449400,3065.02001953125,1.7200000286102295,16.3700008392334,1110.199951171875
2012-10-11,1933.0899658203125,1934.489990234375,1949.739990234375,1919.8199462890625,464100,3051.780029296875,1.690999984741211,16.290000915527344,1110.5
2012-10-12,1933.260009765625,1937.8499755859375,1940.3199462890625,1927.3900146484375,398800,3049.409912109375,1.6749999523162842,15.59000015258789,1112.5999755859375
2012-10-15,1925.5899658203125,1927.8199462890625,1937.1500244140625,1921.3199462890625,567900,3049.409912109375,1.6749999523162842,15.59000015258789,1112.5999755859375
2012-10-16,1941.5400390625,1942.510009765625,1944.219970703125,1931.0899658203125,538400,3064.179931640625,1.6629999876022339,15.270000457763672,1111.699951171875
2012-10-17,1955.1500244140625,1955.780029296875,1965.530029296875,1949.7099609375,499800,3101.169921875,1.7200000286102295,15.220000267028809,1109.5
2012-10-18,1959.1199951171875,1960.3900146484375,1963.530029296875,1954.0999755859375,495000,3104.1201171875,1.8109999895095825,15.069999694824219,1105.699951171875
2012-10-19,1943.8399658203125,1954.3299560546875,1958.6400146484375,1938.9599609375,383200,3072.8701171875,1.8259999752044678,15.029999732971191,1103.699951171875
2012-10-22,1941.5899658203125,1910.97998046875,1942.6400146484375,1910.22998046875,458100,3072.8701171875,1.8259999752044678,15.029999732971191,1103.699951171875
2012-10-23,1926.81005859375,1943.7900390625,1944.3800048828125,1926.81005859375,539000,3016.9599609375,1.7979999780654907,16.6200008392334,1104.5
2012-10-24,1913.9599609375,1907.1600341796875,1922.02001953125,1901.6199951171875,564600,2990.4599609375,1.7640000581741333,18.829999923706055,1103.4000244140625
2012-10-25,1924.5,1906.9100341796875,1924.510009765625,1904.949951171875,438100,2981.699951171875,1.774999976158142,18.329999923706055,1102.5
2012-10-26,1891.4300537109375,1917.6400146484375,1921.25,1890.1500244140625,437500,2986.1201171875,1.8279999494552612,18.1200008392334,1103.0
2012-10-29,1891.52001953125,1901.8299560546875,1905.219970703125,1884.77001953125,371700,2986.1201171875,1.8279999494552612,18.1200008392334,1103.0
2012-10-30,1899.5799560546875,1894.050048828125,1913.52001953125,1893.75,334100,2986.1201171875,1.8279999494552612,18.1200008392334,1069.9000244140625
2012-10-31,1912.06005859375,1912.8299560546875,1918.4000244140625,1909.0799560546875,397200,2986.1201171875,1.8279999494552612,18.1200008392334,1096.9000244140625
2012-11-01,1898.43994140625,1903.5699462890625,1904.989990234375,1887.56005859375,402400,2977.22998046875,1.6859999895095825,18.600000381469727,1090.300048828125
2012-11-02,1918.719970703125,1920.550048828125,1921.97998046875,1915.1099853515625,441200,3020.06005859375,1.715000033378601,16.690000534057617,1089.199951171875
2012-11-05,1908.219970703125,1905.4599609375,1914.3800048828125,1903.3199462890625,343400,3020.06005859375,1.715000033378601,16.690000534057617,1089.199951171875
2012-11-06,1928.1700439453125,1911.8299560546875,1928.1700439453125,1908.489990234375,545800,2999.659912109375,1.684000015258789,18.420000076293945,1091.5
2012-11-07,1937.550048828125,1933.7900390625,1937.550048828125,1916.81005859375,556700,3011.929931640625,1.7419999837875366,17.579999923706055,1089.800048828125
2012-11-08,1914.4100341796875,1912.6400146484375,1918.68994140625,1905.6199951171875,659700,2937.2900390625,1.6319999694824219,19.079999923706055,1089.0999755859375
2012-11-09,1904.4100341796875,1893.0899658203125,1907.5699462890625,1879.06005859375,636200,2895.580078125,1.6319999694824219,18.489999771118164,1085.699951171875
2012-11-12,1900.8699951171875,1899.300048828125,1903.81005859375,1892.6800537109375,473300,2895.580078125,1.6319999694824219,18.489999771118164,1085.699951171875
2012-11-13,1889.699951171875,1904.18994140625,1904.969970703125,1881.8499755859375,494900,2904.25,1.6109999418258667,16.68000030517578,1057.0999755859375
2012-11-14,1894.0400390625,1891.449951171875,1895.47998046875,1880.6099853515625,533900,2883.889892578125,1.5889999866485596,16.649999618530273,1088.9000244140625
2012-11-15,1870.719970703125,1870.2900390625,1875.489990234375,1859.7900390625,450900,2846.81005859375,1.5889999866485596,17.920000076293945,1088.5
2012-11-16,1860.8299560546875,1865.81005859375,1872.68994140625,1856.81005859375,465000,2836.93994140625,1.5889999866485596,17.989999771118164,1085.4000244140625
2012-11-19,1878.0999755859375,1869.760009765625,1884.1099853515625,1869.22998046875,349400,2836.93994140625,1.5889999866485596,17.989999771118164,1085.4000244140625
2012-11-20,1890.1800537109375,1896.5799560546875,1897.56005859375,1886.3399658203125,372300,2916.070068359375,1.6109999418258667,15.239999771118164,1090.0
2012-11-21,1884.0400390625,1895.719970703125,1899.5999755859375,1878.25,380800,2916.679931640625,1.656000018119812,15.079999923706055,1085.300048828125
2012-11-22,1899.5,1894.6600341796875,1903.27001953125,1893.1800537109375,412800,2926.550048828125,1.687000036239624,15.3100004196167,1081.9000244140625
2012-11-23,1911.3299560546875,1901.72998046875,1911.3299560546875,1894.5799560546875,330000,2926.550048828125,1.687000036239624,15.3100004196167,1081.0
2012-11-26,1908.510009765625,1918.010009765625,1918.1099853515625,1905.949951171875,276800,2926.550048828125,1.687000036239624,15.3100004196167,1081.0
2012-11-27,1925.199951171875,1917.1400146484375,1930.239990234375,1913.969970703125,588300,2976.780029296875,1.6640000343322754,15.5,1058.0999755859375
2012-11-28,1912.780029296875,1916.31005859375,1916.760009765625,1906.199951171875,408900,2967.7900390625,1.6449999809265137,15.920000076293945,1084.699951171875
2012-11-29,1934.8499755859375,1922.8599853515625,1935.0999755859375,1922.510009765625,388800,2991.780029296875,1.6169999837875366,15.510000228881836,1085.699951171875
2012-11-30,1932.9000244140625,1932.7099609375,1941.8399658203125,1927.97998046875,337300,3012.030029296875,1.6200000047683716,15.0600004196167,1084.4000244140625
2012-12-03,1940.02001953125,1937.280029296875,1944.75,1933.6700439453125,314900,3012.030029296875,1.6200000047683716,15.0600004196167,1084.4000244140625
2012-12-04,1935.1800537109375,1932.6600341796875,1938.280029296875,1928.0899658203125,294800,3002.199951171875,1.628000020980835,16.639999389648438,1055.699951171875
2012-12-05,1947.0400390625,1933.449951171875,1949.699951171875,1930.1500244140625,492600,2996.68994140625,1.6080000400543213,17.1200008392334,1055.699951171875
2012-12-06,1949.6199951171875,1948.550048828125,1955.0699462890625,1946.030029296875,345300,2973.699951171875,1.590999960899353,16.459999084472656,1082.5999755859375
2012-12-07,1957.449951171875,1953.1700439453125,1963.06005859375,1952.8299560546875,413400,2989.27001953125,1.5809999704360962,16.579999923706055,1081.699951171875
2012-12-10,1957.4200439453125,1965.7099609375,1970.18994140625,1955.3900146484375,367600,2989.27001953125,1.5809999704360962,16.579999923706055,1081.699951171875
2012-12-11,1964.6199951171875,1962.52001953125,1965.6800537109375,1956.75,404800,2986.9599609375,1.6160000562667847,16.049999237060547,1082.9000244140625
2012-12-12,1975.43994140625,1972.3299560546875,1975.43994140625,1966.9100341796875,459700,3022.300048828125,1.6490000486373901,15.569999694824219,1076.5999755859375
2012-12-13,2002.77001953125,1976.1800537109375,2002.780029296875,1976.1800537109375,421500,3013.81005859375,1.6970000267028809,15.949999809265137,1074.0999755859375
2012-12-14,1995.0400390625,1989.4200439453125,1999.6500244140625,1985.18994140625,350500,2992.159912109375,1.7280000448226929,16.559999465942383,1072.5
2012-12-17,1983.0699462890625,1993.1800537109375,1999.3800048828125,1981.1300048828125,366700,2992.159912109375,1.7280000448226929,16.559999465942383,1072.5
2012-12-18,1993.0899658203125,1990.719970703125,1993.0899658203125,1979.219970703125,454300,3010.60009765625,1.7630000114440918,16.34000015258789,1045.699951171875
2012-12-20,1999.5,2002.1099853515625,2006.0799560546875,1991.81005859375,421900,3044.360107421875,1.7999999523162842,17.360000610351562,1071.699951171875
2012-12-21,1980.4200439453125,2004.6099853515625,2004.6700439453125,1976.0899658203125,553700,3050.389892578125,1.7999999523162842,17.670000076293945,1071.300048828125
2012-12-24,1981.8199462890625,1984.1800537109375,1985.5699462890625,1977.0,348200,3050.389892578125,1.7999999523162842,17.670000076293945,1071.300048828125
2012-12-26,1982.25,1992.0999755859375,2000.9200439453125,1982.25,458000,3050.389892578125,1.7999999523162842,17.670000076293945,1072.300048828125
2012-12-27,1987.3499755859375,1979.4599609375,1987.9100341796875,1971.530029296875,376100,2990.159912109375,1.7580000162124634,19.479999542236328,1072.0999755859375
2012-12-28,1997.050048828125,1984.8399658203125,2002.6700439453125,1984.8399658203125,302900,2985.909912109375,1.715000033378601,19.469999313354492,1072.4000244140625
2013-01-02,2031.0999755859375,2013.739990234375,2033.6600341796875,2012.300048828125,364100,2985.909912109375,1.715000033378601,19.469999313354492,1062.5
2013-01-03,2019.4100341796875,2041.239990234375,2042.47998046875,2018.489990234375,491000,3112.260009765625,1.8389999866485596,14.680000305175781,1062.5
2013-01-04,2011.93994140625,2017.8800048828125,2018.6300048828125,2001.530029296875,378900,3100.570068359375,1.8990000486373901,14.5600004196167,1062.5999755859375
2013-01-07,2011.25,2012.1500244140625,2014.0,1996.469970703125,536200,3100.570068359375,1.8990000486373901,14.5600004196167,1062.5999755859375
2013-01-08,1997.93994140625,2003.219970703125,2009.989990234375,1997.9100341796875,493700,3098.81005859375,1.902999997138977,13.789999961853027,1033.0999755859375
2013-01-09,1991.81005859375,2001.97998046875,2007.719970703125,1989.47998046875,607600,3091.81005859375,1.871000051498413,13.619999885559082,1062.199951171875
2013-01-10,2006.800048828125,1993.8699951171875,2008.469970703125,1988.0400390625,500800,3105.81005859375,1.8519999980926514,13.8100004196167,1062.9000244140625
2013-01-11,1996.6700439453125,2017.3800048828125,2017.9200439453125,1984.1600341796875,472600,3121.760009765625,1.8940000534057617,13.489999771118164,1059.5
2013-01-14,2007.0400390625,1993.8199462890625,2007.0400390625,1989.239990234375,454800,3121.760009765625,1.8940000534057617,13.489999771118164,1059.5
2013-01-15,1983.739990234375,2006.8900146484375,2016.3699951171875,1983.739990234375,546200,3117.5,1.8569999933242798,13.520000457763672,1023.2000122070312
2013-01-16,1977.449951171875,1988.43994140625,1996.4599609375,1970.010009765625,457600,3110.780029296875,1.8309999704360962,13.550000190734863,1055.300048828125
2013-01-17,1974.27001953125,1983.6700439453125,1986.3399658203125,1964.6199951171875,828700,3117.5400390625,1.8240000009536743,13.420000076293945,1056.300048828125
2013-01-18,1987.8499755859375,1987.6500244140625,1988.469970703125,1976.719970703125,583300,3136.0,1.875,13.569999694824219,1057.800048828125
2013-01-21,1986.8599853515625,1987.9599609375,1991.97998046875,1972.6400146484375,446600,3136.0,1.875,13.569999694824219,1057.800048828125
2013-01-22,1996.52001953125,1986.5799560546875,1999.3499755859375,1981.8800048828125,553400,3136.0,1.875,13.569999694824219,1038.5999755859375
2013-01-23,1980.4100341796875,2003.3699951171875,2008.06005859375,1980.4100341796875,491400,3143.179931640625,1.8350000381469727,12.430000305175781,1063.4000244140625
2013-01-24,1964.47998046875,1970.8499755859375,1980.030029296875,1960.75,558400,3153.669921875,1.8329999446868896,12.460000038146973,1062.9000244140625
2013-01-25,1946.68994140625,1966.4000244140625,1966.8299560546875,1934.8900146484375,401800,3130.3798828125,1.843999981880188,12.6899995803833,1066.300048828125
2013-01-28,1939.7099609375,1940.3299560546875,1943.489990234375,1930.3699951171875,349500,3130.3798828125,1.843999981880188,12.6899995803833,1066.300048828125
2013-01-29,1955.9599609375,1946.1099853515625,1958.8800048828125,1944.81005859375,465000,3154.300048828125,1.9739999771118164,13.569999694824219,1074.0999755859375
2013-01-30,1964.4300537109375,1961.9200439453125,1967.2900390625,1950.6700439453125,523300,3153.659912109375,1.9880000352859497,13.3100004196167,1090.9000244140625
2013-01-31,1961.93994140625,1960.780029296875,1965.9200439453125,1954.530029296875,399600,3142.31005859375,2.00600004196167,14.319999694824219,1083.199951171875
2013-02-01,1957.7900390625,1964.75,1966.5400390625,1942.43994140625,385900,3142.1298828125,1.9850000143051147,14.279999732971191,1085.4000244140625
2013-02-04,1953.2099609375,1968.949951171875,1969.1300048828125,1952.8299560546875,345400,3142.1298828125,1.9850000143051147,14.279999732971191,1085.4000244140625
2013-02-05,1938.1800537109375,1936.9200439453125,1944.0,1928.75,366700,3131.169921875,1.9730000495910645,14.670000076293945,1069.0
2013-02-06,1936.18994140625,1943.3299560546875,1944.43994140625,1935.43994140625,349200,3171.580078125,2.0160000324249268,13.720000267028809,1088.5
2013-02-07,1931.77001953125,1939.4200439453125,1946.6700439453125,1931.0999755859375,412200,3168.47998046875,1.968000054359436,13.40999984741211,1085.800048828125
2013-02-08,1950.9000244140625,1930.0,1955.8599853515625,1929.81005859375,291200,3165.1298828125,1.9509999752044678,13.5,1088.5
2013-02-12,1945.7900390625,1958.4599609375,1958.6500244140625,1943.6300048828125,307500,3192.0,1.9459999799728394,12.9399995803833,1077.199951171875
2013-02-13,1976.0699462890625,1952.8599853515625,1976.0699462890625,1950.5799560546875,331000,3186.489990234375,1.9819999933242798,12.640000343322754,1094.9000244140625
2013-02-14,1979.6099853515625,1977.4200439453125,1986.1400146484375,1972.800048828125,336000,3196.8798828125,2.0190000534057617,12.979999542236328,1092.4000244140625
2013-02-15,1981.1800537109375,1981.06005859375,1982.760009765625,1976.1199951171875,598800,3198.659912109375,2.0,12.65999984741211,1085.800048828125
2013-02-18,1981.9100341796875,1979.4200439453125,1985.4100341796875,1973.6500244140625,420700,3198.659912109375,2.0,12.65999984741211,1085.800048828125
2013-02-19,1985.8299560546875,1981.9599609375,1990.0899658203125,1979.8499755859375,344300,3198.659912109375,2.0,12.65999984741211,1053.0
2013-02-20,2024.6400146484375,1997.0400390625,2024.6400146484375,1995.31005859375,407700,3213.590087890625,2.0260000228881836,12.3100004196167,1082.800048828125
2013-02-21,2015.219970703125,2014.5,2021.239990234375,2010.9100341796875,391200,3164.409912109375,2.0209999084472656,14.680000305175781,1079.300048828125
2013-02-22,2018.8900146484375,2007.3399658203125,2029.43994140625,2006.5899658203125,409100,3131.489990234375,1.9759999513626099,15.220000267028809,1079.5999755859375
2013-02-25,2009.52001953125,2022.510009765625,2022.77001953125,2008.780029296875,338200,3131.489990234375,1.9759999513626099,15.220000267028809,1079.5999755859375
2013-02-26,2000.010009765625,1993.1199951171875,2005.8599853515625,1991.9599609375,433400,3116.25,1.8949999809265137,18.989999771118164,1060.5
2013-02-27,2004.0400390625,2008.93994140625,2014.9599609375,1999.6500244140625,417100,3129.64990234375,1.878999948501587,16.8700008392334,1084.9000244140625
2013-02-28,2026.489990234375,2019.050048828125,2030.8499755859375,2016.1500244140625,422000,3162.260009765625,1.902999997138977,14.729999542236328,1089.0999755859375
2013-03-04,2013.1500244140625,2028.550048828125,2029.3199462890625,2011.0899658203125,357400,3162.260009765625,1.902999997138977,14.729999542236328,1089.0999755859375
2013-03-05,2016.6099853515625,2022.4100341796875,2031.6500244140625,2016.5999755859375,491900,3182.030029296875,1.8769999742507935,14.010000228881836,1060.300048828125
2013-03-06,2020.739990234375,2033.1700439453125,2033.8900146484375,2016.6500244140625,395400,3224.1298828125,1.8940000534057617,13.479999542236328,1089.9000244140625
2013-03-07,2004.4000244140625,2018.6300048828125,2018.6300048828125,1998.2900390625,386500,3222.3701171875,1.937999963760376,13.529999732971191,1085.5
2013-03-08,2006.010009765625,2001.969970703125,2007.3699951171875,1994.25,312100,3232.090087890625,1.9910000562667847,13.0600004196167,1083.4000244140625
2013-03-11,2003.3499755859375,2000.5699462890625,2006.300048828125,1982.3800048828125,398300,3232.090087890625,1.9910000562667847,13.0600004196167,1083.4000244140625
2013-03-12,1993.3399658203125,2006.8399658203125,2007.43994140625,1990.1700439453125,390200,3252.8701171875,2.055999994277954,11.5600004196167,1076.199951171875
2013-03-13,1999.72998046875,1994.7900390625,1999.72998046875,1988.18994140625,353000,3242.320068359375,2.0230000019073486,12.270000457763672,1093.0
2013-03-14,2002.1300048828125,2000.0699462890625,2002.1300048828125,1978.5699462890625,330900,3245.1201171875,2.0209999084472656,11.829999923706055,1094.5
2013-03-15,1986.5,2009.7099609375,2009.7099609375,1985.9100341796875,307400,3258.929931640625,2.0329999923706055,11.300000190734863,1097.699951171875
2013-03-18,1968.1800537109375,1974.7099609375,1982.9200439453125,1968.1800537109375,304300,3258.929931640625,2.0329999923706055,11.300000190734863,1097.699951171875
2013-03-19,1978.56005859375,1978.4100341796875,1989.4599609375,1973.22998046875,326800,3237.590087890625,1.9559999704360962,13.359999656677246,1125.800048828125
2013-03-20,1959.4100341796875,1969.18994140625,1978.1700439453125,1959.4000244140625,332900,3229.10009765625,1.9079999923706055,14.390000343322754,1113.5
2013-03-21,1950.8199462890625,1969.300048828125,1973.260009765625,1950.8199462890625,262900,3254.18994140625,1.937000036239624,12.670000076293945,1112.199951171875
2013-03-22,1948.7099609375,1949.030029296875,1956.3299560546875,1946.050048828125,259600,3222.60009765625,1.9320000410079956,13.989999771118164,1114.800048828125
2013-03-25,1977.6700439453125,1968.8499755859375,1981.75,1968.1400146484375,276300,3222.60009765625,1.9320000410079956,13.989999771118164,1114.800048828125
2013-03-26,1983.699951171875,1976.81005859375,1990.22998046875,1975.5999755859375,298800,3235.300048828125,1.9149999618530273,13.739999771118164,1089.9000244140625
2013-03-27,1993.43994140625,1991.9100341796875,1996.56005859375,1973.719970703125,362600,3252.47998046875,1.906000018119812,12.770000457763672,1110.199951171875
2013-03-28,1993.52001953125,1989.699951171875,1995.31005859375,1985.449951171875,367700,3256.52001953125,1.8509999513626099,13.149999618530273,1106.5999755859375
2013-03-29,2004.8900146484375,2007.1199951171875,2013.2099609375,2003.9599609375,341600,3267.52001953125,1.8519999980926514,12.699999809265137,1110.5
2013-04-01,1995.989990234375,2009.93994140625,2010.1500244140625,1994.5400390625,269200,3267.52001953125,1.8519999980926514,12.699999809265137,1110.5
2013-04-02,1986.1500244140625,1996.81005859375,2001.780029296875,1973.27001953125,496100,3239.169921875,1.840000033378601,13.579999923706055,1090.0
2013-04-03,1983.219970703125,1990.7099609375,1992.4000244140625,1972.02001953125,396400,3254.860107421875,1.8609999418258667,12.779999732971191,1086.4000244140625
2013-04-04,1959.449951171875,1963.3900146484375,1965.18994140625,1938.8900146484375,415400,3218.60009765625,1.812000036239624,14.210000038146973,1117.0999755859375
2013-04-05,1927.22998046875,1948.3299560546875,1952.0999755859375,1916.77001953125,372700,3224.97998046875,1.7589999437332153,13.890000343322754,1116.800048828125
2013-04-08,1918.68994140625,1927.0400390625,1933.949951171875,1918.68994140625,313300,3224.97998046875,1.7589999437332153,13.890000343322754,1116.800048828125
2013-04-09,1920.739990234375,1918.1300048828125,1934.739990234375,1901.9599609375,356600,3222.25,1.7319999933242798,13.1899995803833,1136.5
2013-04-10,1935.5799560546875,1933.72998046875,1939.18994140625,1923.4300537109375,320200,3237.860107421875,1.746999979019165,12.84000015258789,1141.300048828125
2013-04-11,1949.800048828125,1944.530029296875,1949.800048828125,1926.5400390625,386600,3297.25,1.8049999475479126,12.359999656677246,1138.4000244140625
2013-04-12,1924.22998046875,1954.219970703125,1956.2099609375,1919.9000244140625,407400,3300.159912109375,1.7910000085830688,12.239999771118164,1134.300048828125
2013-04-15,1920.449951171875,1916.06005859375,1927.719970703125,1907.3499755859375,332900,3300.159912109375,1.7910000085830688,12.239999771118164,1134.300048828125
2013-04-16,1922.2099609375,1900.1800537109375,1926.6500244140625,1896.68994140625,393100,3216.489990234375,1.7020000219345093,17.270000457763672,1104.0
2013-04-17,1923.8399658203125,1934.6099853515625,1934.8199462890625,1910.780029296875,415300,3264.6298828125,1.718999981880188,13.960000038146973,1118.5999755859375
2013-04-18,1900.06005859375,1916.550048828125,1919.530029296875,1900.050048828125,343500,3204.669921875,1.7039999961853027,16.510000228881836,1112.800048828125
2013-04-19,1906.75,1899.3499755859375,1910.239990234375,1888.300048828125,331300,3166.360107421875,1.684999942779541,17.559999465942383,1120.0
2013-04-22,1926.31005859375,1903.969970703125,1926.31005859375,1901.97998046875,258800,3166.360107421875,1.684999942779541,17.559999465942383,1120.0
2013-04-23,1918.6300048828125,1924.4300537109375,1924.7900390625,1908.77001953125,260500,3233.550048828125,1.6979999542236328,14.390000343322754,1099.199951171875
2013-04-24,1935.31005859375,1931.06005859375,1939.3499755859375,1921.030029296875,341100,3269.330078125,1.6979999542236328,13.479999542236328,1118.699951171875
2013-04-25,1951.5999755859375,1937.8800048828125,1951.6600341796875,1935.81005859375,335000,3269.64990234375,1.6979999542236328,13.609999656677246,1118.5
2013-04-26,1944.56005859375,1949.9200439453125,1951.8599853515625,1942.3699951171875,280200,3289.989990234375,1.7109999656677246,13.619999885559082,1115.699951171875
2013-04-29,1940.699951171875,1948.8699951171875,1948.969970703125,1934.6800537109375,266000,3289.989990234375,1.7109999656677246,13.619999885559082,1115.699951171875
2013-04-30,1963.949951171875,1947.0699462890625,1967.06005859375,1946.989990234375,403100,3307.02001953125,1.6679999828338623,13.710000038146973,1108.800048828125
2013-05-02,1957.2099609375,1961.6700439453125,1966.6800537109375,1954.280029296875,349700,3299.1298828125,1.6390000581741333,14.489999771118164,1100.699951171875
2013-05-03,1965.7099609375,1967.8800048828125,1968.0400390625,1953.4000244140625,312500,3340.6201171875,1.63100004196167,13.59000015258789,1099.5
2013-05-06,1961.47998046875,1977.43994140625,1983.6400146484375,1960.1400146484375,294900,3340.6201171875,1.63100004196167,13.59000015258789,1099.5
2013-05-07,1954.3499755859375,1962.280029296875,1962.8699951171875,1951.27001953125,299900,3392.969970703125,1.7710000276565552,12.65999984741211,1072.800048828125
2013-05-08,1956.449951171875,1961.72998046875,1964.0799560546875,1952.3800048828125,337900,3396.6298828125,1.7829999923706055,12.829999923706055,1093.800048828125
2013-05-09,1979.449951171875,1963.6099853515625,1982.3199462890625,1961.5,332600,3413.27001953125,1.7599999904632568,12.65999984741211,1089.300048828125
2013-05-10,1944.75,1975.47998046875,1975.47998046875,1944.75,283800,3409.169921875,1.812999963760376,13.130000114440918,1056.199951171875
2013-05-13,1948.699951171875,1936.8599853515625,1948.699951171875,1935.5699462890625,251600,3409.169921875,1.812999963760376,13.130000114440918,1056.199951171875
2013-05-14,1968.8299560546875,1954.3900146484375,1972.5,1954.1300048828125,328500,3438.7900390625,1.9229999780654907,12.550000190734863,1084.300048828125
2013-05-15,1971.260009765625,1971.9599609375,1972.43994140625,1963.52001953125,247000,3462.610107421875,1.9520000219345093,12.770000457763672,1112.199951171875
2013-05-16,1986.81005859375,1980.030029296875,1991.97998046875,1980.030029296875,322200,3471.6201171875,1.9429999589920044,12.8100004196167,1108.9000244140625
2013-05-20,1982.4300537109375,1990.3599853515625,1991.27001953125,1982.4300537109375,274400,3471.6201171875,1.9429999589920044,12.8100004196167,1108.9000244140625
2013-05-21,1981.0899658203125,1994.02001953125,1995.0999755859375,1976.1700439453125,245800,3496.429931640625,1.965000033378601,13.020000457763672,1093.5999755859375
2013-05-22,1993.8299560546875,1991.760009765625,1998.699951171875,1987.22998046875,326400,3502.1201171875,1.944000005722046,13.369999885559082,1116.5
2013-05-23,1969.18994140625,1985.9100341796875,1991.3499755859375,1969.18994140625,342900,3463.300048828125,2.0260000228881836,13.819999694824219,1110.4000244140625
2013-05-24,1973.449951171875,1979.3499755859375,1979.9300537109375,1961.5899658203125,273600,3459.419921875,2.0230000019073486,14.069999694824219,1113.0999755859375
2013-05-27,1979.969970703125,1974.5899658203125,1984.1300048828125,1971.530029296875,256100,3459.419921875,2.0230000019073486,14.069999694824219,1113.0999755859375
2013-05-28,1986.219970703125,1983.5799560546875,1991.199951171875,1978.8900146484375,311400,3459.419921875,2.0230000019073486,14.069999694824219,1105.199951171875
2013-05-29,2001.199951171875,1993.68994140625,2009.4300537109375,1992.6800537109375,362600,3488.889892578125,2.134999990463257,14.479999542236328,1121.4000244140625
2013-05-30,2000.0999755859375,1999.8299560546875,2008.22998046875,1997.8399658203125,435700,3467.52001953125,2.124000072479248,14.829999923706055,1127.0
2013-05-31,2001.050048828125,2009.25,2013.2900390625,2000.8199462890625,397500,3491.300048828125,2.124000072479248,14.529999732971191,1131.0999755859375
2013-06-03,1989.5699462890625,1993.1099853515625,2000.56005859375,1989.510009765625,333500,3491.300048828125,2.124000072479248,14.529999732971191,1131.0999755859375
2013-06-04,1989.510009765625,1998.3800048828125,1999.72998046875,1979.4200439453125,334900,3465.3701171875,2.134000062942505,16.280000686645508,1107.5
2013-06-05,1959.18994140625,1988.93994140625,1989.2900390625,1959.18994140625,340500,3445.260009765625,2.13700008392334,16.270000457763672,1118.800048828125
2013-06-07,1923.8499755859375,1953.8299560546875,1954.8199462890625,1923.8399658203125,341100,3424.050048828125,2.075000047683716,16.6299991607666,1117.800048828125
2013-06-10,1932.699951171875,1927.18994140625,1934.9200439453125,1923.5899658203125,271700,3424.050048828125,2.075000047683716,16.6299991607666,1117.800048828125
2013-06-11,1920.6800537109375,1933.0999755859375,1933.3399658203125,1910.050048828125,288200,3473.77001953125,2.2149999141693115,15.4399995803833,1097.0999755859375
2013-06-12,1909.9100341796875,1913.5999755859375,1921.5400390625,1907.2900390625,253400,3436.949951171875,2.194999933242798,17.06999969482422,1097.0999755859375
2013-06-13,1882.72998046875,1905.0999755859375,1911.0400390625,1881.239990234375,306400,3400.429931640625,2.2300000190734863,18.59000015258789,1097.0999755859375
2013-06-14,1889.239990234375,1895.77001953125,1896.5999755859375,1881.5,279300,3445.360107421875,2.1740000247955322,16.40999984741211,1127.199951171875
2013-06-17,1883.0999755859375,1889.449951171875,1897.699951171875,1878.4000244140625,264400,3445.360107421875,2.1740000247955322,16.40999984741211,1127.199951171875
2013-06-18,1900.6199951171875,1887.719970703125,1900.6300048828125,1872.699951171875,278600,3452.1298828125,2.1710000038146973,16.799999237060547,1126.5
2013-06-19,1888.31005859375,1899.5,1899.5,1883.4100341796875,279800,3482.179931640625,2.181999921798706,16.610000610351562,1125.969970703125
2013-06-20,1850.489990234375,1864.3699951171875,1873.1800537109375,1844.4100341796875,355800,3443.199951171875,2.311000108718872,16.639999389648438,1133.5
2013-06-21,1822.8299560546875,1806.4000244140625,1823.989990234375,1806.02001953125,290500,3364.639892578125,2.4189999103546143,20.489999771118164,1129.5999755859375
2013-06-24,1799.010009765625,1821.219970703125,1821.219970703125,1798.97998046875,220900,3364.639892578125,2.4189999103546143,20.489999771118164,1129.5999755859375
2013-06-25,1780.6300048828125,1790.3299560546875,1807.6199951171875,1770.530029296875,332200,3320.760009765625,2.5480000972747803,20.110000610351562,1156.9000244140625
2013-06-26,1783.449951171875,1799.739990234375,1799.739990234375,1772.489990234375,296900,3347.889892578125,2.5889999866485596,18.469999313354492,1160.5999755859375
2013-06-27,1834.699951171875,1809.550048828125,1839.52001953125,1809.4000244140625,286300,3376.219970703125,2.5390000343322754,17.209999084472656,1152.300048828125
2013-06-28,1863.3199462890625,1844.5999755859375,1864.0899658203125,1844.5999755859375,251100,3401.860107421875,2.4830000400543213,16.860000610351562,1155.0999755859375
2013-07-01,1855.72998046875,1851.5699462890625,1866.6300048828125,1850.030029296875,220900,3401.860107421875,2.4830000400543213,16.860000610351562,1155.0999755859375
2013-07-02,1855.02001953125,1861.260009765625,1867.1800537109375,1850.2900390625,483200,3434.489990234375,2.490000009536743,16.3700008392334,1121.9000244140625
2013-07-03,1824.6600341796875,1854.2900390625,1860.4599609375,1823.0999755859375,405800,3433.39990234375,2.4690001010894775,16.440000534057617,1134.300048828125
2013-07-04,1839.1400146484375,1830.489990234375,1840.3800048828125,1825.6199951171875,313000,3443.669921875,2.500999927520752,16.200000762939453,1133.0
2013-07-05,1833.31005859375,1848.969970703125,1857.3900146484375,1828.75,285600,3443.669921875,2.500999927520752,16.200000762939453,1140.199951171875
2013-07-08,1816.8499755859375,1830.81005859375,1840.5699462890625,1809.719970703125,303600,3443.669921875,2.500999927520752,16.200000762939453,1140.199951171875
2013-07-09,1830.3499755859375,1828.6300048828125,1831.3499755859375,1815.030029296875,257900,3484.830078125,2.6449999809265137,14.779999732971191,1141.5999755859375
2013-07-10,1824.1600341796875,1835.93994140625,1836.9100341796875,1818.93994140625,267900,3504.260009765625,2.630000114440918,14.350000381469727,1147.4000244140625
2013-07-11,1877.5999755859375,1840.3399658203125,1877.5999755859375,1840.3399658203125,331500,3520.760009765625,2.680000066757202,14.210000038146973,1140.9000244140625
2013-07-12,1869.97998046875,1873.6600341796875,1873.6600341796875,1863.4000244140625,266000,3578.300048828125,2.5739998817443848,14.010000228881836,1134.5999755859375
2013-07-15,1875.1600341796875,1870.260009765625,1877.4599609375,1847.8199462890625,330000,3578.300048828125,2.5739998817443848,14.010000228881836,1134.5999755859375
2013-07-16,1866.3599853515625,1875.530029296875,1875.6800537109375,1860.3699951171875,303300,3607.489990234375,2.555999994277954,13.789999961853027,1123.800048828125
2013-07-17,1887.489990234375,1871.2900390625,1894.699951171875,1856.550048828125,382900,3598.5,2.5320000648498535,14.420000076293945,1120.9000244140625
2013-07-18,1875.47998046875,1883.0699462890625,1885.010009765625,1870.780029296875,380300,3610.0,2.490999937057495,13.779999732971191,1113.800048828125
2013-07-19,1871.4100341796875,1880.43994140625,1881.4000244140625,1861.4300537109375,319600,3611.280029296875,2.5339999198913574,13.770000457763672,1116.0999755859375
2013-07-22,1880.3499755859375,1880.81005859375,1894.4100341796875,1873.1700439453125,356900,3611.280029296875,2.5339999198913574,13.770000457763672,1116.0999755859375
2013-07-23,1904.1500244140625,1890.550048828125,1904.1500244140625,1885.5699462890625,352400,3600.389892578125,2.48799991607666,12.289999961853027,1118.4000244140625
2013-07-24,1912.0799560546875,1904.0699462890625,1914.4100341796875,1901.1500244140625,322200,3579.27001953125,2.5160000324249268,12.65999984741211,1117.5999755859375
2013-07-25,1909.6099853515625,1906.5699462890625,1913.9100341796875,1904.43994140625,312000,3579.60009765625,2.5880000591278076,13.180000305175781,1116.300048828125
2013-07-26,1910.81005859375,1912.050048828125,1915.969970703125,1902.469970703125,320200,3605.18994140625,2.6070001125335693,12.970000267028809,1115.0
2013-07-29,1899.8900146484375,1908.6600341796875,1912.5699462890625,1899.02001953125,337600,3605.18994140625,2.6070001125335693,12.970000267028809,1115.0
2013-07-30,1917.050048828125,1901.8800048828125,1917.1099853515625,1900.5400390625,366900,3599.139892578125,2.5850000381469727,13.390000343322754,1086.9000244140625
2013-07-31,1914.030029296875,1915.469970703125,1920.5999755859375,1910.8199462890625,384100,3616.469970703125,2.6029999256134033,13.390000343322754,1111.4000244140625
2013-08-01,1920.739990234375,1916.56005859375,1925.3199462890625,1906.739990234375,336100,3626.3701171875,2.5929999351501465,13.449999809265137,1113.300048828125
2013-08-02,1923.3800048828125,1936.260009765625,1939.280029296875,1920.97998046875,298200,3675.739990234375,2.7230000495910645,12.9399995803833,1122.5
2013-08-05,1916.219970703125,1920.8299560546875,1925.5999755859375,1915.68994140625,234000,3675.739990234375,2.7230000495910645,12.9399995803833,1122.5
2013-08-06,1906.6199951171875,1914.06005859375,1914.06005859375,1895.8699951171875,294600,3692.949951171875,2.640000104904175,11.84000015258789,1123.5999755859375
2013-08-07,1878.3299560546875,1892.469970703125,1895.5,1878.3299560546875,312400,3665.77001953125,2.6419999599456787,12.720000267028809,1112.9000244140625
2013-08-08,1883.969970703125,1884.5799560546875,1896.0699462890625,1879.1300048828125,338200,3654.010009765625,2.5999999046325684,12.979999542236328,1113.0999755859375
2013-08-09,1880.7099609375,1884.5699462890625,1888.7900390625,1876.0699462890625,283500,3669.1201171875,2.5869998931884766,12.729999542236328,1114.199951171875
2013-08-12,1884.8299560546875,1878.5,1894.4200439453125,1878.3299560546875,297500,3669.1201171875,2.5869998931884766,12.729999542236328,1114.199951171875
2013-08-13,1913.030029296875,1893.4200439453125,1913.030029296875,1890.780029296875,362600,3669.949951171875,2.6050000190734863,12.8100004196167,1110.5999755859375
2013-08-14,1923.9100341796875,1912.5899658203125,1925.0999755859375,1908.9200439453125,363300,3684.43994140625,2.7149999141693115,12.3100004196167,1113.199951171875
2013-08-16,1920.1099853515625,1903.719970703125,1927.5899658203125,1901.699951171875,348500,3606.1201171875,2.755000114440918,14.729999542236328,1117.5999755859375
2013-08-19,1917.6400146484375,1917.3199462890625,1918.7099609375,1909.800048828125,302100,3606.1201171875,2.755000114440918,14.729999542236328,1117.5999755859375
2013-08-20,1887.8499755859375,1910.300048828125,1923.4200439453125,1885.9300537109375,350400,3589.090087890625,2.884000062942505,15.100000381469727,1112.5
2013-08-21,1867.4599609375,1891.010009765625,1894.739990234375,1863.5999755859375,411200,3613.590087890625,2.813999891281128,14.90999984741211,1117.5
2013-08-22,1849.1199951171875,1847.93994140625,1858.5,1838.52001953125,425900,3599.7900390625,2.8550000190734863,15.9399995803833,1119.5
2013-08-23,1870.1600341796875,1861.5799560546875,1876.1400146484375,1854.6700439453125,375000,3638.7099609375,2.9010000228881836,14.760000228881836,1117.800048828125
2013-08-26,1887.8599853515625,1876.5899658203125,1890.3800048828125,1876.5899658203125,316300,3638.7099609375,2.9010000228881836,14.760000228881836,1117.800048828125
2013-08-27,1885.8399658203125,1883.7099609375,1896.6300048828125,1881.43994140625,409300,3657.570068359375,2.805000066757202,14.989999771118164,1112.800048828125
2013-08-28,1884.52001953125,1862.510009765625,1885.3499755859375,1861.56005859375,378300,3578.52001953125,2.7209999561309814,16.770000457763672,1111.0
2013-08-29,1907.5400390625,1892.030029296875,1914.9000244140625,1891.5899658203125,301700,3593.35009765625,2.7820000648498535,16.489999771118164,1116.4000244140625
2013-08-30,1926.3599853515625,1918.9100341796875,1926.3699951171875,1910.3699951171875,300900,3620.300048828125,2.750999927520752,16.809999465942383,1113.9000244140625
2013-09-02,1924.81005859375,1925.3199462890625,1932.4599609375,1921.010009765625,244000,3620.300048828125,2.750999927520752,16.809999465942383,1113.9000244140625
2013-09-03,1933.739990234375,1934.239990234375,1940.989990234375,1928.0899658203125,300100,3620.300048828125,2.750999927520752,16.809999465942383,1110.0999755859375
2013-09-04,1933.030029296875,1929.5999755859375,1938.260009765625,1921.9300537109375,284200,3612.610107421875,2.8480000495910645,16.610000610351562,1097.5999755859375
2013-09-05,1951.6500244140625,1943.6600341796875,1954.2099609375,1937.8199462890625,286700,3649.0400390625,2.8970000743865967,15.880000114440918,1101.4000244140625
2013-09-06,1955.31005859375,1954.1099853515625,1962.1500244140625,1949.010009765625,325000,3658.780029296875,2.9790000915527344,15.770000457763672,1093.199951171875
2013-09-09,1974.6700439453125,1964.0899658203125,1974.6700439453125,1962.6199951171875,270700,3658.780029296875,2.9790000915527344,15.770000457763672,1093.199951171875
2013-09-10,1994.06005859375,1978.0799560546875,1994.06005859375,1974.5899658203125,264300,3706.179931640625,2.8970000743865967,15.630000114440918,1092.199951171875
2013-09-11,2003.8499755859375,1995.9599609375,2003.8499755859375,1987.4000244140625,299400,3729.02001953125,2.9590001106262207,14.529999732971191,1085.699951171875
2013-09-12,2004.06005859375,2004.6700439453125,2017.47998046875,1995.1600341796875,359300,3725.010009765625,2.9200000762939453,13.819999694824219,1085.0999755859375
2013-09-13,1994.3199462890625,1994.949951171875,2004.8699951171875,1992.260009765625,253900,3715.969970703125,2.9070000648498535,14.289999961853027,1085.0
2013-09-16,2013.3699951171875,2011.68994140625,2018.02001953125,2004.449951171875,248500,3715.969970703125,2.9070000648498535,14.289999961853027,1085.0
2013-09-17,2005.5799560546875,2009.31005859375,2009.31005859375,1994.31005859375,264700,3717.85009765625,2.874000072479248,14.380000114440918,1080.300048828125
2013-09-23,2009.4100341796875,2000.719970703125,2015.1800537109375,1994.77001953125,249500,3717.85009765625,2.874000072479248,14.380000114440918,1080.300048828125
2013-09-24,2007.0999755859375,2001.510009765625,2011.1099853515625,1990.3599853515625,309400,3765.2900390625,2.7139999866485596,14.3100004196167,1074.5999755859375
2013-09-25,1998.06005859375,2004.530029296875,2006.8800048828125,1988.8699951171875,294800,3768.25,2.6530001163482666,14.079999923706055,1073.0
2013-09-26,2007.3199462890625,1992.0999755859375,2007.3199462890625,1991.0999755859375,255600,3761.10009765625,2.614000082015991,14.010000228881836,1073.5
2013-09-27,2011.800048828125,2012.260009765625,2016.3399658203125,2008.25,282300,3787.429931640625,2.6429998874664307,14.0600004196167,1075.5999755859375
2013-09-30,1996.9599609375,2002.02001953125,2005.4100341796875,1994.219970703125,292800,3787.429931640625,2.6429998874664307,14.0600004196167,1075.5999755859375
2013-10-01,1998.8699951171875,1997.6199951171875,2012.52001953125,1991.219970703125,281300,3771.47998046875,2.615000009536743,16.600000381469727,1075.800048828125
2013-10-02,1999.469970703125,2012.0699462890625,2012.8199462890625,1999.02001953125,238300,3817.97998046875,2.6459999084472656,15.539999961853027,1073.300048828125
2013-10-04,1996.97998046875,1999.9200439453125,2004.6500244140625,1985.6300048828125,241100,3774.340087890625,2.6059999465942383,17.670000076293945,1073.199951171875
2013-10-07,1994.4200439453125,1997.1700439453125,2002.6099853515625,1991.02001953125,249800,3774.340087890625,2.6059999465942383,17.670000076293945,1073.199951171875
2013-10-08,2002.760009765625,1987.969970703125,2002.780029296875,1981.2099609375,329600,3770.3798828125,2.634000062942505,19.40999984741211,1069.0999755859375
2013-10-10,2001.4000244140625,2000.9100341796875,2010.0,1997.6600341796875,222700,3677.780029296875,2.6500000953674316,19.600000381469727,1074.0999755859375
2013-10-11,2024.9000244140625,2018.010009765625,2028.1099853515625,2012.6600341796875,254300,3760.75,2.684999942779541,16.479999542236328,1074.5999755859375
2013-10-14,2020.27001953125,2026.0699462890625,2026.7900390625,2019.6500244140625,220700,3760.75,2.684999942779541,16.479999542236328,1074.5999755859375
2013-10-15,2040.9599609375,2034.68994140625,2045.5,2033.8399658203125,233600,3815.280029296875,2.690999984741211,16.06999969482422,1069.199951171875
2013-10-16,2034.6099853515625,2040.030029296875,2049.5,2033.75,267500,3794.010009765625,2.7200000286102295,18.65999984741211,1070.199951171875
2013-10-17,2040.6099853515625,2051.18994140625,2052.43994140625,2035.9599609375,306900,3839.429931640625,2.6710000038146973,14.710000038146973,1063.5
2013-10-18,2052.39990234375,2046.56005859375,2052.39990234375,2041.3599853515625,257600,3863.14990234375,2.5869998931884766,13.479999542236328,1066.0
2013-10-21,2053.010009765625,2054.159912109375,2060.179931640625,2047.8299560546875,281900,3863.14990234375,2.5869998931884766,13.479999542236328,1066.0
2013-10-22,2056.1201171875,2051.010009765625,2056.1201171875,2045.449951171875,378800,3920.050048828125,2.6089999675750732,13.15999984741211,1040.0999755859375
2013-10-23,2035.75,2062.81005859375,2063.280029296875,2035.75,368000,3929.570068359375,2.51200008392334,13.329999923706055,1061.0
2013-10-24,2046.68994140625,2034.9599609375,2046.68994140625,2027.9300537109375,254900,3907.070068359375,2.484999895095825,13.420000076293945,1057.0
2013-10-25,2034.3900146484375,2047.4599609375,2047.4599609375,2023.8199462890625,234800,3928.9599609375,2.5220000743865967,13.199999809265137,1057.0
2013-10-28,2048.139892578125,2037.280029296875,2048.139892578125,2030.9000244140625,257500,3928.9599609375,2.5220000743865967,13.199999809265137,1057.0
2013-10-29,2051.760009765625,2046.6700439453125,2053.780029296875,2039.4599609375,307700,3940.1298828125,2.51200008392334,13.3100004196167,1061.0999755859375
2013-10-30,2059.580078125,2055.0,2059.580078125,2043.9300537109375,263400,3952.340087890625,2.506999969482422,13.40999984741211,1060.5
2013-10-31,2030.0899658203125,2050.9599609375,2055.590087890625,2030.0899658203125,254500,3930.6201171875,2.5269999504089355,13.649999618530273,1061.699951171875
2013-11-01,2039.4200439453125,2037.25,2041.22998046875,2030.5699462890625,294200,3919.7099609375,2.5420000553131104,13.75,1058.199951171875
2013-11-04,2025.1700439453125,2035.0799560546875,2035.8399658203125,2022.9100341796875,235200,3919.7099609375,2.5420000553131104,13.75,1058.199951171875
2013-11-05,2013.9300537109375,2027.6199951171875,2029.5999755859375,2010.199951171875,257800,3936.590087890625,2.6019999980926514,12.930000305175781,1039.5
2013-11-06,2013.6700439453125,2015.3199462890625,2023.52001953125,2011.4100341796875,273700,3939.860107421875,2.6619999408721924,13.270000457763672,1061.5
2013-11-07,2004.0400390625,2014.8499755859375,2017.550048828125,2000.5999755859375,310900,3931.949951171875,2.640000104904175,12.670000076293945,1060.5
2013-11-08,1984.8699951171875,1987.2099609375,1998.5899658203125,1984.8599853515625,287300,3857.330078125,2.61299991607666,13.90999984741211,1059.0
2013-11-11,1977.300048828125,1995.8599853515625,1995.8599853515625,1973.050048828125,286200,3857.330078125,2.61299991607666,13.90999984741211,1059.0
2013-11-12,1995.47998046875,1983.93994140625,2000.4100341796875,1983.8900146484375,247400,3919.7900390625,2.750999927520752,12.529999732971191,1046.9000244140625
2013-11-13,1963.56005859375,1993.1600341796875,1993.1600341796875,1963.56005859375,251500,3919.919921875,2.7679998874664307,12.819999694824219,1071.4000244140625
2013-11-14,1967.56005859375,1980.199951171875,1981.8900146484375,1963.4200439453125,323100,3965.580078125,2.7249999046325684,12.520000457763672,1072.4000244140625
2013-11-15,2005.6400146484375,1980.989990234375,2006.31005859375,1980.989990234375,264700,3972.739990234375,2.7019999027252197,12.369999885559082,1069.5999755859375
2013-11-18,2010.81005859375,2014.239990234375,2018.1700439453125,2009.760009765625,314000,3972.739990234375,2.7019999027252197,12.369999885559082,1069.5999755859375
2013-11-19,2031.6400146484375,2009.949951171875,2033.9100341796875,2009.469970703125,402800,3949.070068359375,2.677999973297119,13.100000381469727,1034.699951171875
2013-11-20,2017.239990234375,2028.3399658203125,2029.6099853515625,2010.739990234375,334800,3931.550048828125,2.7119998931884766,13.390000343322754,1054.0
2013-11-21,1993.780029296875,2013.7099609375,2013.7099609375,1985.6500244140625,292700,3921.27001953125,2.7920000553131104,13.399999618530273,1054.199951171875
2013-11-22,2006.22998046875,2002.1500244140625,2011.199951171875,1992.47998046875,351000,3969.159912109375,2.7839999198913574,12.65999984741211,1055.9000244140625
2013-11-25,2015.97998046875,2020.0,2031.1099853515625,2015.97998046875,295500,3969.159912109375,2.7839999198913574,12.65999984741211,1055.9000244140625
2013-11-26,2022.6400146484375,2008.18994140625,2022.6600341796875,1998.9000244140625,275300,3994.570068359375,2.740999937057495,12.789999961853027,1060.699951171875
2013-11-27,2028.81005859375,2016.280029296875,2028.81005859375,2010.8399658203125,284100,4017.75,2.696000099182129,12.8100004196167,1059.0
2013-11-28,2045.77001953125,2039.72998046875,2047.6600341796875,2037.72998046875,276300,4044.75,2.7360000610351562,12.979999542236328,1059.4000244140625
2013-11-29,2044.8699951171875,2044.8499755859375,2050.699951171875,2038.4599609375,245400,4044.75,2.7360000610351562,12.979999542236328,1059.9000244140625
2013-12-02,2030.780029296875,2050.449951171875,2052.8798828125,2029.0999755859375,229700,4044.75,2.7360000610351562,12.979999542236328,1059.9000244140625
2013-12-03,2009.3599853515625,2023.6199951171875,2028.0699462890625,2008.550048828125,294900,4045.260009765625,2.8010001182556152,14.229999542236328,1057.800048828125
2013-12-04,1986.800048828125,1998.68994140625,2006.7099609375,1986.800048828125,230300,4037.199951171875,2.7750000953674316,14.550000190734863,1057.300048828125
2013-12-05,1984.77001953125,1993.72998046875,1994.3199462890625,1971.43994140625,217700,4038.0,2.8410000801086426,14.699999809265137,1060.199951171875
2013-12-06,1980.4100341796875,1982.989990234375,1990.550048828125,1980.4000244140625,201900,4033.169921875,2.861999988555908,15.079999923706055,1060.5999755859375
2013-12-09,2000.3800048828125,2000.52001953125,2003.969970703125,1997.5799560546875,230300,4033.169921875,2.861999988555908,15.079999923706055,1060.5999755859375
2013-12-10,1993.449951171875,2000.030029296875,2001.3299560546875,1989.4100341796875,201000,4068.75,2.8570001125335693,13.489999771118164,1052.800048828125
2013-12-11,1977.969970703125,1987.219970703125,2000.1500244140625,1972.8699951171875,231400,4060.489990234375,2.796999931335449,13.90999984741211,1051.699951171875
2013-12-12,1967.9300537109375,1966.43994140625,1970.510009765625,1958.989990234375,255100,4003.81005859375,2.8440001010894775,15.420000076293945,1051.75
2013-12-13,1962.9100341796875,1963.0400390625,1963.81005859375,1947.43994140625,234100,3998.39990234375,2.877000093460083,15.539999961853027,1051.199951171875
2013-12-16,1961.1500244140625,1960.5999755859375,1970.25,1956.6300048828125,213500,3998.39990234375,2.877000093460083,15.539999961853027,1051.199951171875
2013-12-17,1965.739990234375,1977.93994140625,1979.6199951171875,1962.219970703125,253900,4029.52001953125,2.877000093460083,16.030000686645508,1052.5999755859375
2013-12-18,1974.6300048828125,1971.8499755859375,1982.4200439453125,1966.1800537109375,258700,4023.679931640625,2.8429999351501465,16.209999084472656,1051.699951171875
2013-12-19,1975.6500244140625,1996.7900390625,1997.02001953125,1969.949951171875,255800,4070.06005859375,2.884999990463257,13.800000190734863,1049.699951171875
2013-12-20,1983.3499755859375,1973.1199951171875,1984.43994140625,1972.5899658203125,247100,4058.139892578125,2.924999952316284,14.149999618530273,1051.199951171875
2013-12-23,1996.8900146484375,1993.449951171875,2000.0699462890625,1989.0,223000,4058.139892578125,2.924999952316284,14.149999618530273,1051.199951171875
2013-12-24,2001.5899658203125,2000.239990234375,2007.3399658203125,1994.3399658203125,214700,4148.89990234375,2.928999900817871,13.039999961853027,1063.4000244140625
2013-12-26,1999.300048828125,2004.25,2009.9599609375,1997.3399658203125,230500,4148.89990234375,2.928999900817871,13.039999961853027,1059.4000244140625
2013-12-27,2002.280029296875,1994.050048828125,2004.550048828125,1987.5799560546875,207800,4167.18017578125,2.990000009536743,12.329999923706055,1060.4000244140625
2013-12-30,2011.3399658203125,2004.3199462890625,2011.3399658203125,1998.6099853515625,172200,4167.18017578125,2.990000009536743,12.329999923706055,1060.4000244140625
2014-01-02,1967.18994140625,2013.1099853515625,2013.8900146484375,1967.18994140625,207800,4167.18017578125,2.990000009536743,12.329999923706055,1054.800048828125
2014-01-03,1946.1400146484375,1963.719970703125,1964.6300048828125,1936.1500244140625,188500,4143.06982421875,2.984999895095825,14.229999542236328,1050.75
2014-01-06,1953.280029296875,1947.6199951171875,1961.8499755859375,1943.739990234375,193600,4143.06982421875,2.984999895095825,14.229999542236328,1050.75
2014-01-07,1959.43994140625,1947.6500244140625,1965.739990234375,1947.0799560546875,193000,4113.68017578125,2.9609999656677246,13.550000190734863,1053.800048828125
2014-01-08,1958.9599609375,1965.5,1966.949951171875,1950.02001953125,217100,4153.18017578125,2.937000036239624,12.920000076293945,1065.4000244140625
2014-01-09,1946.1099853515625,1962.300048828125,1964.5899658203125,1946.1099853515625,276400,4165.60986328125,2.993000030517578,12.869999885559082,1068.5
2014-01-10,1938.5400390625,1949.530029296875,1956.969970703125,1931.1600341796875,263000,4156.18994140625,2.9630000591278076,12.890000343322754,1064.699951171875
2014-01-13,1948.9200439453125,1947.3800048828125,1954.0699462890625,1942.8299560546875,267900,4156.18994140625,2.9630000591278076,12.890000343322754,1064.699951171875
2014-01-14,1946.0699462890625,1942.7900390625,1961.72998046875,1939.31005859375,244100,4113.2998046875,2.8269999027252197,13.279999732971191,1060.4000244140625
2014-01-15,1953.280029296875,1956.4300537109375,1956.8399658203125,1945.8699951171875,250900,4183.02001953125,2.86899995803833,12.279999732971191,1058.5
2014-01-16,1957.3199462890625,1957.9100341796875,1965.27001953125,1955.7900390625,379600,4214.8798828125,2.884000062942505,12.279999732971191,1058.300048828125
2014-01-17,1944.47998046875,1958.5,1962.6400146484375,1943.1300048828125,260900,4218.68994140625,2.8429999351501465,12.529999732971191,1063.0
2014-01-20,1953.780029296875,1945.989990234375,1955.280029296875,1934.3800048828125,279500,4218.68994140625,2.8429999351501465,12.529999732971191,1063.0
2014-01-21,1963.8900146484375,1955.260009765625,1965.4300537109375,1949.56005859375,289300,4218.68994140625,2.8429999351501465,12.529999732971191,1041.5999755859375
2014-01-22,1970.4200439453125,1960.4599609375,1970.4200439453125,1959.5699462890625,243900,4225.759765625,2.825000047683716,12.869999885559082,1062.5
2014-01-23,1947.5899658203125,1968.77001953125,1969.0400390625,1947.010009765625,229400,4243.0,2.859999895095825,12.84000015258789,1064.199951171875
2014-01-24,1940.56005859375,1941.550048828125,1947.010009765625,1924.489990234375,279200,4218.8798828125,2.7730000019073486,13.770000457763672,1066.5
2014-01-27,1910.3399658203125,1905.9100341796875,1918.6800537109375,1899.760009765625,340400,4218.8798828125,2.7730000019073486,13.770000457763672,1066.5
2014-01-28,1916.9300537109375,1907.1800537109375,1919.260009765625,1904.050048828125,270500,4083.610107421875,2.7660000324249268,17.420000076293945,1078.4000244140625
2014-01-29,1941.1500244140625,1925.9300537109375,1941.7099609375,1925.52001953125,219900,4097.9599609375,2.746000051498413,15.800000190734863,1082.5
2014-02-03,1919.9599609375,1930.0899658203125,1931.81005859375,1917.6400146484375,229600,4097.9599609375,2.746000051498413,15.800000190734863,1082.5
2014-02-04,1886.8499755859375,1894.9599609375,1898.0799560546875,1885.530029296875,251000,3996.9599609375,2.5810000896453857,21.440000534057617,1080.199951171875
2014-02-05,1891.3199462890625,1897.949951171875,1901.4000244140625,1888.469970703125,244000,4031.52001953125,2.624000072479248,19.110000610351562,1083.5999755859375
2014-02-06,1907.8900146484375,1897.3499755859375,1910.9100341796875,1897.3499755859375,259400,4011.550048828125,2.6670000553131104,19.950000762939453,1083.0
2014-02-07,1922.5,1922.449951171875,1923.25,1910.9000244140625,273000,4057.1201171875,2.7019999027252197,17.229999542236328,1076.9000244140625
2014-02-10,1923.300048828125,1928.1300048828125,1928.3900146484375,1916.4000244140625,208000,4057.1201171875,2.7019999027252197,17.229999542236328,1076.9000244140625
2014-02-11,1932.06005859375,1924.449951171875,1935.2900390625,1920.550048828125,226400,4148.169921875,2.677999973297119,15.260000228881836,1075.300048828125
2014-02-12,1935.8399658203125,1942.22998046875,1942.22998046875,1933.5400390625,225400,4191.0498046875,2.7190001010894775,14.510000228881836,1071.9000244140625
2014-02-13,1926.9599609375,1936.6199951171875,1944.72998046875,1924.3900146484375,187900,4201.2900390625,2.763000011444092,14.300000190734863,1069.9000244140625
2014-02-14,1940.280029296875,1930.1400146484375,1946.81005859375,1930.1400146484375,216600,4240.669921875,2.7360000610351562,14.140000343322754,1061.4000244140625
2014-02-17,1946.3599853515625,1951.739990234375,1955.0400390625,1942.93994140625,215500,4240.669921875,2.7360000610351562,14.140000343322754,1061.4000244140625
2014-02-18,1946.9100341796875,1946.8800048828125,1951.06005859375,1935.5999755859375,200400,4240.669921875,2.7360000610351562,14.140000343322754,1058.75
2014-02-19,1942.9300537109375,1944.699951171875,1944.699951171875,1932.43994140625,213600,4272.77978515625,2.7109999656677246,13.869999885559082,1059.4000244140625
2014-02-20,1930.5699462890625,1932.9000244140625,1941.1300048828125,1927.530029296875,232300,4237.9501953125,2.7339999675750732,15.5,1064.4000244140625
2014-02-21,1957.8299560546875,1948.030029296875,1957.8299560546875,1946.6800537109375,216300,4267.5498046875,2.753999948501587,14.789999961853027,1065.300048828125
2014-02-24,1949.050048828125,1958.06005859375,1961.4100341796875,1943.8599853515625,193800,4267.5498046875,2.753999948501587,14.789999961853027,1065.300048828125
2014-02-25,1964.8599853515625,1958.300048828125,1964.8599853515625,1955.699951171875,226000,4292.97021484375,2.75,14.229999542236328,1072.0999755859375
2014-02-26,1970.77001953125,1963.449951171875,1973.8800048828125,1955.9200439453125,209100,4287.58984375,2.7009999752044678,13.670000076293945,1073.300048828125
2014-02-27,1978.4300537109375,1969.8499755859375,1980.3699951171875,1965.699951171875,201100,4292.06005859375,2.6730000972747803,14.350000381469727,1073.0999755859375
2014-02-28,1979.989990234375,1976.47998046875,1981.1500244140625,1972.6500244140625,252800,4318.93017578125,2.6419999599456787,14.039999961853027,1065.0999755859375
2014-03-03,1964.68994140625,1967.9000244140625,1969.1600341796875,1955.1099853515625,222600,4318.93017578125,2.6419999599456787,14.039999961853027,1065.0999755859375
2014-03-04,1954.1099853515625,1954.5799560546875,1963.56005859375,1952.6099853515625,200400,4277.2998046875,2.6070001125335693,16.0,1067.300048828125
2014-03-05,1971.239990234375,1973.280029296875,1977.300048828125,1970.280029296875,197700,4351.97021484375,2.690999984741211,14.100000381469727,1069.0
2014-03-06,1975.6199951171875,1973.6700439453125,1975.6199951171875,1968.1700439453125,193700,4357.97021484375,2.697999954223633,13.890000343322754,1070.0999755859375
2014-03-07,1974.6800537109375,1979.699951171875,1983.530029296875,1968.6600341796875,231600,4352.1298828125,2.736999988555908,14.210000038146973,1070.199951171875
2014-03-10,1954.4200439453125,1967.6300048828125,1967.6600341796875,1951.9599609375,214900,4352.1298828125,2.736999988555908,14.210000038146973,1070.199951171875
2014-03-11,1963.8699951171875,1957.219970703125,1963.8699951171875,1951.199951171875,247500,4334.4501953125,2.7839999198913574,14.199999809265137,1064.199951171875
2014-03-12,1932.5400390625,1957.6700439453125,1958.0899658203125,1930.47998046875,329900,4307.18994140625,2.7660000324249268,14.800000190734863,1066.0999755859375
2014-03-13,1934.3800048828125,1940.3499755859375,1946.280029296875,1931.75,259600,4323.330078125,2.7260000705718994,14.470000267028809,1064.780029296875
2014-03-14,1919.9000244140625,1916.0699462890625,1927.8900146484375,1913.6400146484375,254000,4260.419921875,2.6530001163482666,16.219999313354492,1067.030029296875
2014-03-17,1927.530029296875,1921.1500244140625,1928.4300537109375,1919.6099853515625,214900,4260.419921875,2.6530001163482666,16.219999313354492,1067.030029296875
2014-03-18,1940.2099609375,1941.1199951171875,1946.1400146484375,1931.8299560546875,274300,4279.9501953125,2.6989998817443848,15.640000343322754,1071.9300537109375
2014-03-19,1937.6800537109375,1947.3399658203125,1948.1500244140625,1935.27001953125,249100,4333.31005859375,2.680999994277954,14.520000457763672,1066.9000244140625
2014-03-20,1919.52001953125,1934.1500244140625,1934.6300048828125,1919.3699951171875,220600,4307.60009765625,2.7720000743865967,15.119999885559082,1068.4000244140625
2014-03-21,1934.93994140625,1930.239990234375,1935.1800537109375,1927.8499755859375,252900,4319.2900390625,2.7750000953674316,14.520000457763672,1069.5999755859375
2014-03-24,1945.550048828125,1937.06005859375,1950.5400390625,1937.06005859375,228300,4319.2900390625,2.7750000953674316,14.520000457763672,1069.5999755859375
2014-03-25,1941.25,1940.9000244140625,1946.0899658203125,1936.6199951171875,225200,4226.39013671875,2.7330000400543213,15.09000015258789,1079.3800048828125
2014-03-26,1964.31005859375,1954.5999755859375,1965.43994140625,1953.68994140625,248900,4234.27001953125,2.734999895095825,14.020000457763672,1076.800048828125
2014-03-27,1977.969970703125,1963.6600341796875,1979.699951171875,1963.0999755859375,218100,4173.580078125,2.7009999752044678,14.930000305175781,1078.300048828125
2014-03-28,1981.0,1972.6300048828125,1985.5,1971.25,244600,4151.22998046875,2.671999931335449,14.619999885559082,1076.4300537109375
2014-03-31,1985.6099853515625,1988.72998046875,1989.800048828125,1973.050048828125,241000,4151.22998046875,2.671999931335449,14.619999885559082,1076.4300537109375
2014-04-01,1991.97998046875,1983.780029296875,1991.97998046875,1976.06005859375,214600,4198.990234375,2.7230000495910645,13.880000114440918,1066.550048828125
2014-04-02,1997.25,2000.1300048828125,2001.260009765625,1995.0799560546875,220900,4268.0400390625,2.759000062942505,13.100000381469727,1062.5
2014-04-03,1993.699951171875,1999.4200439453125,2007.8800048828125,1992.1600341796875,225700,4276.4599609375,2.802999973297119,13.09000015258789,1057.5999755859375
2014-04-04,1988.0899658203125,1987.8399658203125,1993.9599609375,1985.760009765625,225600,4237.740234375,2.7899999618530273,13.369999885559082,1058.43994140625
2014-04-07,1989.699951171875,1984.2900390625,1992.1800537109375,1978.6300048828125,186400,4237.740234375,2.7899999618530273,13.369999885559082,1058.43994140625
2014-04-08,1993.030029296875,1977.6099853515625,1994.5799560546875,1977.6099853515625,218100,4079.75,2.694999933242798,15.569999694824219,1051.449951171875
2014-04-09,1998.949951171875,1997.97998046875,2001.1500244140625,1992.1199951171875,233700,4112.990234375,2.680999994277954,14.890000343322754,1054.3399658203125
2014-04-10,2008.6099853515625,2007.7099609375,2008.97998046875,1995.7900390625,232400,4183.89990234375,2.684000015258789,13.819999694824219,1046.030029296875
2014-04-11,1997.43994140625,1985.280029296875,1997.43994140625,1985.1600341796875,218100,4054.110107421875,2.628000020980835,15.890000343322754,1035.1099853515625
2014-04-14,1997.02001953125,1993.81005859375,2001.0,1993.0699462890625,205700,4054.110107421875,2.628000020980835,15.890000343322754,1035.1099853515625
2014-04-15,1992.27001953125,2008.489990234375,2009.0400390625,1990.3399658203125,194500,4022.68994140625,2.6389999389648438,16.110000610351562,1038.93994140625
2014-04-16,1992.2099609375,1994.31005859375,1995.8599853515625,1986.25,230700,4034.159912109375,2.628000020980835,15.609999656677246,1040.9100341796875
2014-04-17,1992.050048828125,2000.469970703125,2001.2900390625,1984.97998046875,200200,4086.22998046875,2.63700008392334,14.180000305175781,1040.199951171875
2014-04-18,2004.280029296875,1998.52001953125,2005.219970703125,1998.260009765625,206500,4095.52001953125,2.7209999561309814,13.359999656677246,1036.4300537109375
2014-04-21,1999.219970703125,2006.2099609375,2006.949951171875,1993.530029296875,205600,4095.52001953125,2.7209999561309814,13.359999656677246,1036.4300537109375
2014-04-22,2004.219970703125,2000.93994140625,2004.4200439453125,1991.469970703125,212000,4121.5498046875,2.7209999561309814,13.25,1037.5999755859375
2014-04-23,2000.3699951171875,2010.06005859375,2013.0899658203125,1999.780029296875,241700,4161.4599609375,2.7260000705718994,13.1899995803833,1038.4100341796875
2014-04-24,1998.3399658203125,2006.3800048828125,2007.1700439453125,1993.1800537109375,235100,4126.97021484375,2.686000108718872,13.270000457763672,1039.510009765625
2014-04-25,1971.6600341796875,1996.6099853515625,1996.6400146484375,1971.6600341796875,208400,4148.33984375,2.687999963760376,13.319999694824219,1038.5999755859375
2014-04-28,1969.260009765625,1969.0400390625,1976.56005859375,1969.0400390625,168800,4148.33984375,2.687999963760376,13.319999694824219,1038.5999755859375
2014-04-29,1964.77001953125,1974.6700439453125,1976.1700439453125,1960.3599853515625,177600,4074.39990234375,2.677000045776367,13.970000267028809,1039.699951171875
2014-04-30,1961.7900390625,1973.56005859375,1974.3299560546875,1955.1500244140625,227300,4103.5400390625,2.694999933242798,13.710000038146973,1033.43994140625
2014-05-02,1959.43994140625,1966.2900390625,1968.5,1956.3199462890625,179500,4127.4501953125,2.6059999465942383,13.25,1032.4000244140625
2014-05-07,1939.8800048828125,1964.18994140625,1964.18994140625,1939.550048828125,193000,4080.760009765625,2.5950000286102295,13.800000190734863,1029.0999755859375
2014-05-08,1950.5999755859375,1945.93994140625,1950.5999755859375,1934.719970703125,222400,4067.669921875,2.5899999141693115,13.399999618530273,1025.510009765625
2014-05-09,1956.550048828125,1953.47998046875,1958.3399658203125,1949.6400146484375,205200,4051.5,2.6019999980926514,13.430000305175781,1022.9199829101562
2014-05-12,1964.93994140625,1956.260009765625,1966.6400146484375,1950.9100341796875,201600,4051.5,2.6019999980926514,13.430000305175781,1022.9199829101562
2014-05-13,1982.9300537109375,1973.0799560546875,1988.4100341796875,1969.5999755859375,242200,4143.85986328125,2.6559998989105225,12.229999542236328,1023.0999755859375
2014-05-14,2010.8299560546875,1990.989990234375,2010.8499755859375,1990.7900390625,233900,4130.169921875,2.618000030517578,12.130000114440918,1023.22998046875
2014-05-15,2010.199951171875,2007.8800048828125,2015.3699951171875,2006.3800048828125,259400,4100.6298828125,2.5429999828338623,12.170000076293945,1022.5999755859375
2014-05-16,2013.43994140625,2003.47998046875,2013.43994140625,1997.27001953125,232500,4069.2900390625,2.502000093460083,13.170000076293945,1027.739990234375
2014-05-19,2015.1400146484375,2013.7900390625,2015.530029296875,2002.8900146484375,265600,4069.2900390625,2.502000093460083,13.170000076293945,1027.739990234375
2014-05-20,2011.260009765625,2011.8499755859375,2014.4599609375,2004.3199462890625,248300,4125.81005859375,2.5360000133514404,12.420000076293945,999.8300170898438
2014-05-21,2008.3299560546875,2003.47998046875,2015.6300048828125,2001.739990234375,224100,4096.89013671875,2.509000062942505,12.960000038146973,1021.7000122070312
2014-05-22,2015.5899658203125,2015.4100341796875,2022.5899658203125,2011.5999755859375,231100,4131.5400390625,2.5369999408721924,11.90999984741211,1024.8599853515625
2014-05-23,2017.1700439453125,2013.0899658203125,2017.9599609375,2011.760009765625,241800,4154.33984375,2.555000066757202,12.029999732971191,1025.949951171875
2014-05-26,2010.3499755859375,2016.2099609375,2020.9599609375,2008.1400146484375,196600,4154.33984375,2.555000066757202,12.029999732971191,1025.949951171875
2014-05-27,1997.6300048828125,2014.8699951171875,2016.72998046875,1988.43994140625,221800,4154.33984375,2.555000066757202,12.029999732971191,1024.72998046875
2014-05-28,2017.06005859375,2000.260009765625,2017.06005859375,1997.8900146484375,210700,4237.06982421875,2.5179998874664307,11.510000228881836,1024.1300048828125
2014-05-29,2012.260009765625,2020.6700439453125,2021.9599609375,2009.22998046875,228500,4225.080078125,2.437999963760376,11.680000305175781,1024.3800048828125
2014-05-30,1994.9599609375,2015.3699951171875,2019.1700439453125,1994.9599609375,247300,4247.9501953125,2.447000026702881,11.569999694824219,1020.9000244140625
2014-06-02,2002.0,1998.81005859375,2006.9300537109375,1995.68994140625,265600,4247.9501953125,2.447000026702881,11.569999694824219,1020.9000244140625
2014-06-03,2008.56005859375,2006.31005859375,2008.56005859375,1990.719970703125,266700,4237.2001953125,2.5339999198913574,11.579999923706055,1020.2000122070312
2014-06-05,1995.47998046875,2007.199951171875,2007.199951171875,1986.949951171875,222100,4251.64013671875,2.6059999465942383,12.079999923706055,1022.2999877929688
2014-06-09,1990.0400390625,2004.72998046875,2008.8599853515625,1986.530029296875,209600,4251.64013671875,2.6059999465942383,12.079999923706055,1022.2999877929688
2014-06-10,2011.800048828125,2000.8900146484375,2011.8699951171875,1996.2099609375,234900,4336.240234375,2.61299991607666,11.149999618530273,1019.0
2014-06-11,2014.6700439453125,2009.510009765625,2016.780029296875,2006.72998046875,238000,4338.0,2.634999990463257,10.989999771118164,1016.7899780273438
2014-06-12,2011.6500244140625,2013.5999755859375,2015.800048828125,2003.5699462890625,251900,4331.93017578125,2.640000104904175,11.600000381469727,1016.1900024414062
2014-06-13,1990.8499755859375,2005.550048828125,2005.550048828125,1984.0400390625,223100,4297.6298828125,2.5859999656677246,12.5600004196167,1017.5999755859375
2014-06-16,1993.5899658203125,1986.8599853515625,1995.8599853515625,1985.300048828125,233600,4297.6298828125,2.5859999656677246,12.5600004196167,1017.5999755859375
2014-06-17,2001.550048828125,1994.8900146484375,2002.9599609375,1991.530029296875,236600,4321.10009765625,2.5969998836517334,12.649999618530273,1017.2999877929688
2014-06-18,1989.489990234375,2002.260009765625,2002.260009765625,1987.030029296875,216900,4337.22998046875,2.6549999713897705,12.0600004196167,1019.5
2014-06-19,1992.030029296875,1994.22998046875,1999.1099853515625,1985.8900146484375,257900,4362.83984375,2.61299991607666,10.609999656677246,1023.760009765625
2014-06-20,1968.0699462890625,1990.7099609375,1990.72998046875,1965.1199951171875,232700,4359.330078125,2.621999979019165,10.619999885559082,1017.8599853515625
2014-06-23,1974.9200439453125,1975.0999755859375,1980.31005859375,1971.6099853515625,231700,4359.330078125,2.621999979019165,10.619999885559082,1017.8599853515625
2014-06-24,1994.3499755859375,1976.239990234375,1998.31005859375,1976.239990234375,250600,4368.68017578125,2.622999906539917,10.979999542236328,1020.5
2014-06-25,1981.77001953125,1992.68994140625,1993.5999755859375,1980.780029296875,336700,4350.35009765625,2.5859999656677246,12.130000114440918,1018.0900268554688
2014-06-26,1995.050048828125,1983.0,1997.0799560546875,1982.47998046875,273500,4379.759765625,2.559000015258789,11.59000015258789,1018.5499877929688
2014-06-27,1988.510009765625,1990.9000244140625,1997.010009765625,1983.8800048828125,218800,4379.0498046875,2.5250000953674316,11.630000114440918,1018.280029296875
2014-06-30,2002.2099609375,1996.1300048828125,2002.2099609375,1992.6500244140625,201100,4379.0498046875,2.5250000953674316,11.630000114440918,1018.280029296875
2014-07-01,1999.0,1993.2900390625,1999.0,1987.8900146484375,238900,4408.18017578125,2.5160000324249268,11.569999694824219,1013.2999877929688
2014-07-02,2015.280029296875,2008.0,2016.3599853515625,2002.4000244140625,318400,4458.64990234375,2.562999963760376,11.149999618530273,1011.0
2014-07-03,2010.969970703125,2015.989990234375,2015.989990234375,2007.8599853515625,259900,4457.72998046875,2.628000020980835,10.819999694824219,1010.530029296875
2014-07-04,2009.6600341796875,2018.3499755859375,2018.3499755859375,2005.8399658203125,241500,4485.93017578125,2.6480000019073486,10.319999694824219,1008.7999877929688
2014-07-07,2005.1199951171875,2007.530029296875,2009.3199462890625,1998.030029296875,228300,4485.93017578125,2.6480000019073486,10.319999694824219,1008.7999877929688
2014-07-08,2006.6600341796875,2003.550048828125,2009.219970703125,1997.8699951171875,259400,4451.52978515625,2.617000102996826,11.329999923706055,1008.7999877929688
2014-07-09,2000.5,1997.5699462890625,2000.8900146484375,1992.4200439453125,272700,4391.4599609375,2.565000057220459,11.979999542236328,1010.5999755859375
2014-07-10,2002.8399658203125,2004.6300048828125,2006.5,1999.9599609375,327600,4419.02978515625,2.546999931335449,11.649999618530273,1010.7999877929688
2014-07-11,1988.739990234375,1988.9300537109375,1993.4599609375,1985.530029296875,277000,4396.2001953125,2.5320000648498535,12.59000015258789,1011.0
2014-07-14,1993.8800048828125,1998.260009765625,2001.1099853515625,1993.5699462890625,270400,4396.2001953125,2.5320000648498535,12.59000015258789,1011.0
2014-07-15,2012.719970703125,2004.9300537109375,2015.5400390625,2004.489990234375,361200,4440.419921875,2.5490000247955322,11.819999694824219,1018.5
2014-07-16,2013.47998046875,2015.6700439453125,2018.050048828125,2008.989990234375,315200,4416.39013671875,2.5490000247955322,11.960000038146973,1018.2000122070312
2014-07-17,2020.9000244140625,2020.52001953125,2025.4100341796875,2018.77001953125,322700,4425.97021484375,2.5380001068115234,11.0,1025.9000244140625
2014-07-18,2019.4200439453125,2007.1199951171875,2019.4200439453125,2006.010009765625,304500,4363.4501953125,2.4749999046325684,14.539999961853027,1031.0999755859375
2014-07-21,2018.5,2028.02001953125,2030.6099853515625,2016.4200439453125,274600,4363.4501953125,2.4749999046325684,14.539999961853027,1031.0999755859375
2014-07-22,2028.9300537109375,2021.1800537109375,2028.9300537109375,2017.760009765625,265900,4424.7001953125,2.4739999771118164,12.8100004196167,1027.9000244140625
2014-07-23,2028.3199462890625,2032.72998046875,2035.239990234375,2025.0,353500,4456.02001953125,2.4660000801086426,12.239999771118164,1026.0
2014-07-24,2026.6199951171875,2032.93994140625,2034.719970703125,2021.219970703125,323600,4473.7001953125,2.4639999866485596,11.520000457763672,1022.5999755859375
2014-07-25,2033.8499755859375,2030.0400390625,2036.199951171875,2027.3299560546875,282800,4472.10986328125,2.509000062942505,11.84000015258789,1022.9000244140625
2014-07-28,2048.81005859375,2035.9599609375,2053.840087890625,2035.9599609375,349000,4472.10986328125,2.509000062942505,11.84000015258789,1022.9000244140625
2014-07-29,2061.969970703125,2054.030029296875,2065.9599609375,2053.409912109375,408800,4444.91015625,2.490999937057495,12.5600004196167,1025.0999755859375
2014-07-30,2082.610107421875,2064.469970703125,2093.080078125,2062.8798828125,343300,4442.7001953125,2.4619998931884766,13.279999732971191,1025.6300048828125
2014-07-31,2076.1201171875,2081.75,2090.570068359375,2070.780029296875,383700,4462.89990234375,2.553999900817871,13.329999923706055,1023.7999877929688
2014-08-01,2073.10009765625,2063.7099609375,2079.81005859375,2062.5400390625,272000,4369.77001953125,2.555999994277954,16.950000762939453,1023.5999755859375
2014-08-04,2080.419921875,2080.77001953125,2083.050048828125,2067.169921875,253200,4369.77001953125,2.555999994277954,16.950000762939453,1023.5999755859375
2014-08-05,2066.260009765625,2076.169921875,2077.72998046875,2058.919921875,346800,4383.89013671875,2.490999937057495,15.119999885559082,1036.699951171875
2014-08-06,2060.72998046875,2062.929931640625,2068.080078125,2055.679931640625,377300,4352.83984375,2.4830000400543213,16.8700008392334,1032.199951171875
2014-08-07,2054.510009765625,2062.239990234375,2063.530029296875,2047.75,292900,4355.0498046875,2.4739999771118164,16.3700008392334,1026.199951171875
2014-08-08,2031.0999755859375,2049.510009765625,2051.06005859375,2026.56005859375,354800,4334.97021484375,2.4240000247955322,16.65999984741211,1032.739990234375
2014-08-11,2039.3699951171875,2048.179931640625,2048.179931640625,2037.800048828125,285800,4334.97021484375,2.4240000247955322,16.65999984741211,1032.739990234375
2014-08-12,2041.469970703125,2048.389892578125,2055.85009765625,2038.1400146484375,312800,4401.330078125,2.4200000762939453,14.229999542236328,1036.0
2014-08-13,2062.360107421875,2046.6800537109375,2062.360107421875,2043.1099853515625,280700,4389.25,2.441999912261963,14.130000114440918,1030.0
2014-08-14,2063.219970703125,2065.68994140625,2073.419921875,2056.06005859375,270800,4434.1298828125,2.4130001068115234,12.899999618530273,1026.199951171875
2014-08-18,2053.1298828125,2070.949951171875,2073.050048828125,2053.1298828125,300400,4434.1298828125,2.4130001068115234,12.899999618530273,1026.199951171875
2014-08-19,2071.139892578125,2065.18994140625,2074.429931640625,2064.340087890625,327100,4508.31005859375,2.38700008392334,12.319999694824219,1020.7000122070312
2014-08-20,2072.780029296875,2080.77001953125,2082.2099609375,2063.610107421875,315400,4527.509765625,2.4049999713897705,12.210000038146973,1016.7899780273438
2014-08-21,2044.2099609375,2067.6298828125,2068.219970703125,2041.9100341796875,307800,4526.47998046875,2.4260001182556152,11.779999732971191,1016.7999877929688
2014-08-22,2056.699951171875,2048.239990234375,2058.4599609375,2046.5400390625,277900,4532.10009765625,2.4070000648498535,11.760000228881836,1021.7000122070312
2014-08-25,2060.889892578125,2049.159912109375,2062.22998046875,2044.199951171875,272000,4532.10009765625,2.4070000648498535,11.760000228881836,1021.7000122070312
2014-08-26,2068.050048828125,2069.070068359375,2072.419921875,2065.14990234375,288900,4557.35009765625,2.38700008392334,11.699999809265137,1020.0999755859375
2014-08-27,2074.929931640625,2075.449951171875,2081.830078125,2070.77001953125,337600,4570.64013671875,2.3910000324249268,11.630000114440918,1019.0
2014-08-28,2075.760009765625,2083.030029296875,2088.860107421875,2072.139892578125,305900,4569.6201171875,2.3610000610351562,11.779999732971191,1015.7000122070312
2014-08-29,2068.5400390625,2070.72998046875,2073.030029296875,2060.139892578125,301400,4557.7001953125,2.3340001106262207,12.050000190734863,1013.2000122070312
2014-09-01,2067.860107421875,2067.800048828125,2072.590087890625,2062.300048828125,272500,4557.7001953125,2.3340001106262207,12.050000190734863,1013.2000122070312
2014-09-02,2051.580078125,2065.969970703125,2066.0,2049.14990234375,323100,4557.7001953125,2.3340001106262207,12.050000190734863,1013.5999755859375
2014-09-03,2051.199951171875,2050.090087890625,2054.080078125,2040.43994140625,338000,4598.18994140625,2.4189999103546143,12.25,1011.7999877929688
2014-09-04,2056.260009765625,2059.050048828125,2065.27001953125,2050.7900390625,376400,4572.56005859375,2.4100000858306885,12.359999656677246,1017.5
2014-09-05,2049.409912109375,2053.179931640625,2059.0400390625,2044.6800537109375,343400,4562.2900390625,2.447999954223633,12.640000343322754,1019.0999755859375
2014-09-11,2034.1600341796875,2046.969970703125,2052.159912109375,2034.1300048828125,333400,4586.52001953125,2.5339999198913574,12.880000114440918,1033.5
2014-09-12,2041.8599853515625,2042.510009765625,2048.2099609375,2037.3699951171875,362700,4591.81005859375,2.5309998989105225,12.800000190734863,1033.5
2014-09-15,2035.8199462890625,2039.030029296875,2040.0799560546875,2028.800048828125,297600,4591.81005859375,2.5309998989105225,12.800000190734863,1033.5
2014-09-16,2042.9200439453125,2039.9200439453125,2045.6500244140625,2036.22998046875,365700,4518.89990234375,2.5910000801086426,14.119999885559082,1009.0999755859375
2014-09-17,2062.610107421875,2052.06005859375,2062.6201171875,2051.110107421875,351700,4552.759765625,2.5889999866485596,12.729999542236328,1037.4000244140625
2014-09-18,2047.739990234375,2058.2099609375,2063.260009765625,2044.1700439453125,394300,4562.18994140625,2.5999999046325684,12.649999618530273,1034.9000244140625
2014-09-19,2053.820068359375,2057.56005859375,2062.3701171875,2053.659912109375,397700,4593.43017578125,2.628999948501587,12.029999732971191,1033.5999755859375
2014-09-22,2039.27001953125,2053.300048828125,2053.300048828125,2032.3599853515625,323900,4593.43017578125,2.628999948501587,12.029999732971191,1033.5999755859375
2014-09-23,2028.9100341796875,2028.9000244140625,2036.25,2025.1600341796875,427800,4527.68994140625,2.565999984741211,13.6899995803833,1022.7999877929688
2014-09-24,2035.6400146484375,2024.75,2036.260009765625,2019.9100341796875,332600,4508.68994140625,2.5350000858306885,14.930000305175781,1039.800048828125
2014-09-25,2034.1099853515625,2045.6600341796875,2046.260009765625,2030.0899658203125,325400,4555.22021484375,2.569000005722046,13.270000457763672,1038.800048828125
2014-09-26,2031.6400146484375,2019.1700439453125,2031.6500244140625,2018.699951171875,313500,4466.75,2.510999917984009,15.640000343322754,1038.699951171875
2014-09-29,2026.5999755859375,2035.9300537109375,2036.43994140625,2021.3699951171875,339600,4466.75,2.510999917984009,15.640000343322754,1038.699951171875
2014-09-30,2020.0899658203125,2023.1800537109375,2029.1700439453125,2007.300048828125,322800,4505.85009765625,2.490999937057495,15.979999542236328,1026.0
2014-10-01,1991.5400390625,2013.469970703125,2013.469970703125,1989.8399658203125,351600,4493.39013671875,2.507999897003174,16.309999465942383,1052.199951171875
2014-10-02,1976.1600341796875,1984.4300537109375,1985.06005859375,1966.1700439453125,322700,4422.08984375,2.4030001163482666,16.709999084472656,1053.9000244140625
2014-10-06,1968.3900146484375,1987.8900146484375,1988.3900146484375,1968.300048828125,325100,4422.08984375,2.4030001163482666,16.709999084472656,1053.9000244140625
2014-10-07,1972.9100341796875,1979.8299560546875,1982.9599609375,1966.219970703125,328200,4454.7998046875,2.424999952316284,15.460000038146973,1060.0999755859375
2014-10-08,1965.25,1957.9000244140625,1974.27001953125,1957.9000244140625,266200,4385.2001953125,2.3499999046325684,17.200000762939453,1067.9000244140625
2014-10-10,1940.9200439453125,1953.97998046875,1953.97998046875,1931.8800048828125,342800,4378.33984375,2.3269999027252197,18.760000228881836,1074.0699462890625
2014-10-13,1927.2099609375,1919.47998046875,1932.3699951171875,1918.47998046875,308900,4378.33984375,2.3269999027252197,18.760000228881836,1074.0699462890625
2014-10-14,1929.25,1933.449951171875,1940.2099609375,1926.8699951171875,335500,4213.66015625,2.2860000133514404,24.639999389648438,1051.9000244140625
2014-10-15,1925.9100341796875,1932.1099853515625,1938.8499755859375,1918.77001953125,310300,4227.169921875,2.2060000896453857,22.790000915527344,1065.5
2014-10-16,1918.8299560546875,1911.449951171875,1922.93994140625,1904.77001953125,313600,4215.31982421875,2.0899999141693115,25.270000457763672,1064.199951171875
2014-10-17,1900.6600341796875,1923.510009765625,1923.510009765625,1896.5400390625,362100,4217.39013671875,2.1530001163482666,25.200000762939453,1059.699951171875
2014-10-20,1930.06005859375,1918.8399658203125,1933.1199951171875,1917.5400390625,344700,4217.39013671875,2.1530001163482666,25.200000762939453,1059.699951171875
2014-10-21,1915.280029296875,1923.6199951171875,1923.6199951171875,1911.030029296875,405900,4316.06982421875,2.180999994277954,18.56999969482422,1063.0
2014-10-22,1936.969970703125,1936.9100341796875,1936.989990234375,1924.2099609375,399100,4419.47998046875,2.2079999446868896,16.079999923706055,1054.9000244140625
2014-10-23,1931.6500244140625,1932.4300537109375,1944.449951171875,1924.1400146484375,372800,4382.85009765625,2.2290000915527344,17.8700008392334,1054.0999755859375
2014-10-24,1925.68994140625,1942.4599609375,1942.719970703125,1916.8399658203125,419400,4452.7900390625,2.2750000953674316,16.530000686645508,1052.199951171875
2014-10-27,1931.969970703125,1933.9100341796875,1939.25,1929.260009765625,408800,4452.7900390625,2.2750000953674316,16.530000686645508,1052.199951171875
2014-10-28,1925.6800537109375,1935.4599609375,1936.280029296875,1924.3699951171875,414600,4485.93017578125,2.256999969482422,16.040000915527344,1055.5999755859375
2014-10-29,1961.1700439453125,1938.800048828125,1961.489990234375,1931.5899658203125,396600,4564.2900390625,2.2839999198913574,14.390000343322754,1049.510009765625
2014-10-30,1958.9300537109375,1956.9200439453125,1959.489990234375,1944.239990234375,311000,4549.22998046875,2.322999954223633,15.149999618530273,1045.56005859375
2014-10-31,1964.4300537109375,1963.260009765625,1967.0799560546875,1951.0699462890625,349400,4566.14013671875,2.305000066757202,14.520000457763672,1053.0999755859375
2014-11-03,1952.969970703125,1959.6600341796875,1961.0400390625,1947.8299560546875,344500,4566.14013671875,2.305000066757202,14.520000457763672,1053.0999755859375
2014-11-04,1935.18994140625,1950.1500244140625,1956.72998046875,1928.52001953125,391700,4638.91015625,2.3480000495910645,14.729999542236328,1051.199951171875
2014-11-05,1931.4300537109375,1938.6099853515625,1944.5,1928.989990234375,332300,4623.64013671875,2.3420000076293945,14.890000343322754,1081.5999755859375
2014-11-06,1936.47998046875,1933.449951171875,1939.3199462890625,1923.050048828125,360600,4620.72021484375,2.3499999046325684,14.170000076293945,1076.9000244140625
2014-11-07,1939.8699951171875,1935.75,1943.260009765625,1932.1700439453125,255400,4638.47021484375,2.375,13.670000076293945,1088.5
2014-11-10,1958.22998046875,1952.7900390625,1965.3499755859375,1952.7900390625,313300,4638.47021484375,2.375,13.670000076293945,1088.5
2014-11-11,1963.0,1957.8699951171875,1965.4100341796875,1956.22998046875,311400,4651.6201171875,2.3589999675750732,12.670000076293945,1064.4000244140625
2014-11-12,1967.27001953125,1965.2099609375,1974.68994140625,1961.6600341796875,348500,4660.56005859375,2.359999895095825,12.920000076293945,1087.4000244140625
2014-11-13,1960.510009765625,1970.6400146484375,1973.3299560546875,1954.8800048828125,332600,4675.14013671875,2.3589999675750732,13.020000457763672,1095.300048828125
2014-11-14,1945.1400146484375,1959.6400146484375,1959.6400146484375,1940.489990234375,314800,4680.14013671875,2.3469998836517334,13.789999961853027,1093.5
2014-11-17,1943.6300048828125,1941.8299560546875,1948.3299560546875,1935.949951171875,277500,4680.14013671875,2.3469998836517334,13.789999961853027,1093.5
2014-11-18,1967.010009765625,1951.9300537109375,1967.010009765625,1951.9300537109375,251300,4671.0,2.3399999141693115,13.989999771118164,1100.0
2014-11-19,1966.8699951171875,1974.4100341796875,1974.4100341796875,1959.2099609375,279600,4702.43994140625,2.322000026702881,13.859999656677246,1100.0999755859375
2014-11-20,1958.0400390625,1960.719970703125,1962.68994140625,1952.43994140625,339200,4675.7099609375,2.3510000705718994,13.960000038146973,1100.4000244140625
2014-11-21,1964.8399658203125,1966.8900146484375,1969.4300537109375,1959.81005859375,345900,4701.8701171875,2.3350000381469727,13.579999923706055,1113.0999755859375
2014-11-24,1978.5400390625,1982.47998046875,1985.1800537109375,1974.3699951171875,325400,4701.8701171875,2.3350000381469727,13.579999923706055,1113.0999755859375
2014-11-25,1980.2099609375,1981.52001953125,1981.8499755859375,1973.800048828125,283200,4754.89013671875,2.309999942779541,12.619999885559082,1111.699951171875
2014-11-26,1980.8399658203125,1984.8299560546875,1985.4300537109375,1972.949951171875,253300,4758.25,2.259999990463257,12.25,1113.5
2014-11-27,1982.0899658203125,1993.6500244140625,1994.8199462890625,1982.0799560546875,295500,4787.31982421875,2.2339999675750732,12.069999694824219,1107.9000244140625
2014-11-28,1980.780029296875,1983.219970703125,1984.72998046875,1975.6600341796875,340700,4787.31982421875,2.2339999675750732,12.069999694824219,1102.5
2014-12-01,1965.219970703125,1971.949951171875,1971.969970703125,1962.1500244140625,334000,4787.31982421875,2.2339999675750732,12.069999694824219,1102.5
2014-12-02,1965.8299560546875,1959.4000244140625,1965.8299560546875,1954.4000244140625,317900,4727.35009765625,2.2179999351501465,14.15999984741211,1088.5
2014-12-03,1969.9100341796875,1969.5699462890625,1973.9599609375,1964.77001953125,271100,4755.81005859375,2.2850000858306885,12.850000381469727,1108.5999755859375
2014-12-04,1986.6099853515625,1976.300048828125,1988.56005859375,1976.0999755859375,244400,4774.47021484375,2.2869999408721924,12.5,1113.2099609375
2014-12-05,1986.6199951171875,1986.5999755859375,1989.1700439453125,1983.3599853515625,305500,4769.43994140625,2.256999969482422,12.380000114440918,1114.699951171875
2014-12-08,1978.949951171875,1988.800048828125,1990.0400390625,1976.8900146484375,295100,4769.43994140625,2.256999969482422,12.380000114440918,1114.699951171875
2014-12-09,1970.949951171875,1977.050048828125,1977.1500244140625,1968.8499755859375,541200,4740.68994140625,2.256999969482422,14.210000038146973,1119.5999755859375
2014-12-10,1945.56005859375,1964.0400390625,1966.1099853515625,1943.27001953125,367900,4766.47021484375,2.2200000286102295,15.350000381469727,1111.4000244140625
2014-12-11,1916.5899658203125,1930.4599609375,1937.22998046875,1916.489990234375,343600,4684.02001953125,2.1689999103546143,18.530000686645508,1102.5999755859375
2014-12-12,1921.7099609375,1921.6099853515625,1926.6700439453125,1915.0,363500,4708.16015625,2.177999973297119,20.079999923706055,1100.4000244140625
2014-12-15,1920.3599853515625,1903.1199951171875,1920.4300537109375,1899.6099853515625,294400,4708.16015625,2.177999973297119,20.079999923706055,1100.4000244140625
2014-12-16,1904.1300048828125,1909.010009765625,1919.5999755859375,1901.1300048828125,369400,4605.16015625,2.115999937057495,20.420000076293945,1103.0999755859375
2014-12-17,1900.1600341796875,1913.280029296875,1913.280029296875,1900.1600341796875,307300,4547.830078125,2.071000099182129,23.56999969482422,1097.9000244140625
2014-12-18,1897.5,1917.6700439453125,1919.239990234375,1881.72998046875,337300,4644.31005859375,2.1480000019073486,19.440000534057617,1079.5
2014-12-19,1929.97998046875,1920.75,1930.0799560546875,1914.27001953125,291800,4748.39990234375,2.2039999961853027,16.809999465942383,1098.9000244140625
2014-12-22,1943.1199951171875,1938.1600341796875,1944.199951171875,1928.8900146484375,324500,4748.39990234375,2.2039999961853027,16.809999465942383,1098.9000244140625
2014-12-23,1939.02001953125,1942.1199951171875,1944.75,1936.75,300800,4781.419921875,2.1619999408721924,15.25,1099.300048828125
2014-12-24,1946.6099853515625,1940.760009765625,1947.3499755859375,1936.739990234375,283900,4765.419921875,2.256999969482422,14.800000190734863,1099.0999755859375
2014-12-26,1948.1600341796875,1947.5999755859375,1954.77001953125,1944.219970703125,297000,4765.419921875,2.256999969482422,14.800000190734863,1103.199951171875
2014-12-29,1927.8599853515625,1937.27001953125,1941.3299560546875,1927.8299560546875,265800,4765.419921875,2.256999969482422,14.800000190734863,1103.199951171875
2014-12-30,1915.5899658203125,1934.510009765625,1937.550048828125,1910.780029296875,256400,4806.91015625,2.2070000171661377,15.0600004196167,1105.5999755859375
2015-01-02,1926.43994140625,1914.239990234375,1929.1500244140625,1909.6700439453125,258800,4806.91015625,2.2070000171661377,15.0600004196167,1092.699951171875
2015-01-05,1915.75,1921.9599609375,1921.9599609375,1903.3699951171875,313400,4806.91015625,2.2070000171661377,15.0600004196167,1092.699951171875
2015-01-06,1882.449951171875,1895.47998046875,1900.02001953125,1877.3800048828125,303700,4652.56982421875,2.0390000343322754,19.920000076293945,1111.0
2015-01-07,1883.8299560546875,1878.9000244140625,1887.5999755859375,1876.27001953125,280500,4592.740234375,1.9630000591278076,21.1200008392334,1108.5
2015-01-08,1904.6500244140625,1895.8499755859375,1907.22998046875,1891.77001953125,262200,4650.47021484375,1.9539999961853027,19.309999465942383,1097.300048828125
2015-01-09,1924.699951171875,1919.800048828125,1929.0999755859375,1915.8499755859375,308800,4736.18994140625,2.0160000324249268,17.010000228881836,1097.800048828125
2015-01-12,1920.949951171875,1918.1800537109375,1924.6600341796875,1917.8800048828125,311900,4736.18994140625,2.0160000324249268,17.010000228881836,1097.800048828125
2015-01-13,1917.1400146484375,1915.030029296875,1920.77001953125,1910.27001953125,339000,4664.7099609375,1.9119999408721924,19.600000381469727,1081.800048828125
2015-01-14,1913.6600341796875,1919.31005859375,1925.6800537109375,1913.510009765625,297500,4661.5,1.8899999856948853,20.559999465942383,1081.4000244140625
2015-01-15,1914.1400146484375,1914.06005859375,1919.68994140625,1908.5999755859375,266500,4639.31982421875,1.8370000123977661,21.479999542236328,1077.0999755859375
2015-01-16,1888.1300048828125,1907.0699462890625,1907.0699462890625,1885.6199951171875,298700,4570.81982421875,1.774999976158142,22.389999389648438,1082.0
2015-01-19,1902.6199951171875,1902.81005859375,1912.4200439453125,1900.260009765625,281100,4570.81982421875,1.774999976158142,22.389999389648438,1082.0
2015-01-20,1918.31005859375,1908.6199951171875,1918.8499755859375,1907.969970703125,280900,4570.81982421875,1.774999976158142,22.389999389648438,1078.0
2015-01-21,1921.22998046875,1917.3299560546875,1921.8800048828125,1909.8599853515625,300800,4654.85009765625,1.8070000410079956,19.889999389648438,1079.0999755859375
2015-01-22,1920.8199462890625,1926.010009765625,1932.5,1916.56005859375,343100,4667.419921875,1.8530000448226929,18.850000381469727,1086.699951171875
2015-01-23,1936.0899658203125,1945.3599853515625,1945.3599853515625,1930.6500244140625,367700,4750.39990234375,1.8960000276565552,16.399999618530273,1081.9000244140625
2015-01-26,1935.6800537109375,1928.260009765625,1936.4000244140625,1924.1400146484375,330600,4750.39990234375,1.8960000276565552,16.399999618530273,1081.9000244140625
2015-01-27,1952.4000244140625,1941.9000244140625,1952.4100341796875,1940.719970703125,467000,4771.759765625,1.8279999494552612,15.520000457763672,1084.5
2015-01-28,1961.5799560546875,1946.7099609375,1963.530029296875,1943.5899658203125,400900,4681.5,1.8250000476837158,17.219999313354492,1079.300048828125
2015-01-29,1951.02001953125,1950.8299560546875,1960.1199951171875,1946.199951171875,391000,4637.990234375,1.7239999771118164,20.440000534057617,1076.699951171875
2015-01-30,1949.260009765625,1964.1300048828125,1964.1300048828125,1948.5999755859375,441500,4683.41015625,1.7510000467300415,18.760000228881836,1084.4000244140625
2015-02-02,1952.6800537109375,1947.9100341796875,1956.0999755859375,1944.5799560546875,364800,4683.41015625,1.7510000467300415,18.760000228881836,1084.4000244140625
2015-02-03,1951.9599609375,1960.1099853515625,1960.3499755859375,1940.739990234375,370000,4676.68994140625,1.6729999780654907,19.43000030517578,1099.0
2015-02-04,1962.7900390625,1963.3699951171875,1970.27001953125,1961.5699462890625,348000,4727.740234375,1.7799999713897705,17.329999923706055,1098.0999755859375
2015-02-05,1952.8399658203125,1961.1500244140625,1962.1500244140625,1945.4200439453125,395700,4716.7001953125,1.7970000505447388,18.329999923706055,1091.300048828125
2015-02-06,1955.52001953125,1955.1300048828125,1955.52001953125,1945.8199462890625,309800,4765.10009765625,1.815000057220459,16.850000381469727,1087.5999755859375
2015-02-09,1947.0,1949.5,1952.8599853515625,1944.7900390625,310200,4765.10009765625,1.815000057220459,16.850000381469727,1087.5999755859375
2015-02-10,1935.8599853515625,1949.300048828125,1954.199951171875,1935.8599853515625,329200,4726.009765625,1.9479999542236328,18.549999237060547,1096.699951171875
2015-02-11,1945.699951171875,1942.3399658203125,1948.8900146484375,1937.949951171875,307500,4787.64013671875,1.9910000562667847,17.229999542236328,1094.0999755859375
2015-02-12,1941.6300048828125,1947.2099609375,1947.469970703125,1932.75,334800,4801.18017578125,1.9880000352859497,16.959999084472656,1097.5999755859375
2015-02-13,1957.5,1949.3199462890625,1957.5,1946.93994140625,351100,4857.60986328125,1.9859999418258667,15.34000015258789,1105.699951171875
2015-02-16,1958.22998046875,1960.030029296875,1963.43994140625,1955.3900146484375,350900,4857.60986328125,1.9859999418258667,15.34000015258789,1105.699951171875
2015-02-17,1961.449951171875,1955.77001953125,1962.969970703125,1952.3299560546875,304500,4857.60986328125,1.9859999418258667,15.34000015258789,1095.4000244140625
2015-02-23,1968.3900146484375,1974.43994140625,1976.9599609375,1966.77001953125,347600,4857.60986328125,1.9859999418258667,15.34000015258789,1095.4000244140625
2015-02-24,1976.1199951171875,1975.6500244140625,1980.3800048828125,1972.6099853515625,309500,4960.97021484375,2.059000015258789,14.5600004196167,1109.0999755859375
2015-02-25,1990.469970703125,1988.469970703125,1992.030029296875,1984.530029296875,369500,4968.1201171875,1.9880000352859497,13.6899995803833,1107.699951171875
2015-02-26,1993.0799560546875,1993.27001953125,1993.4300537109375,1983.93994140625,385700,4967.14013671875,1.968999981880188,13.84000015258789,1111.300048828125
2015-02-27,1985.800048828125,1992.760009765625,1993.3399658203125,1982.5,424500,4987.89013671875,2.0160000324249268,13.90999984741211,1098.6800537109375
2015-03-02,1996.81005859375,1996.719970703125,1999.1300048828125,1988.3299560546875,373400,4987.89013671875,2.0160000324249268,13.90999984741211,1098.6800537109375
2015-03-03,2001.3800048828125,2002.5,2003.050048828125,1995.9300537109375,444900,5008.10009765625,2.0840001106262207,13.039999961853027,1099.010009765625
2015-03-04,1998.2900390625,2001.760009765625,2003.8499755859375,1996.5,374500,4979.89990234375,2.121999979019165,13.859999656677246,1100.5899658203125
2015-03-05,1998.3800048828125,1996.81005859375,2002.47998046875,1993.9200439453125,373700,4967.14013671875,2.122999906539917,14.229999542236328,1094.9599609375
2015-03-06,2012.93994140625,2003.969970703125,2013.72998046875,2003.1800537109375,393300,4982.81005859375,2.111999988555908,14.039999961853027,1099.25
2015-03-09,1992.8199462890625,2004.93994140625,2005.81005859375,1990.8699951171875,296700,4982.81005859375,2.111999988555908,14.039999961853027,1099.25
2015-03-10,1984.77001953125,2000.6600341796875,2003.18994140625,1982.219970703125,433400,4942.43994140625,2.194999933242798,15.0600004196167,1108.81005859375
2015-03-11,1980.8299560546875,1971.0400390625,1984.5999755859375,1969.1300048828125,399500,4859.7900390625,2.125999927520752,16.690000534057617,1113.5
2015-03-12,1970.5899658203125,1979.219970703125,1988.77001953125,1970.5899658203125,384000,4849.93994140625,2.1089999675750732,16.8700008392334,1124.8599853515625
2015-03-13,1985.7900390625,1987.1700439453125,1991.8699951171875,1982.9599609375,326700,4893.2900390625,2.0959999561309814,15.420000076293945,1128.97998046875
2015-03-16,1987.3299560546875,1985.5899658203125,1991.7900390625,1982.260009765625,319200,4893.2900390625,2.0959999561309814,15.420000076293945,1128.97998046875
2015-03-17,2029.9100341796875,1998.260009765625,2029.9100341796875,1997.27001953125,356600,4929.509765625,2.0980000495910645,15.609999656677246,1136.219970703125
2015-03-18,2028.449951171875,2032.18994140625,2036.1300048828125,2026.719970703125,362000,4937.43017578125,2.058000087738037,15.65999984741211,1129.0
2015-03-19,2037.8900146484375,2047.1300048828125,2047.1300048828125,2031.0699462890625,468300,4982.830078125,1.9509999752044678,13.970000267028809,1127.1600341796875
2015-03-20,2037.239990234375,2037.1300048828125,2040.0,2027.81005859375,351700,4992.3798828125,1.9769999980926514,14.069999694824219,1109.8900146484375
2015-03-23,2036.5899658203125,2043.219970703125,2043.9200439453125,2032.3499755859375,314900,4992.3798828125,1.9769999980926514,14.069999694824219,1109.8900146484375
2015-03-24,2041.3699951171875,2035.0799560546875,2041.77001953125,2028.5400390625,328800,5010.97021484375,1.9149999618530273,13.40999984741211,1111.780029296875
2015-03-25,2042.81005859375,2043.1600341796875,2046.969970703125,2038.1400146484375,423400,4994.72998046875,1.878000020980835,13.619999885559082,1103.4300537109375
2015-03-26,2022.56005859375,2027.199951171875,2036.699951171875,2019.510009765625,342300,4876.52001953125,1.9199999570846558,15.4399995803833,1101.6700439453125
2015-03-27,2019.800048828125,2026.75,2027.25,2016.8800048828125,449000,4863.35986328125,2.006999969482422,15.800000190734863,1098.97998046875
2015-03-30,2030.0400390625,2026.5999755859375,2033.27001953125,2018.1199951171875,439600,4863.35986328125,2.006999969482422,15.800000190734863,1098.97998046875
2015-03-31,2041.030029296875,2042.31005859375,2046.9000244140625,2032.239990234375,555900,4947.43994140625,1.9630000591278076,14.510000228881836,1101.72998046875
2015-04-01,2028.449951171875,2035.4000244140625,2039.0400390625,2024.6400146484375,542800,4900.8798828125,1.934000015258789,15.289999961853027,1105.5
2015-04-02,2029.0699462890625,2036.9000244140625,2040.449951171875,2028.219970703125,655900,4880.22998046875,1.8680000305175781,15.109999656677246,1107.0999755859375
2015-04-03,2045.4200439453125,2035.8299560546875,2045.93994140625,2031.27001953125,498600,4886.93994140625,1.9040000438690186,14.670000076293945,1097.8699951171875
2015-04-06,2046.4300537109375,2049.8701171875,2055.449951171875,2043.260009765625,460500,4886.93994140625,1.9040000438690186,14.670000076293945,1097.8699951171875
2015-04-07,2047.030029296875,2059.050048828125,2059.090087890625,2043.7900390625,436200,4917.31982421875,1.9040000438690186,14.739999771118164,1089.1199951171875
2015-04-08,2059.260009765625,2048.75,2060.18994140625,2046.0899658203125,552700,4910.22998046875,1.8930000066757202,14.779999732971191,1089.1199951171875
2015-04-09,2058.8701171875,2060.300048828125,2064.4599609375,2054.169921875,529900,4950.81982421875,1.8949999809265137,13.979999542236328,1092.3199462890625
2015-04-10,2087.760009765625,2066.320068359375,2089.090087890625,2065.389892578125,658400,4974.56005859375,1.9579999446868896,13.09000015258789,1090.1500244140625
2015-04-13,2098.919921875,2094.10009765625,2099.969970703125,2088.820068359375,561800,4974.56005859375,1.9579999446868896,13.09000015258789,1090.1500244140625
2015-04-14,2111.719970703125,2101.760009765625,2111.72998046875,2095.969970703125,648800,4988.25,1.9390000104904175,13.9399995803833,1091.93994140625
2015-04-15,2119.9599609375,2114.56005859375,2122.719970703125,2110.25,451400,4977.2900390625,1.9040000438690186,13.670000076293945,1099.8900146484375
2015-04-16,2139.89990234375,2134.139892578125,2139.89990234375,2125.5400390625,476400,5011.02001953125,1.899999976158142,12.84000015258789,1090.300048828125
2015-04-17,2143.5,2142.719970703125,2144.760009765625,2134.10009765625,464600,5007.7900390625,1.878000020980835,12.600000381469727,1093.6199951171875
2015-04-20,2146.7099609375,2126.550048828125,2146.72998046875,2126.550048828125,509000,5007.7900390625,1.878000020980835,12.600000381469727,1093.6199951171875
2015-04-21,2144.7900390625,2153.419921875,2153.840087890625,2140.1201171875,561800,4994.60009765625,1.8949999809265137,13.300000190734863,1081.8900146484375
2015-04-22,2143.889892578125,2146.590087890625,2161.22998046875,2125.8798828125,769400,5014.10009765625,1.9160000085830688,13.25,1081.1800537109375
2015-04-23,2173.409912109375,2156.93994140625,2174.719970703125,2139.330078125,521600,5035.169921875,1.972000002861023,12.710000038146973,1081.3199462890625
2015-04-24,2159.800048828125,2181.239990234375,2189.5400390625,2154.27001953125,508400,5056.06005859375,1.9470000267028809,12.479999542236328,1083.0
2015-04-27,2157.5400390625,2169.139892578125,2169.139892578125,2152.090087890625,392300,5056.06005859375,1.9470000267028809,12.479999542236328,1083.0
2015-04-28,2147.669921875,2162.5,2164.52001953125,2144.85009765625,415100,5060.25,1.9240000247955322,13.119999885559082,1074.3800048828125
2015-04-29,2142.6298828125,2155.010009765625,2156.239990234375,2126.360107421875,458100,5055.419921875,1.9730000495910645,12.40999984741211,1067.81005859375
2015-04-30,2127.169921875,2134.93994140625,2136.89990234375,2121.2900390625,509100,5023.64013671875,2.0350000858306885,13.390000343322754,1062.8499755859375
2015-05-04,2132.22998046875,2134.510009765625,2139.300048828125,2128.719970703125,355600,5023.64013671875,2.0350000858306885,13.390000343322754,1062.8499755859375
2015-05-06,2104.580078125,2122.030029296875,2123.219970703125,2095.60009765625,428100,4939.330078125,2.1760001182556152,14.3100004196167,1078.75
2015-05-07,2091.0,2098.47998046875,2099.43994140625,2067.989990234375,423200,4919.64013671875,2.240000009536743,15.149999618530273,1079.5799560546875
2015-05-08,2085.52001953125,2090.18994140625,2094.06005859375,2082.719970703125,309500,4945.5400390625,2.184000015258789,15.130000114440918,1078.6700439453125
2015-05-11,2097.3798828125,2106.1201171875,2110.7900390625,2097.3798828125,329700,4945.5400390625,2.184000015258789,15.130000114440918,1078.6700439453125
2015-05-12,2096.77001953125,2100.6298828125,2101.719970703125,2088.639892578125,391900,4993.56982421875,2.2739999294281006,13.850000381469727,1085.800048828125
2015-05-13,2114.159912109375,2100.10009765625,2115.360107421875,2100.080078125,377000,4976.18994140625,2.259999990463257,13.859999656677246,1095.949951171875
2015-05-14,2120.330078125,2115.590087890625,2121.679931640625,2111.719970703125,430800,4981.68994140625,2.2820000648498535,13.760000228881836,1092.3800048828125
2015-05-15,2106.5,2132.530029296875,2134.360107421875,2104.77001953125,491700,5050.7998046875,2.239000082015991,12.739999771118164,1091.4000244140625
2015-05-18,2113.719970703125,2108.14990234375,2113.719970703125,2099.47998046875,445200,5050.7998046875,2.239000082015991,12.739999771118164,1091.4000244140625
2015-05-19,2120.85009765625,2114.2900390625,2126.889892578125,2107.6201171875,418500,5078.43994140625,2.2279999256134033,12.729999542236328,1081.8399658203125
2015-05-20,2139.5400390625,2128.010009765625,2140.239990234375,2125.489990234375,452100,5070.02978515625,2.26200008392334,12.850000381469727,1088.239990234375
2015-05-21,2122.81005859375,2139.679931640625,2140.60009765625,2121.489990234375,398100,5071.740234375,2.250999927520752,12.880000114440918,1093.5
2015-05-22,2146.10009765625,2131.110107421875,2146.10009765625,2126.8798828125,444600,5090.7900390625,2.184999942779541,12.109999656677246,1095.4100341796875
2015-05-26,2143.5,2146.469970703125,2148.699951171875,2130.300048828125,381400,5090.7900390625,2.184999942779541,12.109999656677246,1094.75
2015-05-27,2107.5,2133.489990234375,2134.949951171875,2103.639892578125,439000,5032.75,2.13700008392334,14.0600004196167,1095.75
2015-05-28,2110.889892578125,2117.77001953125,2123.52001953125,2110.889892578125,416100,5106.58984375,2.134999990463257,13.270000457763672,1105.8699951171875
2015-05-29,2114.800048828125,2109.3798828125,2123.389892578125,2106.699951171875,456100,5097.97998046875,2.130000114440918,13.3100004196167,1107.4200439453125
2015-06-01,2102.3701171875,2110.1201171875,2110.8798828125,2086.0,426900,5097.97998046875,2.130000114440918,13.3100004196167,1107.4200439453125
2015-06-02,2078.639892578125,2102.6201171875,2107.169921875,2076.159912109375,520100,5082.93017578125,2.191999912261963,13.970000267028809,1111.4200439453125
2015-06-03,2063.159912109375,2078.510009765625,2087.949951171875,2059.340087890625,541200,5076.52001953125,2.2660000324249268,14.239999771118164,1113.800048828125
2015-06-04,2072.860107421875,2070.489990234375,2082.60009765625,2062.75,400400,5099.22998046875,2.365999937057495,13.65999984741211,1106.530029296875
2015-06-05,2068.10009765625,2062.219970703125,2075.02001953125,2060.909912109375,394300,5059.1201171875,2.306999921798706,14.710000038146973,1105.68994140625
2015-06-08,2065.18994140625,2068.510009765625,2068.510009765625,2056.5,393600,5059.1201171875,2.306999921798706,14.710000038146973,1105.68994140625
2015-06-09,2064.030029296875,2063.39990234375,2073.75,2057.2099609375,421900,5021.6298828125,2.38100004196167,15.289999961853027,1122.300048828125
2015-06-10,2051.320068359375,2079.1298828125,2080.030029296875,2049.1298828125,427400,5013.8701171875,2.4170000553131104,14.470000267028809,1117.1099853515625
2015-06-11,2056.610107421875,2065.070068359375,2065.070068359375,2051.10009765625,457000,5076.68994140625,2.4779999256134033,13.220000267028809,1119.0799560546875
2015-06-12,2052.169921875,2068.449951171875,2074.780029296875,2044.8699951171875,388300,5082.509765625,2.382999897003174,12.850000381469727,1108.719970703125
2015-06-15,2042.3199462890625,2041.0699462890625,2049.679931640625,2033.719970703125,313900,5082.509765625,2.382999897003174,12.850000381469727,1108.719970703125
2015-06-16,2028.719970703125,2045.010009765625,2045.77001953125,2008.4599609375,381400,5029.97021484375,2.3580000400543213,15.390000343322754,1110.3499755859375
2015-06-17,2034.8599853515625,2035.47998046875,2037.1199951171875,2021.5,354700,5055.5498046875,2.318000078201294,14.8100004196167,1114.530029296875
2015-06-18,2041.8800048828125,2046.18994140625,2052.0,2036.780029296875,391000,5064.8798828125,2.305999994277954,14.5,1116.77001953125
2015-06-19,2046.9599609375,2056.5400390625,2057.7099609375,2044.7099609375,400300,5132.9501953125,2.3510000705718994,13.1899995803833,1111.5899658203125
2015-06-22,2055.159912109375,2059.60009765625,2068.070068359375,2050.300048828125,267000,5132.9501953125,2.3510000705718994,13.1899995803833,1111.5899658203125
2015-06-23,2081.199951171875,2071.300048828125,2086.090087890625,2066.2099609375,329800,5153.97021484375,2.359999895095825,12.739999771118164,1101.219970703125
2015-06-24,2085.530029296875,2086.68994140625,2087.679931640625,2076.780029296875,400800,5160.08984375,2.4089999198913574,12.109999656677246,1098.780029296875
2015-06-25,2085.06005859375,2077.840087890625,2088.159912109375,2073.949951171875,575900,5122.41015625,2.371000051498413,13.260000228881836,1103.969970703125
2015-06-26,2090.260009765625,2083.39990234375,2097.010009765625,2080.7900390625,492800,5112.18994140625,2.3929998874664307,14.010000228881836,1107.9200439453125
2015-06-29,2060.489990234375,2056.43994140625,2068.85009765625,2054.330078125,503800,5112.18994140625,2.3929998874664307,14.010000228881836,1107.9200439453125
2015-06-30,2074.199951171875,2054.830078125,2075.02001953125,2049.43994140625,392400,4958.47021484375,2.3310000896453857,18.850000381469727,1120.9000244140625
2015-07-01,2097.889892578125,2077.27001953125,2100.340087890625,2072.5400390625,471600,4986.8701171875,2.3350000381469727,18.229999542236328,1118.219970703125
2015-07-02,2107.330078125,2107.110107421875,2110.81005859375,2098.760009765625,565300,5013.1201171875,2.4179999828338623,16.09000015258789,1117.56005859375
2015-07-03,2104.409912109375,2107.510009765625,2109.679931640625,2094.02001953125,419500,5009.2099609375,2.3929998874664307,16.790000915527344,1122.9300537109375
2015-07-06,2053.929931640625,2076.06005859375,2089.860107421875,2052.22998046875,474000,5009.2099609375,2.3929998874664307,16.790000915527344,1122.9300537109375
2015-07-07,2040.2900390625,2067.0400390625,2067.929931640625,2028.97998046875,502800,4991.93994140625,2.2780001163482666,17.010000228881836,1120.949951171875
2015-07-08,2016.2099609375,2045.8800048828125,2046.3299560546875,2010.8299560546875,453100,4997.4599609375,2.2309999465942383,16.09000015258789,1124.22998046875
2015-07-09,2027.81005859375,2000.18994140625,2027.81005859375,1983.780029296875,408500,4909.759765625,2.2060000896453857,19.65999984741211,1132.9300537109375
2015-07-10,2031.1700439453125,2036.8900146484375,2037.8399658203125,2024.760009765625,381300,4922.39990234375,2.3010001182556152,19.969999313354492,1134.43994140625
2015-07-13,2061.52001953125,2033.25,2063.280029296875,2030.2099609375,426300,4922.39990234375,2.3010001182556152,19.969999313354492,1134.43994140625
2015-07-14,2059.22998046875,2070.43994140625,2070.43994140625,2052.2099609375,503100,5071.509765625,2.430000066757202,13.899999618530273,1129.0400390625
2015-07-15,2072.909912109375,2068.3798828125,2079.89990234375,2060.659912109375,619100,5104.89013671875,2.3989999294281006,13.369999885559082,1134.8199462890625
2015-07-16,2087.889892578125,2073.2900390625,2088.330078125,2071.02001953125,697900,5098.93994140625,2.3499999046325684,13.229999542236328,1141.3699951171875
2015-07-17,2076.7900390625,2101.219970703125,2101.219970703125,2068.360107421875,819200,5163.18017578125,2.3519999980926514,12.109999656677246,1144.9200439453125
2015-07-20,2073.31005859375,2077.090087890625,2081.429931640625,2068.18994140625,870700,5163.18017578125,2.3519999980926514,12.109999656677246,1144.9200439453125
2015-07-21,2083.6201171875,2082.179931640625,2088.239990234375,2069.2099609375,727400,5218.85986328125,2.371999979019165,12.25,1148.1099853515625
2015-07-22,2064.72998046875,2071.06005859375,2075.93994140625,2059.449951171875,1160800,5208.1201171875,2.3399999141693115,12.220000267028809,1154.550048828125
2015-07-23,2065.070068359375,2068.929931640625,2069.199951171875,2053.52001953125,739800,5171.77001953125,2.322000026702881,12.119999885559082,1146.8599853515625
2015-07-24,2045.9599609375,2060.659912109375,2060.659912109375,2040.300048828125,611900,5146.41015625,2.2769999504089355,12.640000343322754,1155.530029296875
2015-07-27,2038.81005859375,2034.8199462890625,2048.14990234375,2032.43994140625,543200,5146.41015625,2.2769999504089355,12.640000343322754,1155.530029296875
2015-07-28,2039.0999755859375,2026.3299560546875,2045.550048828125,2015.9100341796875,498500,5039.77978515625,2.2279999256134033,15.600000381469727,1168.199951171875
2015-07-29,2037.6199951171875,2053.6201171875,2055.949951171875,2037.6199951171875,520600,5089.2099609375,2.25,13.4399995803833,1165.030029296875
2015-07-30,2019.030029296875,2040.239990234375,2044.9300537109375,2019.030029296875,509300,5111.72998046875,2.2790000438690186,12.5,1159.52001953125
2015-07-31,2030.1600341796875,2026.97998046875,2030.1600341796875,2004.699951171875,448200,5128.77978515625,2.2679998874664307,12.130000114440918,1160.0699462890625
2015-08-03,2008.489990234375,2026.25,2026.25,2005.2099609375,358700,5128.77978515625,2.2679998874664307,12.130000114440918,1160.0699462890625
2015-08-04,2027.989990234375,2007.75,2027.989990234375,2007.6600341796875,388800,5115.3798828125,2.1500000953674316,12.5600004196167,1164.6400146484375
2015-08-05,2029.760009765625,2027.219970703125,2035.25,2022.97998046875,319200,5105.5498046875,2.2109999656677246,13.0,1168.699951171875
2015-08-06,2013.2900390625,2037.260009765625,2038.4100341796875,2011.5999755859375,340500,5139.93994140625,2.2679998874664307,12.510000228881836,1167.1300048828125
2015-08-07,2010.22998046875,2009.3900146484375,2012.9000244140625,2001.1300048828125,334600,5056.43994140625,2.2339999675750732,13.770000457763672,1171.93994140625
2015-08-10,2003.1700439453125,2008.43994140625,2008.550048828125,1993.9599609375,308300,5056.43994140625,2.2339999675750732,13.770000457763672,1171.93994140625
2015-08-11,1986.6500244140625,2020.1500244140625,2021.81005859375,1986.4599609375,366400,5101.7998046875,2.23799991607666,12.229999542236328,1161.530029296875
2015-08-12,1975.469970703125,1980.0400390625,1989.0999755859375,1948.9100341796875,524300,5036.7900390625,2.13700008392334,13.710000038146973,1157.050048828125
2015-08-13,1983.4599609375,1975.469970703125,1990.699951171875,1966.02001953125,376600,5044.39013671875,2.130000114440918,13.609999656677246,1177.280029296875
2015-08-17,1968.52001953125,1991.050048828125,1991.050048828125,1968.43994140625,561600,5044.39013671875,2.130000114440918,13.609999656677246,1177.280029296875
2015-08-18,1956.260009765625,1977.6099853515625,1979.3299560546875,1954.3499755859375,472800,5091.7001953125,2.1500000953674316,13.020000457763672,1177.199951171875
2015-08-19,1939.3800048828125,1954.56005859375,1959.510009765625,1915.9100341796875,506800,5059.35009765625,2.196000099182129,13.789999961853027,1181.5799560546875
2015-08-20,1914.550048828125,1929.4300537109375,1933.7900390625,1912.550048828125,397500,5019.0498046875,2.128999948501587,15.25,1184.449951171875
2015-08-21,1876.0699462890625,1862.7900390625,1886.489990234375,1856.9100341796875,512300,4877.490234375,2.0840001106262207,19.139999389648438,1181.2099609375
2015-08-24,1829.81005859375,1860.030029296875,1872.8599853515625,1800.75,415200,4877.490234375,2.0840001106262207,19.139999389648438,1181.2099609375
2015-08-25,1846.6300048828125,1840.93994140625,1864.300048828125,1806.7900390625,451600,4526.25,1.996999979019165,40.7400016784668,1193.5699462890625
2015-08-26,1894.0899658203125,1843.699951171875,1895.449951171875,1835.5799560546875,453400,4506.490234375,2.132999897003174,36.02000045776367,1189.5799560546875
2015-08-27,1908.0,1912.4200439453125,1920.3900146484375,1898.97998046875,482700,4697.5400390625,2.171999931335449,30.31999969482422,1189.1600341796875
2015-08-28,1937.6700439453125,1932.3900146484375,1938.6099853515625,1927.3900146484375,446800,4812.7099609375,2.1679999828338623,26.100000381469727,1181.1600341796875
2015-08-31,1941.489990234375,1934.1199951171875,1941.489990234375,1925.52001953125,350900,4812.7099609375,2.1679999828338623,26.100000381469727,1181.1600341796875
2015-09-01,1914.22998046875,1934.43994140625,1939.6700439453125,1914.219970703125,324500,4776.509765625,2.200000047683716,28.43000030517578,1177.5999755859375
2015-09-02,1915.219970703125,1886.1400146484375,1920.6199951171875,1883.5,342000,4636.10009765625,2.171999931335449,31.399999618530273,1180.949951171875
2015-09-03,1915.530029296875,1929.780029296875,1931.18994140625,1911.1700439453125,297300,4749.97998046875,2.193000078201294,26.09000015258789,1177.280029296875
2015-09-04,1886.0400390625,1921.81005859375,1923.06005859375,1879.93994140625,361100,4733.5,2.1679999828338623,25.610000610351562,1182.1600341796875
2015-09-07,1883.219970703125,1883.3599853515625,1895.989990234375,1870.5899658203125,288200,4733.5,2.1679999828338623,25.610000610351562,1182.1600341796875
2015-09-08,1878.6800537109375,1889.1400146484375,1894.56005859375,1868.47998046875,391900,4733.5,2.1679999828338623,25.610000610351562,1199.510009765625
2015-09-09,1934.199951171875,1903.280029296875,1934.199951171875,1902.9300537109375,516200,4811.93017578125,2.194000005722046,24.899999618530273,1201.18994140625
2015-09-10,1962.1099853515625,1918.4200439453125,1962.1099853515625,1915.43994140625,460300,4756.52978515625,2.180999994277954,26.229999542236328,1193.0
2015-09-11,1941.3699951171875,1942.8800048828125,1951.260009765625,1939.72998046875,503000,4796.25,2.2219998836517334,24.3700008392334,1190.3399658203125
2015-09-14,1931.4599609375,1947.6500244140625,1948.02001953125,1921.449951171875,362900,4796.25,2.2219998836517334,24.3700008392334,1190.3399658203125
2015-09-15,1937.56005859375,1930.43994140625,1938.9000244140625,1927.6199951171875,390800,4805.759765625,2.180000066757202,24.25,1180.550048828125
2015-09-16,1975.449951171875,1949.489990234375,1978.6800537109375,1949.1500244140625,584800,4860.52001953125,2.2809998989105225,22.540000915527344,1182.0
2015-09-17,1976.489990234375,1989.0699462890625,1989.0699462890625,1972.9300537109375,510200,4889.240234375,2.302999973297119,21.350000381469727,1176.81005859375
2015-09-18,1995.949951171875,1978.3900146484375,1996.469970703125,1964.1199951171875,523800,4893.9501953125,2.2170000076293945,21.139999389648438,1169.199951171875
2015-09-21,1964.6800537109375,1973.239990234375,1980.800048828125,1960.1099853515625,376400,4893.9501953125,2.2170000076293945,21.139999389648438,1169.199951171875
2015-09-22,1982.06005859375,1973.5400390625,1983.989990234375,1966.050048828125,696400,4828.9501953125,2.2139999866485596,20.139999389648438,1171.1099853515625
2015-09-23,1944.6400146484375,1960.3299560546875,1968.1600341796875,1944.510009765625,857000,4756.72021484375,2.125,22.440000534057617,1176.47998046875
2015-09-24,1947.0999755859375,1956.93994140625,1958.72998046875,1944.31005859375,921300,4752.740234375,2.1440000534057617,22.1299991607666,1182.5400390625
2015-09-25,1942.8499755859375,1948.300048828125,1951.93994140625,1932.489990234375,796600,4734.47998046875,2.119999885559082,23.469999313354492,1192.4100341796875
2015-09-30,1962.81005859375,1915.4599609375,1962.8399658203125,1915.0400390625,547000,4517.31982421875,2.053999900817871,26.829999923706055,1193.81005859375
2015-10-01,1979.3199462890625,1963.550048828125,1986.010009765625,1958.6300048828125,679000,4620.16015625,2.059999942779541,24.5,1194.1600341796875
2015-10-02,1969.6800537109375,1979.4100341796875,1985.5699462890625,1969.6800537109375,1031000,4627.080078125,2.0420000553131104,22.549999237060547,1183.8399658203125
2015-10-05,1978.25,1981.5999755859375,1994.6500244140625,1975.550048828125,545600,4627.080078125,2.0420000553131104,22.549999237060547,1183.8399658203125
2015-10-06,1990.6500244140625,1996.2900390625,1998.02001953125,1985.1700439453125,661600,4781.259765625,2.055999994277954,19.540000915527344,1171.0899658203125
2015-10-07,2005.8399658203125,1995.8699951171875,2006.239990234375,1994.550048828125,761700,4748.35986328125,2.0350000858306885,19.399999618530273,1159.5699462890625
2015-10-08,2019.530029296875,2016.3599853515625,2020.18994140625,1998.6600341796875,701000,4791.14990234375,2.062000036239624,18.399999618530273,1159.3199462890625
2015-10-12,2021.6300048828125,2022.3299560546875,2030.9200439453125,2015.4300537109375,635100,4791.14990234375,2.062000036239624,18.399999618530273,1159.3199462890625
2015-10-13,2019.050048828125,2021.199951171875,2024.5,2010.1600341796875,605000,4838.64013671875,2.0899999141693115,16.170000076293945,1146.010009765625
2015-10-14,2009.550048828125,2014.469970703125,2016.1400146484375,2002.6300048828125,644800,4796.60986328125,2.055000066757202,17.670000076293945,1142.2099609375
2015-10-15,2033.27001953125,2008.2900390625,2035.800048828125,2007.4599609375,498900,4782.85009765625,1.9809999465942383,18.030000686645508,1148.0699462890625
2015-10-16,2030.260009765625,2037.97998046875,2038.06005859375,2025.18994140625,550800,4870.10009765625,2.0230000019073486,16.049999237060547,1135.75
2015-10-19,2030.27001953125,2032.3599853515625,2036.300048828125,2022.25,726800,4870.10009765625,2.0230000019073486,16.049999237060547,1135.75
2015-10-20,2039.3599853515625,2031.5,2040.239990234375,2026.6700439453125,958100,4905.47021484375,2.0280001163482666,14.979999542236328,1129.719970703125
2015-10-21,2042.97998046875,2039.25,2053.949951171875,2035.5899658203125,668900,4880.97021484375,2.071000099182129,15.75,1130.3699951171875
2015-10-22,2023.0,2040.4300537109375,2042.5699462890625,2019.530029296875,695800,4840.1201171875,2.0299999713897705,16.700000762939453,1129.469970703125
2015-10-23,2040.4000244140625,2043.6700439453125,2054.820068359375,2036.9200439453125,649000,4920.0498046875,2.0250000953674316,14.449999809265137,1138.0400390625
2015-10-26,2048.080078125,2049.409912109375,2049.60009765625,2039.969970703125,460000,4920.0498046875,2.0250000953674316,14.449999809265137,1138.0400390625
2015-10-27,2044.6500244140625,2043.52001953125,2045.81005859375,2036.219970703125,449200,5034.7001953125,2.058000087738037,15.289999961853027,1134.010009765625
2015-10-28,2042.510009765625,2045.6700439453125,2045.6700439453125,2032.3900146484375,402200,5030.14990234375,2.0280001163482666,15.430000305175781,1128.739990234375
2015-10-29,2034.1600341796875,2050.969970703125,2064.719970703125,2032.56005859375,481300,5095.68994140625,2.0920000076293945,14.329999923706055,1134.02001953125
2015-10-30,2029.469970703125,2034.780029296875,2038.56005859375,2027.800048828125,380700,5074.27001953125,2.1730000972747803,14.609999656677246,1143.5999755859375
2015-11-02,2035.239990234375,2033.1500244140625,2036.050048828125,2028.199951171875,366400,5074.27001953125,2.1730000972747803,14.609999656677246,1143.5999755859375
2015-11-03,2048.39990234375,2042.5999755859375,2053.239990234375,2040.75,591700,5127.14990234375,2.187000036239624,14.149999618530273,1139.1600341796875
2015-11-04,2052.77001953125,2053.510009765625,2056.1201171875,2042.3800048828125,545100,5145.1298828125,2.2200000286102295,14.539999961853027,1136.6199951171875
2015-11-05,2049.409912109375,2049.300048828125,2050.43994140625,2039.9300537109375,349100,5142.47998046875,2.2300000190734863,15.510000228881836,1127.800048828125
2015-11-06,2041.0699462890625,2048.169921875,2055.139892578125,2038.4599609375,465000,5127.740234375,2.244999885559082,15.050000190734863,1133.1600341796875
2015-11-09,2025.699951171875,2038.5899658203125,2038.5899658203125,2022.52001953125,435400,5127.740234375,2.244999885559082,15.050000190734863,1133.1600341796875
2015-11-10,1996.5899658203125,2015.449951171875,2015.449951171875,1988.5400390625,417500,5095.2998046875,2.3420000076293945,16.520000457763672,1150.780029296875
2015-11-11,1997.27001953125,1993.81005859375,2001.72998046875,1983.1400146484375,286600,5083.240234375,2.322000026702881,15.289999961853027,1157.1099853515625
2015-11-12,1993.3599853515625,1997.3199462890625,1998.6600341796875,1991.280029296875,389400,5067.02001953125,2.3380000591278076,16.059999465942383,1157.06005859375
2015-11-13,1973.2900390625,1975.969970703125,1981.27001953125,1969.7099609375,342300,5005.080078125,2.319000005722046,18.3700008392334,1153.6600341796875
2015-11-16,1943.02001953125,1945.6800537109375,1956.0899658203125,1942.8499755859375,433400,5005.080078125,2.319000005722046,18.3700008392334,1153.6600341796875
2015-11-17,1963.5799560546875,1967.3599853515625,1974.0799560546875,1959.219970703125,417600,4984.6201171875,2.2730000019073486,18.15999984741211,1168.3399658203125
2015-11-18,1962.8800048828125,1967.25,1973.1600341796875,1961.4300537109375,541900,4986.02001953125,2.260999917984009,18.84000015258789,1167.0899658203125
2015-11-19,1988.9100341796875,1976.93994140625,1988.9200439453125,1972.8499755859375,422500,5075.2001953125,2.2690000534057617,16.850000381469727,1168.5
2015-11-20,1989.8599853515625,1988.9599609375,1993.969970703125,1985.9300537109375,413700,5073.64013671875,2.247999906539917,16.989999771118164,1164.4599609375
2015-11-23,2003.699951171875,1995.9200439453125,2008.3399658203125,1992.8599853515625,383200,5073.64013671875,2.247999906539917,16.989999771118164,1164.4599609375
2015-11-24,2016.2900390625,2004.2900390625,2019.949951171875,2003.06005859375,417000,5102.47998046875,2.25,15.619999885559082,1152.6199951171875
2015-11-25,2009.4200439453125,2018.239990234375,2018.9300537109375,2007.9100341796875,391600,5102.81005859375,2.243000030517578,15.930000305175781,1157.0899658203125
2015-11-26,2030.6800537109375,2014.8800048828125,2033.1800537109375,2014.8800048828125,454500,5116.14013671875,2.2320001125335693,15.1899995803833,1145.0
2015-11-27,2028.989990234375,2038.7099609375,2038.719970703125,2026.4000244140625,482000,5116.14013671875,2.2320001125335693,15.1899995803833,1143.050048828125
2015-11-30,1991.969970703125,2022.3800048828125,2022.3800048828125,1987.1199951171875,452900,5116.14013671875,2.2320001125335693,15.1899995803833,1143.050048828125
2015-12-01,2023.9300537109375,2001.510009765625,2026.3299560546875,2001.510009765625,573300,5108.669921875,2.2179999351501465,16.1299991607666,1154.8299560546875
2015-12-02,2009.2900390625,2026.0799560546875,2026.18994140625,2009.2900390625,631300,5156.31005859375,2.1549999713897705,14.670000076293945,1158.239990234375
2015-12-03,1994.0699462890625,2000.199951171875,2000.199951171875,1981.5899658203125,365900,5123.22021484375,2.177999973297119,15.90999984741211,1153.9000244140625
2015-12-04,1974.4000244140625,1972.1600341796875,1983.02001953125,1970.47998046875,379500,5037.52978515625,2.3299999237060547,18.110000610351562,1160.760009765625
2015-12-07,1963.6700439453125,1987.6199951171875,1988.0400390625,1963.6600341796875,382100,5037.52978515625,2.3299999237060547,18.110000610351562,1160.760009765625
2015-12-08,1949.0400390625,1964.219970703125,1971.0699462890625,1948.4300537109375,406200,5101.81005859375,2.2249999046325684,15.84000015258789,1161.6400146484375
2015-12-09,1948.239990234375,1951.3900146484375,1956.699951171875,1944.780029296875,378100,5098.240234375,2.23799991607666,17.600000381469727,1174.4100341796875
2015-12-10,1952.0699462890625,1947.2099609375,1956.8399658203125,1940.4000244140625,377800,5022.8701171875,2.2079999446868896,19.610000610351562,1178.5899658203125
2015-12-11,1948.6199951171875,1952.8199462890625,1961.0,1943.6700439453125,380700,5045.169921875,2.239000082015991,19.34000015258789,1179.719970703125
2015-12-14,1927.8199462890625,1926.3599853515625,1930.4000244140625,1919.219970703125,439700,5045.169921875,2.239000082015991,19.34000015258789,1179.719970703125
2015-12-15,1932.969970703125,1935.8199462890625,1938.0400390625,1925.75,434700,4952.22998046875,2.2249999046325684,22.729999542236328,1185.5799560546875
2015-12-16,1969.4000244140625,1950.1500244140625,1975.6300048828125,1950.050048828125,475100,4995.35986328125,2.2679998874664307,20.950000762939453,1183.6500244140625
2015-12-17,1977.9599609375,1984.06005859375,1987.8299560546875,1967.6400146484375,379600,5071.1298828125,2.2869999408721924,17.860000610351562,1172.739990234375
2015-12-18,1975.3199462890625,1960.3199462890625,1981.4200439453125,1958.1199951171875,677700,5002.5498046875,2.23799991607666,18.940000534057617,1170.050048828125
2015-12-21,1981.18994140625,1974.260009765625,1986.6600341796875,1968.1400146484375,539600,5002.5498046875,2.23799991607666,18.940000534057617,1170.050048828125
2015-12-22,1992.56005859375,1984.3699951171875,1992.719970703125,1971.3199462890625,577200,4968.919921875,2.197000026702881,18.700000762939453,1180.4300537109375
2015-12-23,1999.219970703125,1994.199951171875,2007.4200439453125,1989.300048828125,502400,5001.10986328125,2.239000082015991,16.600000381469727,1173.6099853515625
2015-12-24,1990.6500244140625,2009.3399658203125,2009.989990234375,1990.6500244140625,504600,5045.93017578125,2.2639999389648438,15.569999694824219,1169.1099853515625
2015-12-28,1964.06005859375,1990.5899658203125,1991.18994140625,1964.06005859375,396600,5045.93017578125,2.2639999389648438,15.569999694824219,1169.1099853515625
2015-12-29,1966.31005859375,1956.489990234375,1968.5699462890625,1946.2099609375,401400,5040.990234375,2.2249999046325684,16.90999984741211,1167.8800048828125
2015-12-30,1961.31005859375,1973.030029296875,1974.6700439453125,1958.780029296875,304500,5107.93994140625,2.306999921798706,16.079999923706055,1165.8499755859375
2016-01-04,1918.760009765625,1954.469970703125,1954.52001953125,1918.760009765625,359000,5107.93994140625,2.306999921798706,16.079999923706055,1165.8499755859375
2016-01-05,1930.530029296875,1911.9300537109375,1937.5699462890625,1911.9300537109375,446500,4903.08984375,2.244999885559082,20.700000762939453,1174.1099853515625
2016-01-06,1925.4300537109375,1934.25,1934.25,1911.6099853515625,594600,4891.43017578125,2.247999906539917,19.34000015258789,1187.3599853515625
2016-01-07,1904.3299560546875,1915.7099609375,1926.4100341796875,1901.239990234375,393000,4835.759765625,2.177000045776367,20.59000015258789,1188.719970703125
2016-01-08,1917.6199951171875,1889.4200439453125,1918.25,1883.8199462890625,430200,4689.43017578125,2.1530001163482666,24.989999771118164,1198.739990234375
2016-01-11,1894.8399658203125,1897.1800537109375,1907.4300537109375,1892.68994140625,328800,4689.43017578125,2.1530001163482666,24.989999771118164,1198.739990234375
2016-01-12,1890.8599853515625,1907.6099853515625,1910.5899658203125,1888.93994140625,295100,4637.990234375,2.1579999923706055,24.299999237060547,1205.93994140625
2016-01-13,1916.280029296875,1904.3299560546875,1921.0,1902.489990234375,265200,4685.919921875,2.1019999980926514,22.469999313354492,1202.719970703125
2016-01-14,1900.010009765625,1893.1800537109375,1900.47998046875,1882.02001953125,311000,4526.06005859375,2.065999984741211,25.219999313354492,1208.5
2016-01-15,1878.8699951171875,1915.8299560546875,1918.300048828125,1873.3499755859375,312400,4615.0,2.0980000495910645,23.950000762939453,1210.3299560546875
2016-01-18,1878.449951171875,1856.030029296875,1882.2099609375,1854.550048828125,276900,4615.0,2.0980000495910645,23.950000762939453,1210.3299560546875
2016-01-19,1889.6400146484375,1879.800048828125,1889.9000244140625,1866.760009765625,335300,4615.0,2.0980000495910645,23.950000762939453,1212.81005859375
2016-01-20,1845.449951171875,1885.3599853515625,1885.3599853515625,1830.06005859375,407300,4476.9501953125,2.0350000858306885,26.049999237060547,1208.8399658203125
2016-01-21,1840.530029296875,1848.0999755859375,1860.02001953125,1838.0400390625,433700,4471.68994140625,1.9839999675750732,27.59000015258789,1205.75
2016-01-22,1879.4300537109375,1860.300048828125,1879.4300537109375,1859.5400390625,408500,4472.06005859375,2.0190000534057617,26.690000534057617,1207.25
2016-01-25,1893.4300537109375,1890.1500244140625,1901.219970703125,1882.739990234375,315300,4472.06005859375,2.0190000534057617,26.690000534057617,1207.25
2016-01-26,1871.68994140625,1881.8699951171875,1884.1300048828125,1862.97998046875,298800,4518.490234375,2.0220000743865967,24.149999618530273,1195.5699462890625
2016-01-27,1897.8699951171875,1888.0699462890625,1902.030029296875,1883.3900146484375,348900,4567.669921875,1.99399995803833,22.5,1197.3599853515625
2016-01-28,1906.93994140625,1885.3800048828125,1907.56005859375,1877.780029296875,354300,4468.169921875,2.000999927520752,23.110000610351562,1196.780029296875
2016-01-29,1912.06005859375,1905.010009765625,1912.0699462890625,1888.47998046875,386600,4506.68017578125,1.9850000143051147,22.420000076293945,1206.6800537109375
2016-02-01,1924.8199462890625,1919.6199951171875,1926.1099853515625,1912.8499755859375,440300,4506.68017578125,1.9850000143051147,22.420000076293945,1206.6800537109375
2016-02-02,1906.5999755859375,1914.9599609375,1920.02001953125,1906.06005859375,412300,4620.3701171875,1.965999960899353,19.979999542236328,1206.1099853515625
2016-02-03,1890.6700439453125,1893.8299560546875,1894.719970703125,1882.75,408600,4516.9501953125,1.8639999628067017,21.979999542236328,1200.9599609375
2016-02-04,1916.260009765625,1900.47998046875,1917.0899658203125,1897.1800537109375,365800,4504.240234375,1.88100004196167,21.649999618530273,1211.5
2016-02-05,1917.7900390625,1914.550048828125,1921.760009765625,1910.31005859375,305800,4509.56005859375,1.8639999628067017,21.84000015258789,1199.699951171875
2016-02-11,1861.5400390625,1872.6800537109375,1877.77001953125,1858.9000244140625,386400,4283.58984375,1.7050000429153442,26.290000915527344,1197.1500244140625
2016-02-12,1835.280029296875,1850.6700439453125,1857.1199951171875,1817.969970703125,470500,4266.83984375,1.6440000534057617,28.139999389648438,1187.949951171875
2016-02-15,1862.199951171875,1857.3299560546875,1864.6199951171875,1847.5999755859375,284600,4266.83984375,1.6440000534057617,28.139999389648438,1187.949951171875
2016-02-16,1888.300048828125,1870.0999755859375,1892.1500244140625,1868.1099853515625,388300,4266.83984375,1.6440000534057617,28.139999389648438,1205.0
2016-02-17,1883.93994140625,1889.4100341796875,1897.3699951171875,1881.030029296875,344600,4435.9599609375,1.777999997138977,24.110000610351562,1211.25
2016-02-18,1908.8399658203125,1909.4000244140625,1910.1199951171875,1898.489990234375,332600,4534.06005859375,1.819000005722046,22.309999465942383,1215.8499755859375
2016-02-19,1916.239990234375,1904.5,1916.239990234375,1902.239990234375,312200,4487.5400390625,1.7589999437332153,21.639999389648438,1224.050048828125
2016-02-22,1916.3599853515625,1911.56005859375,1921.1400146484375,1905.8499755859375,267900,4487.5400390625,1.7589999437332153,21.639999389648438,1224.050048828125
2016-02-23,1914.219970703125,1928.8499755859375,1929.530029296875,1909.7900390625,326800,4570.60986328125,1.7660000324249268,19.3799991607666,1231.8699951171875
2016-02-24,1912.530029296875,1908.7099609375,1918.6300048828125,1906.18994140625,281600,4503.580078125,1.7450000047683716,20.979999542236328,1220.949951171875
2016-02-25,1918.5699462890625,1919.0799560546875,1928.489990234375,1906.989990234375,305800,4542.60986328125,1.7419999837875366,20.719999313354492,1229.949951171875
2016-02-26,1920.1600341796875,1927.0999755859375,1927.800048828125,1917.0699462890625,280200,4582.2001953125,1.6970000267028809,19.110000610351562,1231.4000244140625
2016-02-29,1916.6600341796875,1921.760009765625,1927.050048828125,1916.6600341796875,275100,4582.2001953125,1.6970000267028809,19.110000610351562,1231.4000244140625
2016-03-02,1947.4200439453125,1944.27001953125,1949.93994140625,1942.239990234375,323400,4689.60009765625,1.8339999914169312,17.700000762939453,1236.199951171875
2016-03-03,1958.1700439453125,1957.8299560546875,1958.1700439453125,1946.5699462890625,421000,4703.419921875,1.8480000495910645,17.09000015258789,1225.1500244140625
2016-03-04,1955.6300048828125,1956.010009765625,1958.4599609375,1949.469970703125,316400,4707.419921875,1.8300000429153442,16.700000762939453,1224.5
2016-03-07,1957.8699951171875,1961.260009765625,1963.4300537109375,1955.969970703125,344600,4707.419921875,1.8300000429153442,16.700000762939453,1224.5
2016-03-08,1946.1199951171875,1958.93994140625,1958.93994140625,1935.550048828125,358700,4708.25,1.9019999504089355,17.350000381469727,1196.5
2016-03-09,1952.949951171875,1940.550048828125,1952.949951171875,1938.3199462890625,355400,4648.81982421875,1.8320000171661377,18.670000076293945,1198.75
2016-03-10,1969.3299560546875,1958.8699951171875,1976.18994140625,1955.6700439453125,352300,4674.3798828125,1.8919999599456787,18.34000015258789,1208.1800537109375
2016-03-11,1971.4100341796875,1968.300048828125,1975.8699951171875,1966.6500244140625,303400,4662.16015625,1.9290000200271606,18.049999237060547,1208.1500244140625
2016-03-14,1972.27001953125,1985.739990234375,1985.9000244140625,1970.56005859375,357100,4662.16015625,1.9290000200271606,18.049999237060547,1208.1500244140625
2016-03-15,1969.969970703125,1975.6099853515625,1979.4599609375,1966.43994140625,264600,4750.27978515625,1.9630000591278076,16.920000076293945,1185.9000244140625
2016-03-16,1974.9000244140625,1971.5799560546875,1982.0799560546875,1969.6600341796875,294500,4728.669921875,1.9589999914169312,16.84000015258789,1185.75
2016-03-17,1987.989990234375,1984.68994140625,2000.300048828125,1984.3299560546875,291600,4763.97021484375,1.937999963760376,14.989999771118164,1191.969970703125
2016-03-18,1992.1199951171875,1996.31005859375,1996.31005859375,1986.0400390625,385800,4774.990234375,1.902999997138977,14.4399995803833,1175.8499755859375
2016-03-21,1989.760009765625,1999.25,2003.1199951171875,1982.699951171875,323300,4774.990234375,1.902999997138977,14.4399995803833,1175.8499755859375
2016-03-22,1996.81005859375,1993.3699951171875,1997.760009765625,1986.8699951171875,383800,4808.8701171875,1.9229999780654907,13.789999961853027,1162.300048828125
2016-03-23,1995.1199951171875,1996.469970703125,2001.6700439453125,1989.8399658203125,367600,4821.66015625,1.934999942779541,14.170000076293945,1159.0999755859375
2016-03-24,1985.969970703125,1988.4599609375,1992.760009765625,1981.1700439453125,341200,4768.85986328125,1.875,14.9399995803833,1154.800048828125
2016-03-25,1983.81005859375,1991.06005859375,1991.06005859375,1981.530029296875,463400,4773.5,1.899999976158142,14.739999771118164,1166.1500244140625
2016-03-28,1982.5400390625,1984.9300537109375,1992.4599609375,1981.3699951171875,410500,4773.5,1.899999976158142,14.739999771118164,1166.1500244140625
2016-03-29,1994.9100341796875,1986.9300537109375,1997.3299560546875,1984.0699462890625,385500,4766.7900390625,1.8700000047683716,15.239999771118164,1166.1500244140625
2016-03-30,2002.1400146484375,2005.239990234375,2009.0999755859375,1998.510009765625,368300,4846.6201171875,1.8140000104904175,13.819999694824219,1166.1500244140625
2016-03-31,1995.8499755859375,2005.719970703125,2007.4300537109375,1986.739990234375,335100,4869.2900390625,1.8300000429153442,13.5600004196167,1156.0799560546875
2016-04-01,1973.5699462890625,1994.77001953125,1994.77001953125,1970.1700439453125,392300,4869.85009765625,1.7860000133514404,13.949999809265137,1140.22998046875
2016-04-04,1978.969970703125,1974.72998046875,1979.030029296875,1969.3499755859375,363300,4869.85009765625,1.7860000133514404,13.949999809265137,1140.22998046875
2016-04-05,1962.739990234375,1972.3800048828125,1973.1700439453125,1959.260009765625,368200,4891.7998046875,1.7790000438690186,14.119999885559082,1145.8199462890625
2016-04-06,1971.3199462890625,1963.1700439453125,1975.0899658203125,1961.510009765625,358000,4843.93017578125,1.7269999980926514,15.420000076293945,1148.6300048828125
2016-04-07,1973.8900146484375,1978.75,1980.4300537109375,1964.989990234375,434100,4920.72021484375,1.7549999952316284,14.09000015258789,1158.5
2016-04-08,1972.050048828125,1961.2900390625,1972.1199951171875,1954.1099853515625,400600,4848.3701171875,1.690999984741211,16.15999984741211,1153.1500244140625
2016-04-11,1970.3699951171875,1972.25,1973.9000244140625,1963.2099609375,379500,4848.3701171875,1.690999984741211,16.15999984741211,1153.1500244140625
2016-04-12,1981.3199462890625,1970.5,1981.72998046875,1968.5,387300,4833.39990234375,1.7239999771118164,16.260000228881836,1149.5
2016-04-14,2015.9300537109375,2004.1500244140625,2016.030029296875,2000.8299560546875,473500,4947.419921875,1.7619999647140503,13.84000015258789,1140.050048828125
2016-04-15,2014.7099609375,2013.3800048828125,2016.949951171875,2008.6800537109375,317700,4945.89013671875,1.781000018119812,13.720000267028809,1143.75
2016-04-18,2009.0999755859375,2001.3499755859375,2009.550048828125,1998.489990234375,339200,4945.89013671875,1.781000018119812,13.720000267028809,1143.75
2016-04-19,2011.3599853515625,2015.0999755859375,2020.2900390625,2007.6800537109375,401200,4960.02001953125,1.7730000019073486,13.350000381469727,1145.0999755859375
2016-04-20,2005.8299560546875,2017.050048828125,2023.77001953125,2005.8199462890625,424000,4940.330078125,1.7829999923706055,13.239999771118164,1141.5999755859375
2016-04-21,2022.0999755859375,2014.5999755859375,2022.0999755859375,2009.449951171875,392100,4948.1298828125,1.8539999723434448,13.279999732971191,1125.8499755859375
2016-04-22,2015.489990234375,2014.9300537109375,2017.9000244140625,2010.93994140625,480500,4945.89013671875,1.8700000047683716,13.949999809265137,1130.0999755859375
2016-04-25,2014.550048828125,2016.050048828125,2016.6500244140625,2007.1800537109375,397700,4945.89013671875,1.8700000047683716,13.949999809265137,1130.0999755859375
2016-04-26,2019.6300048828125,2013.260009765625,2021.5899658203125,2011.8499755859375,509300,4895.7900390625,1.9019999504089355,14.079999923706055,1147.6500244140625
2016-04-27,2015.4000244140625,2019.31005859375,2019.8599853515625,2012.75,412800,4888.27978515625,1.930999994277954,13.960000038146973,1148.52001953125
2016-04-28,2000.9300537109375,2020.8299560546875,2022.989990234375,1998.5999755859375,341100,4863.14013671875,1.8600000143051147,13.770000457763672,1144.8800048828125
2016-04-29,1994.1500244140625,1998.6800537109375,1999.3399658203125,1983.300048828125,401100,4805.2900390625,1.8380000591278076,15.220000267028809,1146.0999755859375
2016-05-02,1978.1500244140625,1991.8399658203125,1991.8399658203125,1977.030029296875,328200,4805.2900390625,1.8380000591278076,15.220000267028809,1146.0999755859375
2016-05-03,1986.4100341796875,1988.3399658203125,1989.4100341796875,1979.6600341796875,310500,4817.58984375,1.8650000095367432,14.680000305175781,1143.0
2016-05-04,1976.7099609375,1978.239990234375,1982.3800048828125,1969.219970703125,352700,4763.22021484375,1.7999999523162842,15.600000381469727,1135.5
2016-05-09,1967.81005859375,1974.52001953125,1976.1400146484375,1962.9200439453125,342200,4763.22021484375,1.7999999523162842,15.600000381469727,1135.5
2016-05-10,1982.5,1965.8599853515625,1982.5,1964.9000244140625,369100,4750.2099609375,1.7599999904632568,14.569999694824219,1167.3399658203125
2016-05-11,1980.0999755859375,1989.1700439453125,1989.1700439453125,1970.47998046875,398500,4809.8798828125,1.7599999904632568,13.630000114440918,1173.050048828125
2016-05-12,1977.489990234375,1973.280029296875,1981.489990234375,1970.5400390625,462900,4760.68994140625,1.7369999885559082,14.6899995803833,1169.3299560546875
2016-05-13,1966.989990234375,1979.969970703125,1980.449951171875,1962.77001953125,509100,4737.330078125,1.7569999694824219,14.40999984741211,1162.9000244140625
2016-05-16,1967.9100341796875,1961.9100341796875,1970.530029296875,1961.3199462890625,526700,4737.330078125,1.7569999694824219,14.40999984741211,1162.9000244140625
2016-05-17,1968.06005859375,1973.8599853515625,1975.0999755859375,1962.5699462890625,597600,4775.4599609375,1.753000020980835,14.680000305175781,1174.9000244140625
2016-05-18,1956.72998046875,1962.780029296875,1964.3399658203125,1945.56005859375,696300,4715.72998046875,1.7589999437332153,15.569999694824219,1176.449951171875
2016-05-19,1946.780029296875,1953.9100341796875,1954.2900390625,1942.47998046875,505900,4739.1201171875,1.8799999952316284,15.949999809265137,1173.3299560546875
2016-05-20,1947.6700439453125,1943.8399658203125,1951.5,1940.3599853515625,388100,4712.52978515625,1.8450000286102295,16.329999923706055,1186.8499755859375
2016-05-23,1955.25,1954.260009765625,1956.77001953125,1940.43994140625,399500,4712.52978515625,1.8450000286102295,16.329999923706055,1186.8499755859375
2016-05-24,1937.6800537109375,1951.1800537109375,1951.3900146484375,1937.6700439453125,517100,4765.77978515625,1.8380000591278076,15.819999694824219,1188.4599609375
2016-05-25,1960.510009765625,1953.6300048828125,1964.9100341796875,1951.1700439453125,656900,4861.06005859375,1.8589999675750732,14.420000076293945,1181.550048828125
2016-05-26,1957.06005859375,1965.81005859375,1967.449951171875,1955.969970703125,558300,4894.89013671875,1.8700000047683716,13.899999618530273,1185.550048828125
2016-05-27,1969.1700439453125,1962.3299560546875,1971.27001953125,1959.75,523500,4901.77001953125,1.8229999542236328,13.430000305175781,1178.8499755859375
2016-05-30,1967.1300048828125,1969.719970703125,1970.5400390625,1955.489990234375,550500,4901.77001953125,1.8229999542236328,13.430000305175781,1178.8499755859375
2016-05-31,1983.4000244140625,1962.469970703125,1984.1800537109375,1958.1600341796875,657000,4901.77001953125,1.8229999542236328,13.430000305175781,1184.25
2016-06-01,1982.719970703125,1976.8699951171875,1986.760009765625,1975.8199462890625,502300,4948.0498046875,1.8339999914169312,14.1899995803833,1198.449951171875
2016-06-02,1985.1099853515625,1983.8599853515625,1988.0,1978.8199462890625,474200,4952.25,1.8459999561309814,14.199999809265137,1187.739990234375
2016-06-03,1985.8399658203125,1991.5799560546875,1991.5799560546875,1979.6600341796875,540900,4971.35986328125,1.8109999895095825,13.630000114440918,1190.1500244140625
2016-06-07,2011.6300048828125,1993.0799560546875,2011.6700439453125,1992.77001953125,481300,4968.7099609375,1.7230000495910645,13.649999618530273,1161.5899658203125
2016-06-08,2027.0799560546875,2013.719970703125,2027.0899658203125,2008.5899658203125,497900,4961.75,1.7130000591278076,14.050000190734863,1157.9000244140625
2016-06-09,2024.1700439453125,2028.02001953125,2035.27001953125,2012.1400146484375,599700,4974.64013671875,1.7059999704360962,14.079999923706055,1154.5
2016-06-10,2017.6300048828125,2022.77001953125,2022.77001953125,2014.1500244140625,404300,4958.6201171875,1.6799999475479126,14.640000343322754,1150.25
2016-06-13,1979.06005859375,2001.030029296875,2001.7900390625,1976.68994140625,443000,4958.6201171875,1.6799999475479126,14.640000343322754,1150.25
2016-06-14,1972.030029296875,1976.800048828125,1982.3199462890625,1965.3399658203125,439900,4848.43994140625,1.6160000562667847,20.969999313354492,1169.47998046875
2016-06-15,1968.8299560546875,1972.0,1975.8699951171875,1960.969970703125,376800,4843.5498046875,1.6109999418258667,20.5,1170.1500244140625
2016-06-16,1951.989990234375,1971.530029296875,1974.010009765625,1944.800048828125,438800,4834.93017578125,1.5959999561309814,20.139999389648438,1173.3900146484375
2016-06-17,1953.4000244140625,1966.22998046875,1970.5400390625,1949.5999755859375,485300,4844.919921875,1.5640000104904175,19.3700008392334,1166.699951171875
2016-06-20,1981.1199951171875,1974.4300537109375,1984.0699462890625,1969.56005859375,391300,4844.919921875,1.5640000104904175,19.3700008392334,1166.699951171875
2016-06-21,1982.699951171875,1977.800048828125,1983.8699951171875,1971.989990234375,557400,4837.2099609375,1.6699999570846558,18.3700008392334,1168.56005859375
2016-06-22,1992.5799560546875,1981.780029296875,1994.760009765625,1979.3699951171875,407400,4843.759765625,1.6970000267028809,18.479999542236328,1159.3499755859375
2016-06-23,1986.7099609375,1989.4200439453125,1990.7099609375,1980.1400146484375,455400,4833.31982421875,1.684999942779541,21.170000076293945,1151.5999755859375
2016-06-24,1925.239990234375,2001.550048828125,2001.550048828125,1892.75,750500,4910.0400390625,1.7389999628067017,17.25,1149.9000244140625
2016-06-27,1926.8499755859375,1901.8499755859375,1926.8699951171875,1900.8299560546875,394300,4910.0400390625,1.7389999628067017,17.25,1149.9000244140625
2016-06-28,1936.219970703125,1907.7099609375,1937.989990234375,1907.489990234375,373500,4594.43994140625,1.4600000381469727,23.850000381469727,1170.6099853515625
2016-06-29,1956.3599853515625,1946.31005859375,1966.2099609375,1941.9000244140625,451200,4691.8701171875,1.4609999656677246,18.75,1177.6500244140625
2016-06-30,1970.3499755859375,1971.5400390625,1972.81005859375,1959.280029296875,349900,4779.25,1.4769999980926514,16.639999389648438,1165.3800048828125
2016-07-01,1987.3199462890625,1977.3599853515625,1993.97998046875,1975.8900146484375,448100,4842.669921875,1.4880000352859497,15.630000114440918,1152.1500244140625
2016-07-04,1995.300048828125,1989.43994140625,1997.3699951171875,1985.1099853515625,468600,4842.669921875,1.4880000352859497,15.630000114440918,1152.1500244140625
2016-07-05,1989.8499755859375,1995.68994140625,1996.77001953125,1985.93994140625,405500,4842.669921875,1.4880000352859497,15.630000114440918,1148.0
2016-07-06,1953.1199951171875,1980.1099853515625,1982.800048828125,1944.3299560546875,457400,4822.89990234375,1.3669999837875366,15.579999923706055,1151.4000244140625
2016-07-07,1974.0799560546875,1963.300048828125,1976.489990234375,1959.8299560546875,378800,4859.16015625,1.3849999904632568,14.960000038146973,1154.949951171875
2016-07-08,1963.0999755859375,1972.280029296875,1979.75,1956.9100341796875,356500,4876.81005859375,1.3869999647140503,14.760000228881836,1155.25
2016-07-11,1988.5400390625,1979.3599853515625,1990.949951171875,1977.81005859375,337800,4876.81005859375,1.3869999647140503,14.760000228881836,1155.25
2016-07-12,1991.22998046875,1991.1300048828125,1998.030029296875,1986.449951171875,432700,4988.64013671875,1.434000015258789,13.539999961853027,1147.7099609375
2016-07-13,2005.550048828125,2007.6500244140625,2013.5999755859375,1995.8399658203125,357600,5022.81982421875,1.5130000114440918,13.550000190734863,1148.0699462890625
2016-07-14,2008.77001953125,2004.1199951171875,2009.6700439453125,1997.93994140625,340200,5005.72998046875,1.468000054359436,13.039999961853027,1141.0
2016-07-15,2017.260009765625,2015.3699951171875,2022.3399658203125,2011.0999755859375,477800,5034.06005859375,1.531000018119812,12.819999694824219,1142.6500244140625
2016-07-18,2021.1099853515625,2018.219970703125,2022.1099853515625,2012.300048828125,380100,5034.06005859375,1.531000018119812,12.819999694824219,1142.6500244140625
2016-07-19,2016.8900146484375,2022.800048828125,2023.219970703125,2010.27001953125,380800,5055.77978515625,1.5870000123977661,12.4399995803833,1136.5999755859375
2016-07-20,2015.4599609375,2013.4000244140625,2015.469970703125,2003.8699951171875,316300,5036.3701171875,1.5579999685287476,11.970000267028809,1133.050048828125
2016-07-21,2012.219970703125,2019.3599853515625,2020.550048828125,2007.5899658203125,391000,5089.93017578125,1.5800000429153442,11.770000457763672,1139.199951171875
2016-07-22,2010.3399658203125,2005.3699951171875,2014.43994140625,2002.6600341796875,321000,5073.89990234375,1.565000057220459,12.739999771118164,1140.949951171875
2016-07-25,2012.3199462890625,2014.739990234375,2020.68994140625,2006.6300048828125,350200,5073.89990234375,1.565000057220459,12.739999771118164,1140.949951171875
2016-07-26,2027.3399658203125,2009.4000244140625,2027.3399658203125,2008.25,338600,5097.6298828125,1.5709999799728394,12.869999885559082,1134.0
2016-07-27,2025.050048828125,2027.0699462890625,2030.68994140625,2021.1500244140625,411700,5110.0498046875,1.562999963760376,13.050000190734863,1141.530029296875
2016-07-28,2021.0999755859375,2029.0699462890625,2029.3800048828125,2014.3599853515625,350900,5139.81005859375,1.5149999856948853,12.829999923706055,1134.550048828125
2016-07-29,2016.18994140625,2023.239990234375,2028.989990234375,2016.18994140625,366400,5154.97998046875,1.5110000371932983,12.720000267028809,1129.050048828125
2016-08-01,2029.6099853515625,2024.7099609375,2031.5799560546875,2024.5699462890625,369600,5154.97998046875,1.5110000371932983,12.720000267028809,1129.050048828125
2016-08-02,2019.030029296875,2023.550048828125,2026.0999755859375,2017.5899658203125,409900,5184.2001953125,1.496000051498413,12.4399995803833,1109.949951171875
2016-08-03,1994.7900390625,2008.6800537109375,2008.6800537109375,1993.0,485900,5137.72998046875,1.5369999408721924,13.369999885559082,1105.449951171875
2016-08-04,2000.030029296875,2006.0799560546875,2006.47998046875,1994.72998046875,326500,5159.740234375,1.5420000553131104,12.859999656677246,1111.8399658203125
2016-08-05,2017.93994140625,2006.22998046875,2018.1600341796875,2004.3699951171875,289300,5166.25,1.503000020980835,12.420000076293945,1113.449951171875
2016-08-08,2031.1199951171875,2025.550048828125,2031.1400146484375,2018.81005859375,270500,5166.25,1.503000020980835,12.420000076293945,1113.449951171875
2016-08-09,2043.780029296875,2033.52001953125,2046.030029296875,2032.1800537109375,436700,5213.14013671875,1.5829999446868896,11.5,1113.3499755859375
2016-08-10,2044.6400146484375,2043.030029296875,2049.360107421875,2039.8599853515625,331100,5225.47998046875,1.5449999570846558,11.65999984741211,1104.6500244140625
2016-08-11,2048.800048828125,2042.6400146484375,2048.800048828125,2035.25,346100,5204.580078125,1.5089999437332153,12.050000190734863,1099.9000244140625
2016-08-12,2050.469970703125,2053.820068359375,2060.840087890625,2046.1500244140625,376500,5228.39990234375,1.5729999542236328,11.680000305175781,1094.25
2016-08-16,2047.760009765625,2056.0,2063.090087890625,2047.72998046875,374900,5262.02001953125,1.5529999732971191,11.8100004196167,1102.47998046875
2016-08-17,2043.75,2045.3699951171875,2048.2900390625,2032.530029296875,391700,5227.10986328125,1.5759999752044678,12.640000343322754,1097.3599853515625
2016-08-18,2055.469970703125,2048.14990234375,2056.090087890625,2041.9000244140625,353100,5228.66015625,1.5609999895095825,12.1899995803833,1094.030029296875
2016-08-19,2056.239990234375,2057.89990234375,2059.300048828125,2049.52001953125,392300,5240.14990234375,1.5360000133514404,11.430000305175781,1104.5
2016-08-22,2042.1600341796875,2054.3701171875,2054.7099609375,2040.510009765625,343500,5240.14990234375,1.5360000133514404,11.430000305175781,1104.5
2016-08-23,2049.929931640625,2044.27001953125,2051.429931640625,2041.8599853515625,360400,5244.60009765625,1.5390000343322754,12.270000457763672,1117.3900146484375
2016-08-24,2043.760009765625,2050.820068359375,2052.739990234375,2039.530029296875,285200,5260.080078125,1.5529999732971191,12.380000114440918,1122.5699462890625
2016-08-25,2042.9200439453125,2041.5799560546875,2046.0,2035.010009765625,277400,5217.68994140625,1.559000015258789,13.449999809265137,1119.3900146484375
2016-08-26,2037.5,2036.739990234375,2039.9100341796875,2027.6800537109375,288200,5212.2001953125,1.5770000219345093,13.630000114440918,1119.7900390625
2016-08-29,2032.3499755859375,2028.6400146484375,2034.6300048828125,2024.9300537109375,317000,5212.2001953125,1.5770000219345093,13.630000114440918,1119.7900390625
2016-08-30,2039.739990234375,2038.5999755859375,2049.989990234375,2036.760009765625,378600,5232.330078125,1.565999984741211,12.9399995803833,1121.75
2016-08-31,2034.6500244140625,2038.5799560546875,2041.1700439453125,2027.239990234375,401000,5222.990234375,1.5700000524520874,13.119999885559082,1118.3299560546875
2016-09-01,2032.719970703125,2022.9599609375,2032.719970703125,2016.469970703125,300500,5213.22021484375,1.5679999589920044,13.420000076293945,1118.3800048828125
2016-09-02,2038.31005859375,2033.9200439453125,2039.1800537109375,2030.1700439453125,342600,5227.2099609375,1.5700000524520874,13.479999542236328,1114.43994140625
2016-09-05,2060.080078125,2049.18994140625,2061.0,2047.489990234375,573000,5227.2099609375,1.5700000524520874,13.479999542236328,1114.43994140625
2016-09-06,2066.530029296875,2058.2099609375,2067.77001953125,2057.260009765625,462600,5227.2099609375,1.5700000524520874,13.479999542236328,1114.8499755859375
2016-09-07,2061.8798828125,2068.81005859375,2073.889892578125,2061.8798828125,687200,5275.91015625,1.5429999828338623,12.020000457763672,1103.4300537109375
2016-09-08,2063.72998046875,2064.9599609375,2070.659912109375,2053.199951171875,656700,5283.93017578125,1.5410000085830688,11.9399995803833,1094.5899658203125
2016-09-09,2037.8699951171875,2048.93994140625,2049.300048828125,2029.4599609375,392700,5259.47998046875,1.6160000562667847,12.510000228881836,1088.800048828125
2016-09-12,1991.47998046875,2003.6700439453125,2011.0400390625,1991.469970703125,422900,5259.47998046875,1.6160000562667847,12.510000228881836,1088.800048828125
2016-09-13,1999.3599853515625,2011.9300537109375,2013.030029296875,1997.5799560546875,437400,5211.89013671875,1.6720000505447388,15.15999984741211,1103.5999755859375
2016-09-19,2015.780029296875,1997.4300537109375,2019.449951171875,1997.0999755859375,434400,5211.89013671875,1.6720000505447388,15.15999984741211,1103.5999755859375
2016-09-20,2025.7099609375,2014.5,2026.56005859375,2010.25,362300,5235.02978515625,1.6959999799728394,15.529999732971191,1124.9000244140625
2016-09-21,2035.989990234375,2022.81005859375,2035.989990234375,2021.780029296875,525100,5241.35009765625,1.687999963760376,15.920000076293945,1118.43994140625
2016-09-22,2049.699951171875,2050.31005859375,2060.260009765625,2048.800048828125,447600,5295.18017578125,1.6679999828338623,13.300000190734863,1116.1500244140625
2016-09-23,2054.070068359375,2053.219970703125,2057.35009765625,2048.9599609375,494100,5339.52001953125,1.6319999694824219,12.020000457763672,1104.3699951171875
2016-09-26,2047.1099853515625,2052.760009765625,2060.7099609375,2042.699951171875,359600,5339.52001953125,1.6319999694824219,12.020000457763672,1104.3699951171875
2016-09-27,2062.820068359375,2037.3199462890625,2064.889892578125,2031.1300048828125,664000,5257.490234375,1.5889999866485596,14.5,1101.800048828125
2016-09-28,2053.06005859375,2062.570068359375,2062.97998046875,2051.679931640625,546500,5305.7099609375,1.555999994277954,13.100000381469727,1107.4599609375
2016-09-29,2068.719970703125,2063.739990234375,2072.090087890625,2063.739990234375,416200,5318.5498046875,1.5670000314712524,12.390000343322754,1095.9000244140625
2016-09-30,2043.6300048828125,2054.25,2056.330078125,2042.77001953125,326400,5269.14990234375,1.5570000410079956,14.020000457763672,1091.0799560546875
2016-10-04,2054.860107421875,2056.93994140625,2059.25,2050.4599609375,318900,5300.8701171875,1.621999979019165,13.569999694824219,1102.1500244140625
2016-10-05,2053.0,2043.3699951171875,2056.010009765625,2036.8699951171875,292300,5289.66015625,1.6829999685287476,13.630000114440918,1103.239990234375
2016-10-06,2065.300048828125,2069.300048828125,2070.429931640625,2055.830078125,337700,5316.02001953125,1.715999960899353,12.989999771118164,1115.3599853515625
2016-10-07,2053.800048828125,2065.949951171875,2067.489990234375,2051.60009765625,422400,5306.85009765625,1.7419999837875366,12.84000015258789,1113.1800537109375
2016-10-10,2056.820068359375,2047.18994140625,2058.72998046875,2039.989990234375,314900,5306.85009765625,1.7419999837875366,12.84000015258789,1113.1800537109375
2016-10-11,2031.9300537109375,2053.2900390625,2060.780029296875,2030.510009765625,343200,5328.669921875,1.7230000495910645,13.380000114440918,1115.8499755859375
2016-10-12,2033.72998046875,2022.969970703125,2037.02001953125,2022.3900146484375,297400,5246.7900390625,1.7589999437332153,15.359999656677246,1106.6199951171875
2016-10-13,2015.43994140625,2033.989990234375,2035.9300537109375,2014.8900146484375,440300,5239.02001953125,1.777999997138977,15.90999984741211,1123.6800537109375
2016-10-14,2022.6600341796875,2021.6600341796875,2028.760009765625,2021.1099853515625,458900,5213.330078125,1.7380000352859497,16.690000534057617,1123.81005859375
2016-10-17,2027.6099853515625,2028.9300537109375,2033.56005859375,2011.81005859375,333400,5213.330078125,1.7380000352859497,16.690000534057617,1123.81005859375
2016-10-18,2040.4300537109375,2027.81005859375,2040.719970703125,2026.469970703125,305900,5199.81982421875,1.7660000324249268,16.209999084472656,1136.050048828125
2016-10-19,2040.93994140625,2036.1800537109375,2050.510009765625,2035.9000244140625,321900,5243.83984375,1.7489999532699585,15.279999732971191,1135.6300048828125
2016-10-20,2040.5999755859375,2044.1199951171875,2048.25,2036.5400390625,276000,5246.41015625,1.7519999742507935,14.40999984741211,1124.6199951171875
2016-10-21,2033.0,2039.4000244140625,2040.4000244140625,2029.7900390625,260400,5241.830078125,1.746999979019165,13.75,1119.6099853515625
2016-10-24,2047.739990234375,2037.18994140625,2047.739990234375,2036.77001953125,252000,5241.830078125,1.746999979019165,13.75,1119.6099853515625
2016-10-25,2037.1700439453125,2042.2900390625,2042.6500244140625,2031.25,299100,5309.830078125,1.7630000114440918,13.020000457763672,1135.5999755859375
2016-10-26,2013.8900146484375,2030.3699951171875,2030.3699951171875,2002.2900390625,392400,5283.39990234375,1.7580000162124634,13.460000038146973,1134.3800048828125
2016-10-27,2024.1199951171875,2018.239990234375,2026.3299560546875,2015.6600341796875,298700,5250.27001953125,1.7899999618530273,14.239999771118164,1129.0999755859375
2016-10-28,2019.4200439453125,2021.969970703125,2026.8499755859375,2015.719970703125,270500,5215.97021484375,1.843000054359436,15.359999656677246,1137.3299560546875
2016-10-31,2008.18994140625,2011.2900390625,2016.010009765625,2005.949951171875,400700,5215.97021484375,1.843000054359436,15.359999656677246,1137.3299560546875
2016-11-01,2007.3900146484375,2003.4100341796875,2010.510009765625,1990.449951171875,321800,5189.14013671875,1.8339999914169312,17.059999465942383,1146.699951171875
2016-11-02,1978.93994140625,1995.4100341796875,1997.4599609375,1976.3399658203125,333500,5153.580078125,1.8200000524520874,18.559999465942383,1143.3299560546875
2016-11-03,1983.800048828125,1974.9300537109375,1988.8199462890625,1973.5799560546875,272700,5105.56982421875,1.7990000247955322,19.31999969482422,1145.469970703125
2016-11-04,1982.02001953125,1983.8699951171875,1985.2900390625,1976.5699462890625,227800,5058.41015625,1.812000036239624,22.079999923706055,1145.1700439453125
2016-11-07,1997.5799560546875,1997.5799560546875,2001.739990234375,1992.1400146484375,210300,5058.41015625,1.812000036239624,22.079999923706055,1145.1700439453125
2016-11-08,2003.3800048828125,2009.56005859375,2010.1700439453125,1994.3299560546875,239600,5166.169921875,1.8279999494552612,18.709999084472656,1141.449951171875
2016-11-09,1958.3800048828125,2008.0799560546875,2015.22998046875,1931.0699462890625,709000,5193.490234375,1.8619999885559082,18.739999771118164,1140.550048828125
2016-11-10,2002.5999755859375,1989.8499755859375,2002.5999755859375,1983.260009765625,433900,5251.06982421875,2.072000026702881,14.380000114440918,1127.8599853515625
2016-11-11,1984.4300537109375,1988.8699951171875,1994.050048828125,1982.1500244140625,386900,5208.7998046875,2.117000102996826,14.739999771118164,1156.280029296875
2016-11-14,1974.4000244140625,1982.9300537109375,1988.6500244140625,1974.27001953125,352100,5208.7998046875,2.117000102996826,14.739999771118164,1156.280029296875
2016-11-15,1967.530029296875,1977.3299560546875,1978.93994140625,1967.2099609375,375700,5218.39990234375,2.2219998836517334,14.479999542236328,1164.4000244140625
2016-11-16,1979.6500244140625,1980.8199462890625,1985.6700439453125,1976.6300048828125,306500,5275.6201171875,2.23799991607666,13.369999885559082,1167.760009765625
2016-11-17,1980.550048828125,1976.2099609375,1983.8699951171875,1968.800048828125,272200,5294.580078125,2.2230000495910645,13.720000267028809,1166.68994140625
2016-11-18,1974.5799560546875,1983.0699462890625,1983.260009765625,1968.1300048828125,307000,5333.97021484375,2.2760000228881836,13.350000381469727,1169.0699462890625
2016-11-21,1966.050048828125,1971.030029296875,1976.22998046875,1962.4200439453125,223500,5333.97021484375,2.2760000228881836,13.350000381469727,1169.0699462890625
2016-11-22,1983.469970703125,1976.0699462890625,1986.8199462890625,1974.050048828125,231400,5368.85986328125,2.3389999866485596,12.420000076293945,1180.75
2016-11-23,1987.949951171875,1987.6400146484375,1996.6500244140625,1981.219970703125,308200,5386.35009765625,2.321000099182129,12.40999984741211,1179.1800537109375
2016-11-24,1971.260009765625,1985.1099853515625,1988.9599609375,1968.5,235400,5380.68017578125,2.3570001125335693,12.430000305175781,1167.9300537109375
2016-11-25,1974.4599609375,1972.5999755859375,1978.449951171875,1969.0899658203125,201900,5380.68017578125,2.3570001125335693,12.430000305175781,1180.8599853515625
2016-11-28,1978.1300048828125,1976.5799560546875,1983.4300537109375,1966.780029296875,213600,5380.68017578125,2.3570001125335693,12.430000305175781,1180.8599853515625
2016-11-29,1978.3900146484375,1977.0999755859375,1982.530029296875,1972.31005859375,214600,5368.81005859375,2.319999933242798,13.149999618530273,1172.699951171875
2016-11-30,1983.47998046875,1980.3800048828125,1988.43994140625,1977.0899658203125,233100,5379.919921875,2.302000045776367,12.899999618530273,1169.7099609375
2016-12-01,1983.75,1987.47998046875,1989.0799560546875,1979.6700439453125,217900,5323.68017578125,2.368000030517578,13.329999923706055,1167.8599853515625
2016-12-02,1970.6099853515625,1980.1400146484375,1981.6400146484375,1966.4200439453125,243200,5251.10986328125,2.440999984741211,14.069999694824219,1178.1300048828125
2016-12-05,1963.3599853515625,1965.7099609375,1971.239990234375,1960.6500244140625,237200,5251.10986328125,2.440999984741211,14.069999694824219,1178.1300048828125
2016-12-06,1989.8599853515625,1976.510009765625,1993.469970703125,1976.510009765625,214600,5308.89013671875,2.38700008392334,12.140000343322754,1169.5999755859375
2016-12-07,1991.8900146484375,1995.68994140625,1997.6199951171875,1987.260009765625,204400,5333.0,2.3959999084472656,11.789999961853027,1166.989990234375
2016-12-08,2031.0699462890625,2008.31005859375,2031.0699462890625,2007.5699462890625,239400,5393.759765625,2.3469998836517334,12.220000267028809,1170.550048828125
2016-12-09,2024.68994140625,2024.52001953125,2026.8299560546875,2019.7900390625,225700,5417.35986328125,2.38700008392334,12.640000343322754,1157.5
2016-12-12,2027.239990234375,2031.949951171875,2031.949951171875,2020.969970703125,289800,5417.35986328125,2.38700008392334,12.640000343322754,1157.5
2016-12-13,2035.97998046875,2026.3900146484375,2035.989990234375,2023.6099853515625,383400,5412.5400390625,2.4790000915527344,12.640000343322754,1169.949951171875
2016-12-14,2036.8699951171875,2043.0699462890625,2044.4200439453125,2031.1800537109375,384000,5463.830078125,2.4809999465942383,12.720000267028809,1164.6500244140625
2016-12-15,2036.6500244140625,2022.1400146484375,2040.6199951171875,2021.760009765625,300200,5436.669921875,2.5250000953674316,13.1899995803833,1163.5899658203125
2016-12-16,2042.239990234375,2037.3499755859375,2043.5999755859375,2033.22998046875,289700,5456.85009765625,2.5799999237060547,12.789999961853027,1179.1600341796875
2016-12-19,2038.3900146484375,2039.4000244140625,2046.030029296875,2037.0400390625,249900,5456.85009765625,2.5799999237060547,12.789999961853027,1179.1600341796875
2016-12-20,2041.93994140625,2044.8699951171875,2047.3800048828125,2040.81005859375,314200,5457.43994140625,2.5420000553131104,11.710000038146973,1186.0
2016-12-21,2037.9599609375,2049.469970703125,2053.4599609375,2037.9599609375,284600,5483.93994140625,2.568000078201294,11.449999809265137,1186.949951171875
2016-12-22,2035.72998046875,2041.6099853515625,2042.9000244140625,2033.989990234375,275100,5471.43017578125,2.5460000038146973,11.270000457763672,1191.469970703125
2016-12-23,2035.9000244140625,2036.1700439453125,2037.7099609375,2031.5400390625,310900,5447.419921875,2.552999973297119,11.430000305175781,1193.3499755859375
2016-12-26,2037.75,2038.3299560546875,2039.760009765625,2034.800048828125,366600,5447.419921875,2.552999973297119,11.430000305175781,1193.3499755859375
2016-12-27,2042.1700439453125,2040.739990234375,2044.4300537109375,2037.1199951171875,384000,5447.419921875,2.552999973297119,11.430000305175781,1199.550048828125
2016-12-28,2024.489990234375,2021.8599853515625,2029.68994140625,2020.8599853515625,356600,5487.43994140625,2.562999963760376,11.989999771118164,1199.550048828125
2016-12-29,2026.4599609375,2020.4200439453125,2026.5699462890625,2016.25,264500,5438.56005859375,2.50600004196167,12.949999809265137,1206.47998046875
2017-01-02,2026.1600341796875,2022.22998046875,2031.7900390625,2015.6800537109375,229900,5438.56005859375,2.50600004196167,12.949999809265137,1206.47998046875
2017-01-03,2043.969970703125,2034.31005859375,2044.0699462890625,2028.469970703125,268100,5438.56005859375,2.50600004196167,12.949999809265137,1205.449951171875
2017-01-04,2045.6400146484375,2046.2900390625,2046.2900390625,2040.6099853515625,371500,5429.080078125,2.450000047683716,12.850000381469727,1202.9300537109375
2017-01-05,2041.949951171875,2045.52001953125,2046.5,2039.489990234375,541300,5477.0,2.4519999027252197,11.850000381469727,1206.010009765625
2017-01-06,2049.1201171875,2048.110107421875,2051.840087890625,2045.6600341796875,455400,5487.93994140625,2.368000030517578,11.670000076293945,1194.47998046875
2017-01-09,2048.780029296875,2053.179931640625,2053.179931640625,2046.469970703125,398300,5487.93994140625,2.368000030517578,11.670000076293945,1194.47998046875
2017-01-10,2045.1199951171875,2043.300048828125,2046.780029296875,2039.5,512700,5531.81982421875,2.375999927520752,11.5600004196167,1201.0999755859375
2017-01-11,2075.169921875,2048.080078125,2079.699951171875,2047.56005859375,335500,5551.81982421875,2.378999948501587,11.489999771118164,1202.52001953125
2017-01-12,2087.139892578125,2077.68994140625,2087.139892578125,2073.889892578125,555800,5563.64990234375,2.369999885559082,11.260000228881836,1200.5999755859375
2017-01-13,2076.7900390625,2077.1201171875,2080.93994140625,2073.43994140625,518300,5547.490234375,2.3610000610351562,11.539999961853027,1187.1600341796875
2017-01-16,2064.169921875,2077.030029296875,2080.050048828125,2058.929931640625,683900,5547.490234375,2.3610000610351562,11.539999961853027,1187.1600341796875
2017-01-17,2071.8701171875,2067.52001953125,2078.800048828125,2065.530029296875,601400,5547.490234375,2.3610000610351562,11.539999961853027,1174.050048828125
2017-01-18,2070.5400390625,2073.77001953125,2075.22998046875,2058.35009765625,530100,5538.72998046875,2.3269999027252197,11.869999885559082,1182.1700439453125
2017-01-19,2072.7900390625,2085.610107421875,2091.02001953125,2065.030029296875,415700,5555.64990234375,2.3889999389648438,12.479999542236328,1160.030029296875
2017-01-20,2065.610107421875,2065.5400390625,2072.320068359375,2064.0,392600,5540.080078125,2.4590001106262207,12.779999732971191,1176.7900390625
2017-01-23,2065.989990234375,2067.6201171875,2073.800048828125,2058.909912109375,444900,5540.080078125,2.4590001106262207,12.779999732971191,1176.7900390625
2017-01-24,2065.760009765625,2070.219970703125,2072.659912109375,2058.590087890625,312400,5552.93994140625,2.4030001163482666,11.770000457763672,1173.300048828125
2017-01-25,2066.93994140625,2075.330078125,2077.719970703125,2062.9599609375,310200,5600.9599609375,2.4709999561309814,11.069999694824219,1162.6500244140625
2017-01-26,2083.590087890625,2074.77001953125,2088.60009765625,2068.5,257900,5656.33984375,2.5230000019073486,10.8100004196167,1168.030029296875
2017-01-31,2067.570068359375,2077.659912109375,2079.969970703125,2067.570068359375,288300,5613.7099609375,2.4830000400543213,11.880000114440918,1177.5999755859375
2017-02-01,2080.47998046875,2075.31005859375,2082.699951171875,2073.969970703125,452500,5614.7900390625,2.4509999752044678,11.989999771118164,1169.2099609375
2017-02-02,2071.010009765625,2080.22998046875,2092.449951171875,2067.760009765625,825500,5642.64990234375,2.4739999771118164,11.8100004196167,1149.25
2017-02-03,2073.159912109375,2075.89990234375,2079.85009765625,2064.050048828125,392600,5636.2001953125,2.4700000286102295,11.930000305175781,1151.949951171875
2017-02-06,2077.659912109375,2085.72998046875,2088.3701171875,2073.030029296875,315300,5636.2001953125,2.4700000286102295,11.930000305175781,1151.949951171875
2017-02-07,2075.2099609375,2077.800048828125,2079.22998046875,2071.050048828125,271800,5663.5498046875,2.4130001068115234,11.369999885559082,1137.760009765625
2017-02-08,2065.080078125,2072.580078125,2072.580078125,2052.2900390625,266700,5674.22021484375,2.3889999389648438,11.289999961853027,1132.7099609375
2017-02-09,2065.8798828125,2067.14990234375,2072.68994140625,2062.1201171875,236000,5682.4501953125,2.3510000705718994,11.449999809265137,1142.0999755859375
2017-02-10,2075.080078125,2075.800048828125,2080.739990234375,2072.22998046875,314700,5715.18017578125,2.3949999809265137,10.880000114440918,1144.6199951171875
2017-02-13,2078.64990234375,2074.93994140625,2078.659912109375,2070.360107421875,289700,5715.18017578125,2.3949999809265137,10.880000114440918,1144.6199951171875
2017-02-14,2074.570068359375,2079.300048828125,2081.590087890625,2068.159912109375,332400,5763.9599609375,2.434000015258789,11.069999694824219,1145.1800537109375
2017-02-15,2083.860107421875,2073.60009765625,2087.68994140625,2069.889892578125,338000,5782.56982421875,2.4700000286102295,10.739999771118164,1148.699951171875
2017-02-16,2081.840087890625,2088.090087890625,2092.590087890625,2078.35009765625,330500,5819.43994140625,2.502000093460083,11.970000267028809,1137.9599609375
2017-02-17,2080.580078125,2072.570068359375,2081.179931640625,2072.570068359375,301500,5814.89990234375,2.450000047683716,11.760000228881836,1133.0999755859375
2017-02-20,2084.389892578125,2084.159912109375,2085.590087890625,2077.1298828125,297200,5814.89990234375,2.450000047683716,11.760000228881836,1133.0999755859375
2017-02-21,2102.929931640625,2085.969970703125,2108.47998046875,2085.0,292500,5814.89990234375,2.450000047683716,11.760000228881836,1149.5999755859375
2017-02-22,2106.610107421875,2106.419921875,2108.97998046875,2101.56005859375,312200,5865.9501953125,2.427000045776367,11.569999694824219,1143.9599609375
2017-02-23,2107.6298828125,2106.14990234375,2108.989990234375,2103.110107421875,430900,5860.6298828125,2.4179999828338623,11.739999771118164,1141.1800537109375
2017-02-24,2094.1201171875,2106.429931640625,2107.830078125,2090.050048828125,385400,5835.509765625,2.388000011444092,11.710000038146973,1137.949951171875
2017-02-27,2085.52001953125,2095.469970703125,2097.239990234375,2084.080078125,343700,5835.509765625,2.388000011444092,11.710000038146973,1137.949951171875
2017-02-28,2091.639892578125,2087.260009765625,2094.409912109375,2084.360107421875,399800,5861.89990234375,2.36899995803833,12.09000015258789,1130.449951171875
2017-03-02,2102.64990234375,2105.18994140625,2112.580078125,2096.31005859375,434700,5904.02978515625,2.4630000591278076,12.539999961853027,1136.7900390625
2017-03-03,2078.75,2090.919921875,2091.590087890625,2072.090087890625,425900,5861.22021484375,2.489000082015991,11.8100004196167,1139.5699462890625
2017-03-06,2081.360107421875,2073.199951171875,2083.800048828125,2067.679931640625,431400,5861.22021484375,2.489000082015991,11.8100004196167,1139.5699462890625
2017-03-07,2094.050048828125,2080.77001953125,2096.7900390625,2079.159912109375,277800,5849.18017578125,2.49399995803833,11.239999771118164,1151.969970703125
2017-03-08,2095.409912109375,2092.27001953125,2101.56005859375,2088.18994140625,381400,5833.93017578125,2.510999917984009,11.449999809265137,1154.25
2017-03-09,2091.06005859375,2098.2900390625,2100.080078125,2090.72998046875,408200,5837.5498046875,2.552000045776367,11.859999656677246,1149.4100341796875
2017-03-10,2097.35009765625,2088.669921875,2102.050048828125,2082.31005859375,500900,5838.81005859375,2.5980000495910645,12.300000190734863,1153.6199951171875
2017-03-13,2117.590087890625,2102.3701171875,2122.8798828125,2100.909912109375,382100,5838.81005859375,2.5980000495910645,12.300000190734863,1153.6199951171875
2017-03-14,2133.780029296875,2127.1201171875,2135.5,2124.419921875,365100,5875.77978515625,2.6080000400543213,11.350000381469727,1145.9599609375
2017-03-15,2133.0,2128.419921875,2135.3798828125,2127.260009765625,374700,5856.81982421875,2.5950000286102295,12.300000190734863,1147.550048828125
2017-03-16,2150.080078125,2154.97998046875,2156.85009765625,2143.010009765625,402400,5900.0498046875,2.507999897003174,11.630000114440918,1148.219970703125
2017-03-17,2164.580078125,2150.469970703125,2164.590087890625,2148.860107421875,302800,5900.759765625,2.5220000743865967,11.210000038146973,1127.4000244140625
2017-03-20,2157.010009765625,2160.320068359375,2160.570068359375,2151.510009765625,264900,5900.759765625,2.5220000743865967,11.210000038146973,1127.4000244140625
2017-03-21,2178.3798828125,2162.949951171875,2181.989990234375,2160.25,303900,5901.52978515625,2.4730000495910645,11.34000015258789,1126.6500244140625
2017-03-22,2168.300048828125,2159.969970703125,2170.0,2158.9599609375,394400,5793.830078125,2.436000108718872,12.470000267028809,1113.75
2017-03-23,2172.719970703125,2174.090087890625,2182.419921875,2170.56005859375,358600,5821.64013671875,2.3959999084472656,12.8100004196167,1122.780029296875
2017-03-24,2168.949951171875,2171.360107421875,2179.340087890625,2163.340087890625,358700,5817.68994140625,2.4179999828338623,13.119999885559082,1116.4100341796875
2017-03-27,2155.659912109375,2161.169921875,2165.25,2153.139892578125,395900,5817.68994140625,2.4179999828338623,13.119999885559082,1116.4100341796875
2017-03-28,2163.31005859375,2166.580078125,2169.139892578125,2157.7099609375,394000,5840.3701171875,2.372999906539917,12.5,1116.1400146484375
2017-03-29,2166.97998046875,2172.31005859375,2172.31005859375,2162.0400390625,626800,5875.14013671875,2.4089999198913574,11.529999732971191,1111.0999755859375
2017-03-30,2164.639892578125,2170.179931640625,2174.159912109375,2159.159912109375,643600,5897.5498046875,2.385999917984009,11.420000076293945,1115.5
2017-03-31,2160.22998046875,2166.6201171875,2166.929931640625,2159.800048828125,441600,5914.33984375,2.4159998893737793,11.539999961853027,1109.949951171875
2017-04-03,2167.510009765625,2166.0400390625,2171.330078125,2161.260009765625,398500,5914.33984375,2.4159998893737793,11.539999961853027,1109.949951171875
2017-04-04,2161.10009765625,2165.22998046875,2166.93994140625,2156.889892578125,522100,5894.68017578125,2.3499999046325684,12.380000114440918,1115.1600341796875
2017-04-05,2160.85009765625,2161.89990234375,2164.85009765625,2146.97998046875,571700,5898.60986328125,2.3499999046325684,11.789999961853027,1116.22998046875
2017-04-06,2152.75,2152.639892578125,2153.830078125,2143.300048828125,510200,5864.47998046875,2.3570001125335693,12.890000343322754,1124.0999755859375
2017-04-07,2151.72998046875,2154.8701171875,2155.699951171875,2142.510009765625,408500,5878.9501953125,2.3429999351501465,12.390000343322754,1127.0999755859375
2017-04-10,2133.320068359375,2148.830078125,2148.830078125,2128.35009765625,512900,5878.9501953125,2.3429999351501465,12.390000343322754,1127.0999755859375
2017-04-11,2123.85009765625,2129.22998046875,2136.550048828125,2117.820068359375,489300,5880.93017578125,2.3610000610351562,14.050000190734863,1136.0
2017-04-12,2128.909912109375,2128.169921875,2129.820068359375,2122.93994140625,427400,5866.77001953125,2.2980000972747803,15.069999694824219,1142.030029296875
2017-04-13,2148.610107421875,2130.639892578125,2148.610107421875,2125.8701171875,357600,5836.16015625,2.2960000038146973,15.770000457763672,1144.5899658203125
2017-04-14,2134.8798828125,2138.280029296875,2141.610107421875,2127.800048828125,383700,5805.14990234375,2.2320001125335693,15.960000038146973,1133.4300537109375
2017-04-17,2145.760009765625,2140.8701171875,2150.699951171875,2138.699951171875,259300,5805.14990234375,2.2320001125335693,15.960000038146973,1133.4300537109375
2017-04-18,2148.4599609375,2155.360107421875,2155.360107421875,2139.31005859375,291400,5856.7900390625,2.252000093460083,14.65999984741211,1135.3599853515625
2017-04-19,2138.39990234375,2144.97998046875,2148.030029296875,2133.820068359375,344200,5849.47021484375,2.178999900817871,14.420000076293945,1131.800048828125
2017-04-20,2149.14990234375,2138.18994140625,2150.429931640625,2134.050048828125,268300,5863.02978515625,2.2019999027252197,14.930000305175781,1141.6800537109375
2017-04-21,2165.0400390625,2161.239990234375,2169.4599609375,2156.639892578125,281500,5916.77978515625,2.240999937057495,14.149999618530273,1141.8900146484375
2017-04-24,2173.739990234375,2175.5,2177.889892578125,2166.830078125,374700,5916.77978515625,2.240999937057495,14.149999618530273,1141.8900146484375
2017-04-25,2196.85009765625,2175.699951171875,2196.85009765625,2174.110107421875,275900,5983.81982421875,2.2730000019073486,10.84000015258789,1133.7099609375
2017-04-26,2207.840087890625,2202.3701171875,2210.610107421875,2200.72998046875,397500,6025.490234375,2.3269999027252197,10.760000228881836,1133.8399658203125
2017-04-27,2209.4599609375,2201.719970703125,2211.590087890625,2199.760009765625,386100,6025.22998046875,2.311000108718872,10.850000381469727,1125.469970703125
2017-04-28,2205.43994140625,2214.360107421875,2217.0400390625,2202.199951171875,268600,6048.93994140625,2.2960000038146973,10.359999656677246,1131.800048828125
2017-05-02,2219.669921875,2213.610107421875,2229.739990234375,2212.8701171875,295100,6091.60009765625,2.325000047683716,10.109999656677246,1135.6400146484375
2017-05-04,2241.239990234375,2224.909912109375,2241.239990234375,2224.909912109375,261900,6072.5498046875,2.309000015258789,10.680000305175781,1127.760009765625
2017-05-08,2292.760009765625,2245.610107421875,2292.760009765625,2244.22998046875,281800,6072.5498046875,2.309000015258789,10.680000305175781,1127.760009765625
2017-05-10,2270.1201171875,2294.10009765625,2323.219970703125,2264.31005859375,422900,6120.58984375,2.4070000648498535,9.960000038146973,1132.6500244140625
2017-05-11,2296.3701171875,2278.469970703125,2297.669921875,2271.659912109375,463500,6129.14013671875,2.4140000343322754,10.210000038146973,1137.8599853515625
2017-05-12,2286.02001953125,2296.06005859375,2296.510009765625,2283.3798828125,335300,6115.9599609375,2.4000000953674316,10.600000381469727,1130.0400390625
2017-05-15,2290.64990234375,2288.22998046875,2297.31005859375,2280.60009765625,251600,6115.9599609375,2.4000000953674316,10.600000381469727,1130.0400390625
2017-05-16,2295.330078125,2306.72998046875,2309.0,2283.840087890625,368100,6149.669921875,2.3380000591278076,10.420000076293945,1123.0999755859375
2017-05-17,2293.080078125,2291.56005859375,2295.8701171875,2283.010009765625,394800,6169.8701171875,2.3289999961853027,10.649999618530273,1117.4300537109375
2017-05-18,2286.820068359375,2271.27001953125,2288.85009765625,2267.080078125,378300,6011.240234375,2.2160000801086426,15.59000015258789,1115.0
2017-05-19,2288.47998046875,2286.780029296875,2293.820068359375,2282.1298828125,421100,6055.1298828125,2.2330000400543213,14.65999984741211,1120.949951171875
2017-05-22,2304.030029296875,2300.679931640625,2305.2099609375,2292.949951171875,340100,6055.1298828125,2.2330000400543213,14.65999984741211,1120.949951171875
2017-05-23,2311.739990234375,2308.68994140625,2326.570068359375,2303.14990234375,341100,6133.6201171875,2.253999948501587,10.930000305175781,1117.010009765625
2017-05-24,2317.340087890625,2319.3701171875,2322.5400390625,2312.929931640625,409600,6138.7099609375,2.2850000858306885,10.720000267028809,1114.780029296875
2017-05-25,2342.929931640625,2325.489990234375,2343.719970703125,2321.260009765625,369300,6163.02001953125,2.2660000324249268,10.020000457763672,1124.5699462890625
2017-05-26,2355.300048828125,2344.389892578125,2364.800048828125,2341.610107421875,312900,6205.259765625,2.255000114440918,9.989999771118164,1118.3800048828125
2017-05-29,2352.969970703125,2362.590087890625,2371.669921875,2344.25,316200,6205.259765625,2.255000114440918,9.989999771118164,1118.3800048828125
2017-05-30,2343.679931640625,2356.5400390625,2358.68994140625,2332.159912109375,508800,6205.259765625,2.255000114440918,9.989999771118164,1118.75
2017-05-31,2347.3798828125,2339.25,2355.22998046875,2338.25,555900,6203.18994140625,2.2170000076293945,10.380000114440918,1122.8399658203125
2017-06-01,2344.610107421875,2348.31005859375,2351.31005859375,2335.6298828125,336700,6198.52001953125,2.196000099182129,10.40999984741211,1123.9000244140625
2017-06-02,2371.719970703125,2353.77001953125,2372.64990234375,2353.449951171875,399500,6246.830078125,2.2170000076293945,9.890000343322754,1119.02001953125
2017-06-05,2368.6201171875,2376.659912109375,2376.830078125,2363.610107421875,326400,6246.830078125,2.2170000076293945,9.890000343322754,1119.02001953125
2017-06-07,2360.139892578125,2364.9599609375,2369.429931640625,2356.7099609375,376200,6275.06005859375,2.1470000743865967,10.449999809265137,1116.949951171875
2017-06-08,2363.570068359375,2361.639892578125,2365.52001953125,2347.6201171875,417100,6297.3798828125,2.177999973297119,10.390000343322754,1117.4599609375
2017-06-09,2381.68994140625,2371.219970703125,2385.14990234375,2367.81005859375,520600,6321.759765625,2.194000005722046,10.15999984741211,1123.1400146484375
2017-06-12,2357.8701171875,2370.68994140625,2374.699951171875,2353.35009765625,327200,6321.759765625,2.194000005722046,10.15999984741211,1123.1400146484375
2017-06-13,2374.699951171875,2358.919921875,2375.81005859375,2358.919921875,322100,6175.4599609375,2.2130000591278076,11.460000038146973,1124.0999755859375
2017-06-14,2372.639892578125,2384.5400390625,2387.2900390625,2366.919921875,393000,6220.3701171875,2.2070000171661377,10.420000076293945,1130.489990234375
2017-06-15,2361.64990234375,2373.360107421875,2378.0400390625,2350.3701171875,334900,6194.89013671875,2.138000011444092,10.640000343322754,1126.550048828125
2017-06-16,2361.830078125,2364.199951171875,2365.3701171875,2355.2900390625,329200,6165.5,2.1619999408721924,10.899999618530273,1118.9000244140625
2017-06-19,2370.89990234375,2364.02001953125,2377.199951171875,2356.840087890625,290900,6165.5,2.1619999408721924,10.899999618530273,1118.9000244140625
2017-06-20,2369.22998046875,2382.5400390625,2382.5400390625,2365.449951171875,360700,6239.009765625,2.190000057220459,10.369999885559082,1131.1400146484375
2017-06-21,2357.530029296875,2358.22998046875,2359.969970703125,2346.18994140625,360300,6188.02978515625,2.1530001163482666,10.859999656677246,1135.72998046875
2017-06-22,2370.3701171875,2364.219970703125,2370.389892578125,2354.10009765625,299200,6233.9501953125,2.1549999713897705,10.75,1140.8499755859375
2017-06-23,2378.60009765625,2371.5400390625,2380.93994140625,2369.169921875,256300,6236.68994140625,2.1530001163482666,10.479999542236328,1142.5
2017-06-26,2388.659912109375,2381.090087890625,2390.699951171875,2377.8798828125,325700,6236.68994140625,2.1530001163482666,10.479999542236328,1142.5
2017-06-27,2391.949951171875,2386.760009765625,2397.139892578125,2383.469970703125,358000,6247.14990234375,2.13700008392334,9.899999618530273,1133.449951171875
2017-06-28,2382.56005859375,2382.909912109375,2390.889892578125,2380.75,361200,6146.6201171875,2.197999954223633,11.0600004196167,1133.0799560546875
2017-06-29,2395.659912109375,2396.81005859375,2402.800048828125,2393.570068359375,445100,6234.41015625,2.2209999561309814,10.029999732971191,1139.9599609375
2017-06-30,2391.7900390625,2382.14990234375,2391.81005859375,2381.39990234375,343500,6144.35009765625,2.2669999599456787,11.4399995803833,1137.699951171875
2017-07-03,2394.47998046875,2397.659912109375,2399.89990234375,2384.550048828125,311000,6144.35009765625,2.2669999599456787,11.4399995803833,1137.699951171875
2017-07-04,2380.52001953125,2395.239990234375,2398.02001953125,2376.409912109375,411800,6110.06005859375,2.3459999561309814,11.220000267028809,1144.81005859375
2017-07-05,2388.35009765625,2377.010009765625,2390.2900390625,2375.6298828125,333700,6110.06005859375,2.3459999561309814,11.220000267028809,1149.5799560546875
2017-07-06,2387.81005859375,2390.31005859375,2392.5,2380.820068359375,301500,6150.85986328125,2.3340001106262207,11.069999694824219,1149.199951171875
2017-07-07,2379.8701171875,2376.2900390625,2385.02001953125,2372.830078125,314400,6089.4599609375,2.369999885559082,12.539999961853027,1152.8499755859375
2017-07-10,2382.10009765625,2386.300048828125,2389.8701171875,2378.0400390625,296300,6089.4599609375,2.369999885559082,12.539999961853027,1152.8499755859375
2017-07-11,2396.0,2386.419921875,2396.4599609375,2382.68994140625,284500,6176.39013671875,2.371000051498413,11.109999656677246,1153.81005859375
2017-07-12,2391.77001953125,2395.409912109375,2399.280029296875,2390.449951171875,268900,6193.2998046875,2.361999988555908,10.890000343322754,1153.81005859375
2017-07-13,2409.489990234375,2405.760009765625,2422.260009765625,2402.919921875,289300,6261.169921875,2.3269999027252197,10.300000190734863,1147.969970703125
2017-07-14,2414.6298828125,2418.27001953125,2421.47998046875,2411.340087890625,258800,6274.43994140625,2.3480000495910645,9.899999618530273,1137.1199951171875
2017-07-17,2425.10009765625,2427.760009765625,2430.340087890625,2419.909912109375,254200,6274.43994140625,2.3480000495910645,9.899999618530273,1137.1199951171875
2017-07-18,2426.0400390625,2425.070068359375,2426.159912109375,2419.169921875,260700,6314.43017578125,2.309000015258789,9.819999694824219,1127.510009765625
2017-07-19,2429.93994140625,2430.090087890625,2430.090087890625,2419.639892578125,271000,6344.31005859375,2.263000011444092,9.890000343322754,1127.6600341796875
2017-07-20,2441.840087890625,2436.06005859375,2443.68994140625,2427.949951171875,251900,6385.0400390625,2.2679998874664307,9.789999961853027,1124.27001953125
2017-07-21,2450.06005859375,2438.780029296875,2451.590087890625,2437.840087890625,250100,6390.0,2.2660000324249268,9.579999923706055,1123.5
2017-07-24,2451.530029296875,2451.409912109375,2451.530029296875,2443.64990234375,233400,6390.0,2.2660000324249268,9.579999923706055,1123.5
2017-07-25,2439.89990234375,2450.760009765625,2453.169921875,2437.139892578125,275200,6410.81005859375,2.253999948501587,9.430000305175781,1116.1099853515625
2017-07-26,2434.510009765625,2446.820068359375,2446.9599609375,2429.6201171875,336100,6412.169921875,2.3259999752044678,9.430000305175781,1113.9000244140625
2017-07-27,2443.239990234375,2443.280029296875,2448.239990234375,2435.489990234375,426500,6422.75,2.2820000648498535,9.600000381469727,1119.239990234375
2017-07-28,2400.989990234375,2433.4599609375,2434.3798828125,2399.06005859375,318700,6382.18994140625,2.309999942779541,10.109999656677246,1111.8499755859375
2017-07-31,2402.7099609375,2392.02001953125,2403.89990234375,2388.389892578125,277600,6382.18994140625,2.309999942779541,10.109999656677246,1111.8499755859375
2017-08-01,2422.9599609375,2397.1201171875,2432.6201171875,2394.27001953125,264000,6348.1201171875,2.2920000553131104,10.260000228881836,1124.050048828125
2017-08-02,2427.6298828125,2431.93994140625,2434.469970703125,2424.179931640625,261600,6362.93994140625,2.250999927520752,10.09000015258789,1118.72998046875
2017-08-03,2386.85009765625,2423.2099609375,2423.550048828125,2374.110107421875,303600,6362.64990234375,2.26200008392334,10.279999732971191,1120.3699951171875
2017-08-04,2395.449951171875,2389.739990234375,2400.330078125,2383.449951171875,273600,6340.33984375,2.2279999256134033,10.4399995803833,1122.0999755859375
2017-08-07,2398.75,2402.570068359375,2412.1298828125,2395.739990234375,244100,6340.33984375,2.2279999256134033,10.4399995803833,1122.0999755859375
2017-08-08,2394.72998046875,2404.679931640625,2410.219970703125,2383.93994140625,252900,6383.77001953125,2.256999969482422,9.930000305175781,1127.199951171875
2017-08-09,2368.389892578125,2379.699951171875,2387.530029296875,2366.330078125,234100,6370.4599609375,2.2829999923706055,10.960000038146973,1125.3499755859375
2017-08-10,2359.469970703125,2360.949951171875,2371.5,2339.06005859375,283900,6352.330078125,2.240999937057495,11.109999656677246,1126.0699462890625
2017-08-11,2319.7099609375,2323.06005859375,2335.1201171875,2310.199951171875,318600,6216.8701171875,2.2119998931884766,16.040000915527344,1138.22998046875
2017-08-14,2334.219970703125,2336.02001953125,2341.780029296875,2327.800048828125,214000,6216.8701171875,2.2119998931884766,16.040000915527344,1138.22998046875
2017-08-16,2348.260009765625,2355.739990234375,2358.4599609375,2343.719970703125,270500,6333.009765625,2.2660000324249268,12.039999961853027,1138.9200439453125
2017-08-17,2361.669921875,2351.610107421875,2364.5,2346.739990234375,255800,6345.10986328125,2.2260000705718994,11.739999771118164,1135.1800537109375
2017-08-18,2358.3701171875,2340.18994140625,2362.429931640625,2340.18994140625,201500,6221.91015625,2.1989998817443848,15.550000190734863,1134.800048828125
2017-08-21,2355.0,2363.3798828125,2363.3798828125,2351.9599609375,207200,6221.91015625,2.1989998817443848,15.550000190734863,1134.800048828125
2017-08-22,2365.330078125,2360.2900390625,2369.02001953125,2359.969970703125,251900,6213.1298828125,2.180000066757202,13.1899995803833,1139.06005859375
2017-08-23,2366.39990234375,2376.530029296875,2379.590087890625,2360.7099609375,228600,6297.47998046875,2.2149999141693115,11.350000381469727,1137.9300537109375
2017-08-24,2375.840087890625,2370.1201171875,2382.719970703125,2368.2900390625,295500,6278.41015625,2.1710000038146973,12.25,1131.1600341796875
2017-08-25,2378.510009765625,2381.469970703125,2384.590087890625,2372.669921875,342000,6271.330078125,2.194000005722046,12.229999542236328,1125.449951171875
2017-08-28,2370.300048828125,2376.3798828125,2383.4599609375,2366.22998046875,226900,6271.330078125,2.194000005722046,12.229999542236328,1125.449951171875
2017-08-29,2364.739990234375,2356.199951171875,2364.739990234375,2332.85009765625,223100,6283.02001953125,2.1589999198913574,11.319999694824219,1120.800048828125
2017-08-30,2372.2900390625,2368.1298828125,2372.2900390625,2363.429931640625,305600,6301.89013671875,2.135999917984009,11.699999809265137,1118.010009765625
2017-08-31,2363.18994140625,2373.9599609375,2377.02001953125,2355.2900390625,265100,6368.31005859375,2.1429998874664307,11.220000267028809,1124.1400146484375
2017-09-01,2357.68994140625,2367.449951171875,2370.25,2351.3701171875,280100,6428.66015625,2.121000051498413,10.59000015258789,1123.3299560546875
2017-09-04,2329.64990234375,2316.889892578125,2344.820068359375,2316.889892578125,248500,6428.66015625,2.121000051498413,10.59000015258789,1123.3299560546875
2017-09-05,2326.6201171875,2340.6201171875,2340.6201171875,2319.93994140625,320400,6428.66015625,2.121000051498413,10.59000015258789,1118.949951171875
2017-09-06,2319.820068359375,2324.840087890625,2325.56005859375,2314.31005859375,252700,6375.56982421875,2.069999933242798,12.229999542236328,1132.1300048828125
2017-09-07,2346.18994140625,2328.93994140625,2349.7900390625,2328.919921875,277000,6393.31005859375,2.1080000400543213,11.630000114440918,1131.6500244140625
2017-09-08,2343.719970703125,2350.18994140625,2351.72998046875,2340.6298828125,214600,6397.8701171875,2.061000108718872,11.550000190734863,1131.52001953125
2017-09-11,2359.080078125,2354.860107421875,2369.719970703125,2354.35009765625,243600,6397.8701171875,2.061000108718872,11.550000190734863,1131.52001953125
2017-09-12,2365.469970703125,2372.02001953125,2372.449951171875,2359.1201171875,333600,6432.259765625,2.125,10.729999542236328,1132.8699951171875
2017-09-13,2360.179931640625,2370.5400390625,2373.610107421875,2360.169921875,318900,6454.27978515625,2.1710000038146973,10.579999923706055,1129.4300537109375
2017-09-14,2377.659912109375,2365.5400390625,2377.659912109375,2358.429931640625,314300,6460.18994140625,2.194999933242798,10.5,1127.5999755859375
2017-09-15,2386.070068359375,2368.43994140625,2386.070068359375,2365.3701171875,298700,6429.080078125,2.197000026702881,10.4399995803833,1130.1300048828125
2017-09-18,2418.2099609375,2390.580078125,2418.239990234375,2389.64990234375,273500,6429.080078125,2.197000026702881,10.4399995803833,1130.1300048828125
2017-09-19,2416.050048828125,2419.300048828125,2422.050048828125,2411.679931640625,254600,6454.64013671875,2.2290000915527344,10.149999618530273,1133.300048828125
2017-09-20,2412.199951171875,2420.820068359375,2429.1201171875,2405.780029296875,303300,6461.31982421875,2.243000030517578,10.180000305175781,1128.8199462890625
2017-09-21,2406.5,2412.010009765625,2415.1298828125,2401.889892578125,335300,6456.0400390625,2.2769999504089355,9.779999732971191,1130.3599853515625
2017-09-25,2380.39990234375,2388.77001953125,2392.43994140625,2374.68994140625,339300,6456.0400390625,2.2769999504089355,9.779999732971191,1130.3599853515625
2017-09-26,2374.320068359375,2371.6201171875,2381.31005859375,2365.340087890625,319100,6370.58984375,2.2200000286102295,10.210000038146973,1132.1099853515625
2017-09-27,2372.570068359375,2376.889892578125,2377.179931640625,2368.919921875,202600,6380.16015625,2.2290000915527344,10.170000076293945,1133.8199462890625
2017-09-28,2373.139892578125,2374.10009765625,2379.5400390625,2365.669921875,194800,6453.259765625,2.309000015258789,9.869999885559082,1136.719970703125
2017-09-29,2394.469970703125,2378.659912109375,2394.469970703125,2378.659912109375,184200,6453.4501953125,2.309000015258789,9.550000190734863,1145.280029296875
2017-10-10,2433.81005859375,2425.6298828125,2443.199951171875,2421.10009765625,221700,6579.72998046875,2.3610000610351562,10.329999923706055,1143.699951171875
2017-10-11,2458.159912109375,2442.489990234375,2458.159912109375,2439.81005859375,201800,6587.25,2.3450000286102295,10.079999923706055,1142.8199462890625
2017-10-12,2474.760009765625,2461.699951171875,2474.760009765625,2459.47998046875,256200,6603.5498046875,2.3450000286102295,9.850000381469727,1133.8599853515625
2017-10-13,2473.6201171875,2473.64990234375,2479.72998046875,2468.139892578125,234800,6591.509765625,2.322999954223633,9.90999984741211,1131.489990234375
2017-10-16,2480.050048828125,2483.169921875,2487.7099609375,2470.239990234375,224400,6591.509765625,2.322999954223633,9.90999984741211,1131.489990234375
2017-10-17,2484.3701171875,2484.9599609375,2487.8798828125,2478.760009765625,199000,6624.0,2.306999921798706,9.90999984741211,1126.300048828125
2017-10-18,2482.909912109375,2481.530029296875,2490.580078125,2475.669921875,244200,6623.66015625,2.2980000972747803,10.3100004196167,1127.0799560546875
2017-10-19,2473.06005859375,2485.719970703125,2490.93994140625,2468.669921875,236600,6624.22021484375,2.3389999866485596,10.069999694824219,1129.93994140625
2017-10-20,2489.5400390625,2477.300048828125,2489.5400390625,2476.8798828125,313200,6605.06982421875,2.321000099182129,10.050000190734863,1131.4000244140625
2017-10-23,2490.050048828125,2497.64990234375,2500.330078125,2485.47998046875,274200,6605.06982421875,2.321000099182129,10.050000190734863,1131.4000244140625
2017-10-24,2490.489990234375,2489.31005859375,2497.35009765625,2487.169921875,232000,6586.830078125,2.375999927520752,11.069999694824219,1133.760009765625
2017-10-25,2492.5,2495.8701171875,2497.409912109375,2481.47998046875,599400,6598.43017578125,2.4059998989105225,11.15999984741211,1129.02001953125
2017-10-26,2480.6298828125,2489.60009765625,2495.989990234375,2480.6298828125,646900,6563.89013671875,2.444000005722046,11.229999542236328,1129.72998046875
2017-10-27,2496.6298828125,2485.43994140625,2499.14990234375,2479.669921875,511200,6556.77001953125,2.4519999027252197,11.300000190734863,1126.469970703125
2017-10-30,2501.929931640625,2513.8701171875,2513.8701171875,2497.419921875,342000,6556.77001953125,2.4519999027252197,11.300000190734863,1126.469970703125
2017-10-31,2523.429931640625,2500.2099609375,2528.320068359375,2498.050048828125,313800,6698.9599609375,2.369999885559082,10.5,1125.4599609375
2017-11-01,2556.469970703125,2535.969970703125,2556.469970703125,2535.830078125,361800,6727.669921875,2.375999927520752,10.180000305175781,1123.449951171875
2017-11-02,2546.360107421875,2560.340087890625,2561.6298828125,2542.02001953125,527700,6716.52978515625,2.375999927520752,10.199999809265137,1117.72998046875
2017-11-03,2557.969970703125,2558.3701171875,2558.3701171875,2539.719970703125,292800,6714.93994140625,2.3469998836517334,9.930000305175781,1109.949951171875
2017-11-06,2549.409912109375,2557.2900390625,2559.89990234375,2529.93994140625,221200,6714.93994140625,2.3469998836517334,9.930000305175781,1109.949951171875
2017-11-07,2545.43994140625,2548.300048828125,2554.1298828125,2540.669921875,253900,6786.43994140625,2.319999933242798,9.399999618530273,1114.800048828125
2017-11-08,2552.39990234375,2534.47998046875,2558.739990234375,2533.72998046875,277000,6767.77978515625,2.306999921798706,9.890000343322754,1113.75
2017-11-09,2550.570068359375,2559.929931640625,2559.929931640625,2536.5400390625,293500,6789.1201171875,2.325000047683716,9.779999732971191,1112.52001953125
2017-11-10,2542.949951171875,2541.179931640625,2547.610107421875,2534.60009765625,291500,6750.0498046875,2.3310000896453857,10.5,1113.1099853515625
2017-11-13,2530.35009765625,2548.27001953125,2552.280029296875,2527.199951171875,266500,6750.0498046875,2.3310000896453857,10.5,1113.1099853515625
2017-11-14,2526.639892578125,2532.550048828125,2532.949951171875,2520.989990234375,287800,6757.60009765625,2.4000000953674316,11.5,1118.31005859375
2017-11-15,2518.25,2525.60009765625,2526.610107421875,2511.760009765625,398200,6737.8701171875,2.38100004196167,11.59000015258789,1119.4599609375
2017-11-16,2534.7900390625,2522.419921875,2538.280029296875,2514.510009765625,302900,6706.2099609375,2.3350000381469727,13.130000114440918,1115.77001953125
2017-11-17,2533.989990234375,2546.050048828125,2559.10009765625,2533.989990234375,362200,6793.2900390625,2.3610000610351562,11.760000228881836,1115.77001953125
2017-11-20,2527.669921875,2536.800048828125,2542.6201171875,2523.52001953125,404300,6793.2900390625,2.3610000610351562,11.760000228881836,1115.77001953125
2017-11-21,2530.699951171875,2533.85009765625,2539.8798828125,2525.9599609375,484900,6790.7099609375,2.371999979019165,10.649999618530273,1092.56005859375
2017-11-22,2540.510009765625,2546.610107421875,2553.219970703125,2535.18994140625,485700,6862.47998046875,2.36299991607666,9.729999542236328,1096.0
2017-11-23,2537.14990234375,2542.340087890625,2544.580078125,2532.449951171875,391300,6867.35986328125,2.322000026702881,9.880000114440918,1091.260009765625
2017-11-24,2544.330078125,2539.7900390625,2544.330078125,2533.97998046875,297900,6867.35986328125,2.322000026702881,9.880000114440918,1085.31005859375
2017-11-27,2507.81005859375,2544.739990234375,2546.7099609375,2506.68994140625,284900,6867.35986328125,2.322000026702881,9.880000114440918,1085.31005859375
2017-11-28,2514.18994140625,2512.52001953125,2521.06005859375,2500.929931640625,348200,6878.52001953125,2.328000068664551,9.869999885559082,1084.949951171875
2017-11-29,2512.89990234375,2517.260009765625,2524.409912109375,2508.659912109375,301200,6912.35986328125,2.3380000591278076,10.029999732971191,1090.06005859375
2017-11-30,2476.3701171875,2502.219970703125,2506.320068359375,2474.280029296875,339000,6824.39013671875,2.375999927520752,10.699999809265137,1083.449951171875
2017-12-01,2475.409912109375,2488.919921875,2488.919921875,2472.75,288600,6873.97021484375,2.4170000553131104,11.279999732971191,1080.6600341796875
2017-12-04,2501.669921875,2486.719970703125,2501.669921875,2476.2900390625,323800,6873.97021484375,2.4170000553131104,11.279999732971191,1080.6600341796875
2017-12-05,2510.1201171875,2490.72998046875,2513.679931640625,2487.14990234375,395400,6775.3701171875,2.378999948501587,11.680000305175781,1082.510009765625
2017-12-06,2474.3701171875,2510.18994140625,2510.469970703125,2474.2900390625,507600,6762.2099609375,2.3559999465942383,11.329999923706055,1085.22998046875
2017-12-07,2461.97998046875,2479.550048828125,2480.85009765625,2452.39990234375,404900,6776.3798828125,2.3299999237060547,11.020000457763672,1085.22998046875
2017-12-08,2464.0,2470.090087890625,2473.169921875,2459.02001953125,406400,6812.83984375,2.375999927520752,10.15999984741211,1092.5699462890625
2017-12-11,2471.489990234375,2467.81005859375,2471.989990234375,2457.97998046875,240100,6812.83984375,2.375999927520752,10.15999984741211,1092.5699462890625
2017-12-12,2461.0,2471.22998046875,2471.429931640625,2455.389892578125,281200,6875.080078125,2.384999990463257,9.34000015258789,1091.8199462890625
2017-12-13,2480.550048828125,2462.419921875,2481.919921875,2457.699951171875,255000,6862.31982421875,2.4030001163482666,9.920000076293945,1087.8299560546875
2017-12-14,2469.47998046875,2486.570068359375,2514.610107421875,2469.47998046875,317800,6875.7998046875,2.3489999771118164,10.180000305175781,1091.260009765625
2017-12-15,2482.070068359375,2488.389892578125,2495.080078125,2475.989990234375,340800,6856.52978515625,2.3459999561309814,10.489999771118164,1084.1800537109375
2017-12-18,2481.8798828125,2488.830078125,2488.830078125,2477.2900390625,324400,6856.52978515625,2.3459999561309814,10.489999771118164,1084.1800537109375
2017-12-19,2478.530029296875,2487.830078125,2498.669921875,2470.489990234375,308400,6994.759765625,2.3919999599456787,9.529999732971191,1089.030029296875
2017-12-21,2429.830078125,2471.340087890625,2471.72998046875,2429.830078125,247300,6960.9599609375,2.496999979019165,9.720000267028809,1084.199951171875
2017-12-22,2440.5400390625,2437.590087890625,2444.570068359375,2426.93994140625,230400,6965.35986328125,2.4809999465942383,9.619999885559082,1079.9599609375
2017-12-26,2427.340087890625,2447.669921875,2457.18994140625,2427.340087890625,224600,6965.35986328125,2.4809999465942383,9.619999885559082,1077.1099853515625
2017-12-27,2436.669921875,2420.860107421875,2436.679931640625,2411.47998046875,194900,6936.25,2.4670000076293945,10.25,1076.3599853515625
2017-12-28,2467.489990234375,2439.31005859375,2467.510009765625,2437.260009765625,220300,6939.33984375,2.4140000343322754,10.470000267028809,1075.0400390625
2018-01-02,2479.64990234375,2474.860107421875,2481.02001953125,2465.93994140625,262200,6939.33984375,2.4140000343322754,10.470000267028809,1066.0699462890625
2018-01-03,2486.35009765625,2484.6298828125,2493.39990234375,2481.909912109375,331100,7006.89990234375,2.4649999141693115,9.770000457763672,1065.219970703125
2018-01-04,2466.4599609375,2502.5,2502.5,2466.449951171875,333800,7065.52978515625,2.447000026702881,9.149999618530273,1062.5400390625
2018-01-05,2497.52001953125,2476.85009765625,2497.52001953125,2475.510009765625,308800,7077.91015625,2.453000068664551,9.220000267028809,1063.93994140625
2018-01-08,2513.280029296875,2510.699951171875,2515.3701171875,2494.179931640625,311400,7077.91015625,2.453000068664551,9.220000267028809,1063.93994140625
2018-01-09,2510.22998046875,2510.72998046875,2524.72998046875,2498.409912109375,374300,7157.39013671875,2.4800000190734863,9.520000457763672,1060.5
2018-01-10,2499.75,2516.330078125,2516.820068359375,2493.97998046875,444000,7163.580078125,2.5460000038146973,10.079999923706055,1067.68994140625
2018-01-11,2487.909912109375,2496.860107421875,2502.52001953125,2483.820068359375,444300,7153.56982421875,2.549999952316284,9.819999694824219,1071.739990234375
2018-01-12,2496.419921875,2499.8701171875,2500.8701171875,2482.14990234375,438800,7211.77978515625,2.5309998989105225,9.880000114440918,1069.6700439453125
2018-01-15,2503.72998046875,2510.969970703125,2513.300048828125,2496.179931640625,404600,7211.77978515625,2.5309998989105225,9.880000114440918,1069.6700439453125
2018-01-16,2521.739990234375,2504.159912109375,2524.550048828125,2498.550048828125,341600,7211.77978515625,2.5309998989105225,9.880000114440918,1055.800048828125
2018-01-17,2515.429931640625,2517.18994140625,2521.969970703125,2506.489990234375,336700,7223.68994140625,2.5439999103546143,11.65999984741211,1061.8199462890625
2018-01-18,2515.81005859375,2527.669921875,2532.080078125,2512.68994140625,333100,7298.27978515625,2.578000068664551,11.90999984741211,1062.4599609375
2018-01-19,2520.260009765625,2519.669921875,2524.330078125,2513.090087890625,351800,7296.0498046875,2.6110000610351562,12.220000267028809,1066.56005859375
2018-01-22,2502.110107421875,2516.89990234375,2517.1201171875,2488.43994140625,343000,7296.0498046875,2.6110000610351562,12.220000267028809,1066.56005859375
2018-01-23,2536.60009765625,2510.35009765625,2536.60009765625,2507.9599609375,370000,7408.02978515625,2.6649999618530273,11.029999732971191,1066.3599853515625
2018-01-24,2538.0,2533.860107421875,2547.219970703125,2531.31005859375,371100,7460.2900390625,2.624000072479248,11.100000381469727,1068.81005859375
2018-01-25,2562.22998046875,2536.9599609375,2564.429931640625,2536.72998046875,514600,7415.06005859375,2.6540000438690186,11.470000267028809,1072.760009765625
2018-01-26,2574.760009765625,2560.68994140625,2574.760009765625,2553.530029296875,400600,7411.16015625,2.621000051498413,11.579999923706055,1064.4000244140625
2018-01-29,2598.18994140625,2588.8701171875,2607.10009765625,2587.550048828125,437500,7411.16015625,2.621000051498413,11.579999923706055,1064.4000244140625
2018-01-30,2567.739990234375,2590.409912109375,2599.169921875,2567.070068359375,397000,7466.509765625,2.6989998817443848,13.84000015258789,1063.1300048828125
2018-01-31,2566.4599609375,2557.3701171875,2597.139892578125,2553.010009765625,403100,7402.47998046875,2.7260000705718994,14.789999961853027,1069.7900390625
2018-02-01,2568.5400390625,2578.909912109375,2583.739990234375,2564.590087890625,595100,7411.47998046875,2.7200000286102295,13.539999961853027,1072.5400390625
2018-02-02,2525.389892578125,2565.989990234375,2565.989990234375,2519.60009765625,481800,7385.85986328125,2.7730000019073486,13.470000267028809,1069.02001953125
2018-02-05,2491.75,2487.340087890625,2503.989990234375,2476.239990234375,442400,7385.85986328125,2.7730000019073486,13.470000267028809,1069.02001953125
2018-02-06,2453.31005859375,2437.02001953125,2460.280029296875,2409.3798828125,582800,6967.52978515625,2.7939999103546143,37.31999969482422,1090.010009765625
2018-02-07,2396.56005859375,2483.719970703125,2484.179931640625,2396.56005859375,460100,7115.8798828125,2.7679998874664307,29.979999542236328,1093.300048828125
2018-02-08,2407.6201171875,2400.169921875,2423.8798828125,2393.4599609375,362400,7051.97998046875,2.8440001010894775,27.729999542236328,1079.260009765625
2018-02-09,2363.77001953125,2346.72998046875,2372.89990234375,2346.72998046875,489100,6777.16015625,2.8510000705718994,33.459999084472656,1089.4200439453125
2018-02-12,2385.3798828125,2380.489990234375,2397.89990234375,2367.31005859375,352300,6777.16015625,2.8510000705718994,33.459999084472656,1089.4200439453125
2018-02-13,2395.18994140625,2402.889892578125,2421.800048828125,2388.5400390625,423400,6981.9599609375,2.8570001125335693,25.610000610351562,1083.1700439453125
2018-02-14,2421.830078125,2412.469970703125,2426.6298828125,2408.02001953125,305700,7013.509765625,2.8399999141693115,24.969999313354492,1082.6099853515625
2018-02-19,2442.820068359375,2452.52001953125,2455.1201171875,2428.14990234375,322100,7013.509765625,2.8399999141693115,24.969999313354492,1082.6099853515625
2018-02-20,2415.1201171875,2433.35009765625,2438.47998046875,2411.22998046875,421500,7013.509765625,2.8399999141693115,24.969999313354492,1065.6300048828125
2018-02-21,2429.64990234375,2417.72998046875,2432.449951171875,2404.02001953125,432300,7234.31005859375,2.8929998874664307,20.600000381469727,1066.7099609375
2018-02-22,2414.280029296875,2417.179931640625,2422.6201171875,2405.22998046875,349500,7218.22998046875,2.943000078201294,20.020000457763672,1072.5400390625
2018-02-23,2451.52001953125,2427.1298828125,2451.52001953125,2427.1298828125,300600,7210.08984375,2.9170000553131104,18.719999313354492,1074.8599853515625
2018-02-26,2457.64990234375,2465.35009765625,2466.080078125,2447.860107421875,321300,7210.08984375,2.9170000553131104,18.719999313354492,1074.8599853515625
2018-02-27,2456.139892578125,2474.080078125,2480.7900390625,2456.139892578125,271200,7421.4599609375,2.8589999675750732,15.800000190734863,1075.0
2018-02-28,2427.360107421875,2447.110107421875,2460.1201171875,2426.2099609375,367600,7330.35009765625,2.9079999923706055,18.59000015258789,1069.699951171875
2018-03-02,2402.159912109375,2406.570068359375,2410.340087890625,2387.25,320400,7180.56005859375,2.803999900817871,22.469999313354492,1085.3499755859375
2018-03-05,2375.06005859375,2405.919921875,2407.97998046875,2374.800048828125,312300,7180.56005859375,2.803999900817871,22.469999313354492,1085.3499755859375
2018-03-06,2411.409912109375,2400.669921875,2413.010009765625,2392.8701171875,400100,7330.7099609375,2.88100004196167,18.729999542236328,1079.2099609375
2018-03-07,2401.820068359375,2413.389892578125,2429.429931640625,2395.239990234375,413000,7372.009765625,2.877000093460083,18.360000610351562,1076.6600341796875
2018-03-08,2433.080078125,2420.669921875,2433.080078125,2407.590087890625,394800,7396.64990234375,2.882999897003174,17.760000228881836,1063.1600341796875
2018-03-09,2459.449951171875,2443.429931640625,2476.429931640625,2436.030029296875,437300,7427.9501953125,2.865999937057495,16.540000915527344,1066.1500244140625
2018-03-12,2484.1201171875,2485.639892578125,2489.4599609375,2474.909912109375,391300,7427.9501953125,2.865999937057495,16.540000915527344,1066.1500244140625
2018-03-13,2494.489990234375,2483.050048828125,2494.489990234375,2478.760009765625,350200,7588.31982421875,2.869999885559082,15.779999732971191,1064.050048828125
2018-03-14,2486.080078125,2477.429931640625,2486.97998046875,2474.77001953125,360900,7511.009765625,2.8480000495910645,16.350000381469727,1063.8599853515625
2018-03-15,2492.3798828125,2486.0,2496.510009765625,2471.0400390625,344000,7496.81005859375,2.816999912261963,17.229999542236328,1066.4000244140625
2018-03-16,2493.969970703125,2495.110107421875,2497.800048828125,2476.8798828125,377800,7481.740234375,2.8259999752044678,16.59000015258789,1062.550048828125
2018-03-19,2475.030029296875,2491.989990234375,2493.56005859375,2470.909912109375,477200,7481.740234375,2.8259999752044678,16.59000015258789,1062.550048828125
2018-03-20,2485.52001953125,2456.800048828125,2485.52001953125,2456.800048828125,291500,7344.240234375,2.8450000286102295,19.020000457763672,1070.2099609375
2018-03-21,2484.969970703125,2488.219970703125,2492.8798828125,2483.780029296875,399100,7364.2998046875,2.878999948501587,18.200000762939453,1072.1600341796875
2018-03-22,2496.02001953125,2494.840087890625,2508.7099609375,2485.340087890625,482100,7345.2900390625,2.9070000648498535,17.860000610351562,1070.550048828125
2018-03-23,2416.760009765625,2446.72998046875,2450.39990234375,2412.6201171875,458000,7166.68017578125,2.8320000171661377,23.34000015258789,1063.9599609375
2018-03-26,2437.080078125,2414.679931640625,2437.080078125,2399.43994140625,306900,7166.68017578125,2.8320000171661377,23.34000015258789,1063.9599609375
2018-03-27,2452.06005859375,2455.0,2456.550048828125,2444.919921875,332100,7220.5400390625,2.8429999351501465,21.030000686645508,1082.530029296875
2018-03-28,2419.2900390625,2425.93994140625,2430.77001953125,2409.469970703125,501300,7008.81005859375,2.7860000133514404,22.5,1074.300048828125
2018-03-29,2436.3701171875,2421.699951171875,2439.469970703125,2413.7099609375,333400,6949.22998046875,2.7750000953674316,22.8700008392334,1074.1199951171875
2018-03-30,2445.85009765625,2454.10009765625,2458.239990234375,2445.719970703125,395300,7063.4501953125,2.740999937057495,19.969999313354492,1063.4100341796875
2018-04-02,2444.159912109375,2454.719970703125,2467.52001953125,2440.889892578125,390300,7063.4501953125,2.740999937057495,19.969999313354492,1063.4100341796875
2018-04-03,2442.429931640625,2422.260009765625,2442.429931640625,2416.43994140625,497100,6870.1201171875,2.7320001125335693,23.6200008392334,1060.989990234375
2018-04-04,2408.06005859375,2447.969970703125,2447.969970703125,2405.909912109375,551700,6941.27978515625,2.7839999198913574,21.100000381469727,1056.1600341796875
2018-04-05,2437.52001953125,2426.919921875,2446.780029296875,2420.919921875,591000,7042.10986328125,2.7880001068115234,20.059999465942383,1053.72998046875
2018-04-06,2429.580078125,2420.8798828125,2433.969970703125,2417.239990234375,454300,7076.5498046875,2.8320000171661377,18.940000534057617,1057.4300537109375
2018-04-09,2444.080078125,2424.14990234375,2446.280029296875,2424.14990234375,334400,7076.5498046875,2.8320000171661377,18.940000534057617,1057.4300537109375
2018-04-10,2450.739990234375,2439.93994140625,2454.360107421875,2419.550048828125,356400,6950.33984375,2.7860000133514404,21.770000457763672,1070.4599609375
2018-04-11,2444.219970703125,2456.530029296875,2458.989990234375,2441.199951171875,355200,7094.2998046875,2.796999931335449,20.469999313354492,1068.77001953125
2018-04-12,2442.7099609375,2450.949951171875,2454.949951171875,2441.580078125,441600,7069.02978515625,2.7899999618530273,20.239999771118164,1063.3800048828125
2018-04-13,2455.070068359375,2449.419921875,2457.85009765625,2442.35009765625,395900,7140.25,2.8340001106262207,18.489999771118164,1065.75
2018-04-16,2457.489990234375,2466.0400390625,2466.159912109375,2449.969970703125,347200,7140.25,2.8340001106262207,18.489999771118164,1065.75
2018-04-17,2453.77001953125,2459.389892578125,2465.6298828125,2449.080078125,394700,7156.27978515625,2.8320000171661377,16.559999465942383,1070.6600341796875
2018-04-18,2479.97998046875,2467.550048828125,2486.72998046875,2467.550048828125,647300,7281.10009765625,2.813999891281128,15.25,1069.52001953125
2018-04-19,2486.10009765625,2483.260009765625,2490.570068359375,2476.510009765625,727000,7295.240234375,2.867000102996826,15.600000381469727,1066.0899658203125
2018-04-20,2476.330078125,2478.590087890625,2485.14990234375,2472.3701171875,531700,7238.06005859375,2.9140000343322754,15.960000038146973,1064.0699462890625
2018-04-23,2474.110107421875,2473.699951171875,2478.570068359375,2466.570068359375,701400,7238.06005859375,2.9140000343322754,15.960000038146973,1064.0699462890625
2018-04-24,2464.139892578125,2478.469970703125,2479.320068359375,2454.43994140625,524300,7128.60009765625,2.9730000495910645,16.34000015258789,1071.4100341796875
2018-04-25,2448.81005859375,2444.18994140625,2453.5400390625,2436.510009765625,466100,7007.35009765625,2.9830000400543213,18.020000457763672,1080.1800537109375
2018-04-26,2475.639892578125,2460.6201171875,2484.090087890625,2456.199951171875,520900,7003.740234375,3.0239999294281006,17.84000015258789,1076.75
2018-04-27,2492.39990234375,2497.75,2508.1298828125,2484.18994140625,465000,7118.68017578125,2.990000009536743,16.239999771118164,1081.1700439453125
2018-04-30,2515.3798828125,2502.2900390625,2515.3798828125,2500.219970703125,746300,7118.68017578125,2.990000009536743,16.239999771118164,1081.1700439453125
2018-05-02,2505.610107421875,2515.75,2516.570068359375,2501.7099609375,807600,7130.7001953125,2.9760000705718994,15.489999771118164,1069.449951171875
2018-05-03,2487.25,2506.93994140625,2507.909912109375,2487.25,614100,7100.89990234375,2.9639999866485596,15.970000267028809,1072.52001953125
2018-05-04,2461.3798828125,2486.469970703125,2487.77001953125,2461.3798828125,612000,7088.14990234375,2.946000099182129,15.899999618530273,1078.81005859375
2018-05-08,2449.81005859375,2468.449951171875,2479.75,2444.080078125,714700,7265.2099609375,2.950000047683716,14.75,1073.3299560546875
2018-05-09,2443.97998046875,2450.7099609375,2451.860107421875,2428.7900390625,593400,7266.89990234375,2.9690001010894775,14.710000038146973,1078.3900146484375
2018-05-10,2464.159912109375,2458.669921875,2464.719970703125,2448.010009765625,490000,7339.91015625,3.003999948501587,13.420000076293945,1077.56005859375
2018-05-11,2477.7099609375,2469.300048828125,2483.85009765625,2468.409912109375,599900,7404.97021484375,2.9709999561309814,13.229999542236328,1077.97998046875
2018-05-14,2476.110107421875,2482.969970703125,2486.169921875,2471.909912109375,650700,7404.97021484375,2.9709999561309814,13.229999542236328,1077.97998046875
2018-05-15,2458.5400390625,2476.8701171875,2480.219970703125,2456.199951171875,712600,7411.31982421875,2.994999885559082,12.930000305175781,1065.949951171875
2018-05-16,2459.820068359375,2446.639892578125,2465.550048828125,2444.669921875,691800,7351.6298828125,3.0799999237060547,14.630000114440918,1069.1600341796875
2018-05-17,2448.449951171875,2468.719970703125,2472.820068359375,2448.429931640625,596800,7398.2998046875,3.0950000286102295,13.420000076293945,1078.8599853515625
2018-05-18,2460.64990234375,2459.72998046875,2461.949951171875,2452.340087890625,431400,7382.47021484375,3.1089999675750732,13.430000305175781,1076.489990234375
2018-05-21,2465.570068359375,2464.070068359375,2472.300048828125,2447.68994140625,588100,7382.47021484375,3.1089999675750732,13.430000305175781,1076.489990234375
2018-05-23,2471.909912109375,2462.97998046875,2476.860107421875,2460.070068359375,752700,7378.4599609375,3.065000057220459,13.220000267028809,1076.510009765625
2018-05-24,2466.010009765625,2477.47998046875,2481.31005859375,2457.840087890625,638100,7425.9599609375,3.003000020980835,12.579999923706055,1074.199951171875
2018-05-25,2460.800048828125,2452.800048828125,2466.570068359375,2444.77001953125,653600,7424.43017578125,2.9809999465942383,12.529999732971191,1074.7900390625
2018-05-28,2478.9599609375,2465.0,2482.39990234375,2463.139892578125,708400,7424.43017578125,2.9809999465942383,12.529999732971191,1074.7900390625
2018-05-29,2457.25,2476.699951171875,2479.679931640625,2457.179931640625,571800,7424.43017578125,2.9809999465942383,12.529999732971191,1073.6500244140625
2018-05-30,2409.030029296875,2446.81005859375,2449.8798828125,2399.580078125,575900,7396.58984375,2.7679998874664307,17.020000457763672,1073.1700439453125
2018-05-31,2423.010009765625,2428.830078125,2430.14990234375,2415.5,816900,7462.4501953125,2.8420000076293945,14.9399995803833,1083.9300537109375
2018-06-01,2438.9599609375,2419.6298828125,2445.31005859375,2418.110107421875,603000,7442.1201171875,2.822000026702881,15.430000305175781,1075.030029296875
2018-06-04,2447.760009765625,2444.6201171875,2452.669921875,2441.25,438900,7442.1201171875,2.822000026702881,15.430000305175781,1075.030029296875
2018-06-05,2453.760009765625,2450.389892578125,2455.780029296875,2432.81005859375,501400,7606.4599609375,2.937000036239624,12.739999771118164,1070.3599853515625
2018-06-07,2470.580078125,2468.260009765625,2478.669921875,2466.010009765625,474100,7689.240234375,2.9749999046325684,11.640000343322754,1070.2900390625
2018-06-08,2451.580078125,2467.8798828125,2468.27001953125,2449.110107421875,530200,7635.06982421875,2.933000087738037,12.130000114440918,1065.1500244140625
2018-06-11,2470.14990234375,2454.25,2470.989990234375,2448.0,427900,7635.06982421875,2.933000087738037,12.130000114440918,1065.1500244140625
2018-06-12,2468.830078125,2474.780029296875,2479.56005859375,2462.840087890625,613200,7659.93017578125,2.9570000171661377,12.350000381469727,1072.6500244140625
2018-06-14,2423.47998046875,2450.860107421875,2451.949951171875,2422.3701171875,533400,7695.7001953125,2.9769999980926514,12.9399995803833,1079.25
2018-06-15,2404.0400390625,2432.179931640625,2433.510009765625,2403.969970703125,502400,7761.0400390625,2.946000099182129,12.119999885559082,1084.699951171875
2018-06-18,2376.239990234375,2404.679931640625,2405.56005859375,2365.31005859375,564800,7761.0400390625,2.946000099182129,12.119999885559082,1084.699951171875
2018-06-19,2340.110107421875,2373.1201171875,2379.489990234375,2336.5400390625,606300,7747.02978515625,2.9260001182556152,12.3100004196167,1103.8199462890625
2018-06-20,2363.909912109375,2350.239990234375,2374.52001953125,2345.219970703125,456000,7725.58984375,2.8929998874664307,13.350000381469727,1104.1600341796875
2018-06-21,2337.830078125,2364.159912109375,2370.580078125,2337.830078125,438300,7781.509765625,2.927999973297119,12.789999961853027,1111.1199951171875
2018-06-22,2357.219970703125,2323.080078125,2357.39990234375,2320.760009765625,537300,7712.9501953125,2.8970000743865967,14.640000343322754,1107.719970703125
2018-06-25,2357.8798828125,2351.889892578125,2361.389892578125,2337.219970703125,415100,7712.9501953125,2.8970000743865967,14.640000343322754,1107.719970703125
2018-06-26,2350.919921875,2334.75,2358.010009765625,2326.610107421875,470900,7532.009765625,2.875,17.329999923706055,1110.530029296875
2018-06-27,2342.030029296875,2349.3798828125,2358.7099609375,2342.02001953125,526600,7561.6298828125,2.880000114440918,15.920000076293945,1114.030029296875
2018-06-28,2314.239990234375,2327.3701171875,2335.35009765625,2310.800048828125,414400,7445.080078125,2.8269999027252197,17.90999984741211,1117.5999755859375
2018-06-29,2326.1298828125,2325.679931640625,2329.580078125,2296.389892578125,396700,7503.68017578125,2.8469998836517334,16.850000381469727,1122.780029296875
2018-07-02,2271.5400390625,2322.22998046875,2327.590087890625,2271.530029296875,393300,7503.68017578125,2.8469998836517334,16.850000381469727,1122.780029296875
2018-07-03,2272.760009765625,2285.8798828125,2287.389892578125,2252.360107421875,366000,7567.68994140625,2.865999937057495,15.600000381469727,1114.510009765625
2018-07-04,2265.4599609375,2270.949951171875,2280.81005859375,2261.340087890625,315100,7502.669921875,2.8380000591278076,16.139999389648438,1118.1700439453125
2018-07-05,2257.550048828125,2264.739990234375,2274.739990234375,2243.89990234375,346900,7502.669921875,2.8380000591278076,16.139999389648438,1113.3399658203125
2018-07-06,2272.8701171875,2261.43994140625,2283.75,2247.35009765625,344400,7586.43017578125,2.8399999141693115,14.970000267028809,1114.31005859375
2018-07-09,2285.800048828125,2276.919921875,2294.610107421875,2267.25,352600,7586.43017578125,2.8399999141693115,14.970000267028809,1114.31005859375
2018-07-10,2294.159912109375,2299.090087890625,2305.840087890625,2292.1298828125,339900,7756.2001953125,2.859999895095825,12.6899995803833,1113.6500244140625
2018-07-11,2280.6201171875,2277.219970703125,2287.080078125,2262.77001953125,423000,7759.2001953125,2.872999906539917,12.640000343322754,1112.47998046875
2018-07-12,2285.06005859375,2285.929931640625,2298.56005859375,2277.72998046875,364400,7716.60986328125,2.8420000076293945,13.630000114440918,1112.56005859375
2018-07-13,2310.89990234375,2293.070068359375,2313.800048828125,2293.070068359375,291600,7823.919921875,2.8529999256134033,12.579999923706055,1127.1700439453125
2018-07-16,2301.989990234375,2312.260009765625,2317.840087890625,2299.7900390625,297100,7823.919921875,2.8529999256134033,12.579999923706055,1127.1700439453125
2018-07-17,2297.919921875,2302.949951171875,2306.070068359375,2290.239990234375,379000,7805.72021484375,2.8580000400543213,12.829999923706055,1129.8499755859375
2018-07-18,2290.110107421875,2313.780029296875,2319.389892578125,2287.10009765625,402800,7855.1201171875,2.864000082015991,12.0600004196167,1126.9000244140625
2018-07-19,2282.2900390625,2298.909912109375,2300.179931640625,2278.93994140625,464500,7854.43994140625,2.875,12.100000381469727,1125.550048828125
2018-07-20,2289.18994140625,2281.360107421875,2293.340087890625,2269.550048828125,353200,7825.2998046875,2.8469998836517334,12.869999885559082,1131.0899658203125
2018-07-23,2269.31005859375,2289.610107421875,2289.610107421875,2264.419921875,334300,7825.2998046875,2.8469998836517334,12.869999885559082,1131.0899658203125
2018-07-24,2280.199951171875,2273.14990234375,2284.429931640625,2263.1298828125,436100,7841.8701171875,2.9649999141693115,12.619999885559082,1127.1600341796875
2018-07-25,2273.030029296875,2284.3798828125,2292.610107421875,2269.669921875,309300,7840.77001953125,2.9489998817443848,12.40999984741211,1132.449951171875
2018-07-26,2289.06005859375,2284.510009765625,2297.159912109375,2276.5400390625,303300,7932.240234375,2.936000108718872,12.289999961853027,1127.97998046875
2018-07-27,2294.989990234375,2292.330078125,2295.27001953125,2284.43994140625,262100,7852.18017578125,2.9749999046325684,12.140000343322754,1115.75
2018-07-30,2293.510009765625,2290.179931640625,2296.909912109375,2283.2900390625,206500,7852.18017578125,2.9749999046325684,12.140000343322754,1115.75
2018-07-31,2295.260009765625,2292.22998046875,2296.60009765625,2286.02001953125,223900,7630.0,2.9749999046325684,14.260000228881836,1114.5999755859375
2018-08-01,2307.070068359375,2301.169921875,2312.64990234375,2301.1298828125,219000,7671.7900390625,2.9639999866485596,12.829999923706055,1116.6700439453125
2018-08-02,2270.199951171875,2304.139892578125,2306.719970703125,2265.4599609375,352100,7707.2900390625,3.003000020980835,13.149999618530273,1112.199951171875
2018-08-03,2287.679931640625,2278.330078125,2288.929931640625,2272.93994140625,270500,7802.68994140625,2.9860000610351562,12.1899995803833,1118.5999755859375
2018-08-06,2286.5,2288.510009765625,2300.3798828125,2283.260009765625,244500,7802.68994140625,2.9860000610351562,12.1899995803833,1118.5999755859375
2018-08-07,2300.159912109375,2290.85009765625,2301.27001953125,2279.550048828125,230300,7859.68017578125,2.937999963760376,11.270000457763672,1122.9000244140625
2018-08-08,2301.449951171875,2305.72998046875,2308.60009765625,2298.409912109375,299700,7883.66015625,2.9730000495910645,10.930000305175781,1125.4000244140625
2018-08-09,2303.7099609375,2303.0400390625,2303.7099609375,2291.909912109375,244900,7888.330078125,2.9709999561309814,10.850000381469727,1116.25
2018-08-10,2282.7900390625,2295.2099609375,2295.6201171875,2277.889892578125,286200,7891.77978515625,2.934999942779541,11.270000457763672,1115.949951171875
2018-08-13,2248.449951171875,2266.429931640625,2271.820068359375,2238.550048828125,335400,7891.77978515625,2.934999942779541,11.270000457763672,1115.949951171875
2018-08-14,2258.909912109375,2249.860107421875,2262.52001953125,2247.3701171875,255200,7819.7099609375,2.877000093460083,14.779999732971191,1130.9000244140625
2018-08-16,2240.800048828125,2233.050048828125,2244.080078125,2218.090087890625,312500,7774.1201171875,2.8519999980926514,14.640000343322754,1126.75
2018-08-17,2247.050048828125,2244.610107421875,2250.919921875,2240.139892578125,238400,7806.52001953125,2.871000051498413,13.449999809265137,1136.3800048828125
2018-08-20,2247.8798828125,2257.35009765625,2264.419921875,2245.06005859375,271600,7806.52001953125,2.871000051498413,13.449999809265137,1136.3800048828125
2018-08-21,2270.06005859375,2248.0400390625,2272.860107421875,2244.590087890625,294300,7821.009765625,2.822999954223633,12.489999771118164,1118.5
2018-08-22,2273.330078125,2273.679931640625,2280.31005859375,2268.909912109375,269300,7859.169921875,2.8440001010894775,12.859999656677246,1116.8800048828125
2018-08-23,2282.60009765625,2282.570068359375,2282.8798828125,2268.06005859375,338400,7889.10009765625,2.822999954223633,12.25,1116.0999755859375
2018-08-24,2293.2099609375,2276.159912109375,2295.219970703125,2271.35009765625,347300,7878.4599609375,2.821000099182129,12.40999984741211,1117.5
2018-08-27,2299.300048828125,2297.320068359375,2302.8701171875,2289.409912109375,307000,7878.4599609375,2.821000099182129,12.40999984741211,1117.5
2018-08-28,2303.1201171875,2312.139892578125,2314.60009765625,2299.449951171875,276900,8017.89990234375,2.8480000495910645,12.15999984741211,1111.1700439453125
2018-08-29,2309.030029296875,2304.659912109375,2309.8798828125,2300.2099609375,268200,8030.0400390625,2.884000062942505,12.5,1108.22998046875
2018-08-30,2307.35009765625,2313.110107421875,2320.85009765625,2305.4599609375,286900,8109.68994140625,2.884000062942505,12.25,1106.8800048828125
2018-08-31,2322.8798828125,2298.1298828125,2322.8798828125,2295.719970703125,255900,8088.35986328125,2.859999895095825,13.529999732971191,1108.449951171875
2018-09-03,2307.030029296875,2317.929931640625,2318.719970703125,2302.169921875,230500,8088.35986328125,2.859999895095825,13.529999732971191,1108.449951171875
2018-09-04,2315.719970703125,2308.9599609375,2317.739990234375,2302.169921875,277000,8088.35986328125,2.859999895095825,13.529999732971191,1114.81005859375
2018-09-05,2291.77001953125,2310.89990234375,2315.429931640625,2288.010009765625,358200,8091.25,2.9019999504089355,13.15999984741211,1113.5
2018-09-06,2287.610107421875,2288.800048828125,2298.469970703125,2284.5,387500,7995.169921875,2.9019999504089355,13.90999984741211,1121.300048828125
2018-09-07,2281.580078125,2278.080078125,2286.820068359375,2264.89990234375,357600,7922.72998046875,2.878999948501587,14.649999618530273,1118.0999755859375
2018-09-10,2288.659912109375,2277.35009765625,2289.3798828125,2276.60009765625,312600,7922.72998046875,2.878999948501587,14.649999618530273,1118.0999755859375
2018-09-11,2283.199951171875,2286.909912109375,2295.760009765625,2275.1298828125,368200,7924.16015625,2.937000036239624,14.15999984741211,1126.8499755859375
2018-09-12,2282.919921875,2286.280029296875,2289.659912109375,2271.0,336800,7972.47021484375,2.9769999980926514,13.220000267028809,1136.77001953125
2018-09-13,2286.22998046875,2285.280029296875,2291.510009765625,2281.6298828125,301300,7954.22998046875,2.9630000591278076,13.140000343322754,1125.300048828125
2018-09-14,2318.25,2304.699951171875,2318.64990234375,2304.14990234375,292200,8013.7099609375,2.9630000591278076,12.369999885559082,1125.75
2018-09-17,2303.010009765625,2314.550048828125,2314.550048828125,2295.260009765625,343200,8013.7099609375,2.9630000591278076,12.369999885559082,1125.75
2018-09-18,2308.97998046875,2287.72998046875,2310.969970703125,2287.419921875,309200,7895.7900390625,3.000999927520752,13.680000305175781,1120.9000244140625
2018-09-19,2308.4599609375,2319.219970703125,2319.219970703125,2301.7900390625,350900,7956.10986328125,3.0480000972747803,12.789999961853027,1125.6199951171875
2018-09-20,2323.449951171875,2314.409912109375,2334.0400390625,2311.56005859375,289100,7950.0400390625,3.0829999446868896,11.75,1120.800048828125
2018-09-21,2339.169921875,2332.0400390625,2339.169921875,2325.1201171875,321700,8028.22998046875,3.078000068664551,11.800000190734863,1122.25
2018-09-27,2355.429931640625,2331.699951171875,2355.429931640625,2331.699951171875,279200,7990.3701171875,3.061000108718872,12.890000343322754,1115.8299560546875
2018-09-28,2343.070068359375,2356.1298828125,2356.6201171875,2337.469970703125,317900,8041.97021484375,3.055999994277954,12.40999984741211,1114.1700439453125
2018-10-01,2338.8798828125,2349.639892578125,2352.110107421875,2333.320068359375,278300,8041.97021484375,3.055999994277954,12.40999984741211,1114.1700439453125
2018-10-02,2309.570068359375,2338.280029296875,2341.550048828125,2308.89990234375,287900,8037.2998046875,3.0799999237060547,12.0,1109.010009765625
2018-10-04,2274.489990234375,2311.06005859375,2311.06005859375,2270.219970703125,309500,8025.08984375,3.1610000133514404,11.609999656677246,1117.5
2018-10-05,2267.52001953125,2269.93994140625,2278.1201171875,2250.989990234375,282100,7879.509765625,3.197000026702881,14.220000267028809,1125.4200439453125
2018-10-08,2253.830078125,2258.72998046875,2273.7099609375,2253.830078125,214600,7879.509765625,3.197000026702881,14.220000267028809,1125.4200439453125
2018-10-10,2228.610107421875,2256.030029296875,2257.52001953125,2222.949951171875,365700,7738.02001953125,3.2079999446868896,15.949999809265137,1133.199951171875
2018-10-11,2129.669921875,2176.159912109375,2186.68994140625,2129.669921875,411900,7422.0498046875,3.2249999046325684,22.959999084472656,1132.4000244140625
2018-10-12,2161.85009765625,2131.659912109375,2173.010009765625,2129.1298828125,292600,7329.06005859375,3.132999897003174,24.979999542236328,1142.8499755859375
2018-10-15,2145.1201171875,2155.340087890625,2159.22998046875,2141.280029296875,259200,7329.06005859375,3.132999897003174,24.979999542236328,1142.8499755859375
2018-10-16,2145.1201171875,2156.0,2161.760009765625,2140.18994140625,222500,7430.740234375,3.1630001068115234,21.299999237060547,1131.18994140625
2018-10-17,2167.510009765625,2169.43994140625,2182.77001953125,2159.3701171875,275200,7645.490234375,3.1559998989105225,17.6200008392334,1135.1700439453125
2018-10-18,2148.31005859375,2158.800048828125,2168.010009765625,2146.610107421875,321800,7642.7001953125,3.178999900817871,17.399999618530273,1122.1500244140625
2018-10-19,2156.260009765625,2130.06005859375,2158.780029296875,2117.6201171875,351800,7485.14013671875,3.174999952316284,20.059999465942383,1127.0999755859375
2018-10-22,2161.7099609375,2143.080078125,2163.2099609375,2136.919921875,308700,7485.14013671875,3.174999952316284,20.059999465942383,1127.0999755859375
2018-10-23,2106.10009765625,2147.300048828125,2148.800048828125,2094.68994140625,373500,7468.6298828125,3.196000099182129,19.639999389648438,1131.5999755859375
2018-10-24,2097.580078125,2119.18994140625,2121.360107421875,2092.10009765625,399700,7437.5400390625,3.1659998893737793,20.709999084472656,1131.25
2018-10-25,2063.300048828125,2046.6700439453125,2066.06005859375,2033.81005859375,376000,7108.39990234375,3.124000072479248,25.229999542236328,1136.6400146484375
2018-10-26,2027.1500244140625,2066.570068359375,2066.570068359375,2008.8599853515625,449200,7318.33984375,3.135999917984009,24.219999313354492,1137.56005859375
2018-10-29,1996.050048828125,2026.6800537109375,2045.760009765625,1993.77001953125,427300,7318.33984375,3.135999917984009,24.219999313354492,1137.56005859375
2018-10-30,2014.68994140625,1985.949951171875,2028.8399658203125,1985.949951171875,441600,7050.2900390625,3.0869998931884766,24.700000762939453,1139.5
2018-10-31,2029.68994140625,2022.8399658203125,2030.5,2006.6300048828125,373000,7161.64990234375,3.109999895095825,23.350000381469727,1142.0799560546875
2018-11-01,2024.4599609375,2035.1099853515625,2054.219970703125,2023.4300537109375,343800,7305.89990234375,3.1589999198913574,21.229999542236328,1137.699951171875
2018-11-02,2096.0,2046.6099853515625,2096.6298828125,2044.93994140625,372000,7434.06005859375,3.1440000534057617,19.34000015258789,1140.969970703125
2018-11-05,2076.919921875,2079.81005859375,2080.489990234375,2052.669921875,361300,7434.06005859375,3.1440000534057617,19.34000015258789,1140.969970703125
2018-11-06,2089.6201171875,2085.81005859375,2092.610107421875,2068.590087890625,315800,7328.85009765625,3.2009999752044678,19.959999084472656,1116.0999755859375
2018-11-07,2078.68994140625,2090.320068359375,2107.6298828125,2072.47998046875,485200,7375.9599609375,3.2139999866485596,19.90999984741211,1121.56005859375
2018-11-08,2092.6298828125,2109.969970703125,2120.8798828125,2092.360107421875,328000,7570.75,3.2130000591278076,16.360000610351562,1119.949951171875
2018-11-09,2086.090087890625,2093.889892578125,2101.919921875,2082.469970703125,298100,7530.8798828125,3.2339999675750732,16.719999313354492,1115.3699951171875
2018-11-12,2080.43994140625,2065.919921875,2087.239990234375,2065.52001953125,295500,7530.8798828125,3.2339999675750732,16.719999313354492,1115.3699951171875
2018-11-13,2071.22998046875,2047.6199951171875,2072.030029296875,2032.050048828125,383400,7200.8701171875,3.186000108718872,20.450000762939453,1130.949951171875
2018-11-14,2068.050048828125,2071.409912109375,2075.1201171875,2060.860107421875,339000,7200.8701171875,3.1449999809265137,20.020000457763672,1137.4599609375
2018-11-15,2088.06005859375,2061.469970703125,2088.610107421875,2058.72998046875,351000,7136.39013671875,3.119999885559082,21.25,1131.1300048828125
2018-11-16,2092.39990234375,2097.93994140625,2103.110107421875,2086.5400390625,301600,7259.02978515625,3.118000030517578,19.979999542236328,1131.199951171875
2018-11-19,2100.56005859375,2096.1298828125,2111.389892578125,2089.3701171875,273200,7259.02978515625,3.118000030517578,19.979999542236328,1131.199951171875
2018-11-20,2082.580078125,2074.669921875,2089.5400390625,2074.669921875,281700,7028.47998046875,3.056999921798706,20.100000381469727,1120.4000244140625
2018-11-21,2076.550048828125,2057.070068359375,2077.489990234375,2049.760009765625,267900,6908.81982421875,3.0480000972747803,22.479999542236328,1126.18994140625
2018-11-22,2069.949951171875,2079.010009765625,2081.75,2066.199951171875,242500,6972.25,3.061000108718872,20.799999237060547,1128.4000244140625
2018-11-23,2057.47998046875,2073.260009765625,2075.909912109375,2047.9599609375,227200,6972.25,3.061000108718872,20.799999237060547,1137.31005859375
2018-11-26,2083.02001953125,2060.169921875,2083.9599609375,2060.169921875,237700,6972.25,3.061000108718872,20.799999237060547,1137.31005859375
2018-11-27,2099.419921875,2091.75,2102.2900390625,2079.489990234375,239200,7081.85009765625,3.072000026702881,18.899999618530273,1133.5
2018-11-28,2108.219970703125,2104.1298828125,2108.64990234375,2094.320068359375,300100,7082.7001953125,3.055000066757202,19.020000457763672,1129.030029296875
2018-11-29,2114.10009765625,2133.949951171875,2136.739990234375,2108.89990234375,307200,7291.58984375,3.0439999103546143,18.489999771118164,1130.3699951171875
2018-11-30,2096.860107421875,2116.830078125,2122.330078125,2093.830078125,427400,7273.080078125,3.0350000858306885,18.790000915527344,1121.1199951171875
2018-12-03,2131.929931640625,2127.780029296875,2136.639892578125,2113.60009765625,436600,7273.080078125,3.0350000858306885,18.790000915527344,1121.1199951171875
2018-12-04,2114.35009765625,2125.669921875,2128.93994140625,2105.449951171875,507500,7441.509765625,2.992000102996826,16.440000534057617,1117.1500244140625
2018-12-05,2101.31005859375,2086.570068359375,2107.68994140625,2086.570068359375,492700,7158.43017578125,2.9240000247955322,20.739999771118164,1108.300048828125
2018-12-06,2068.68994140625,2094.6201171875,2094.6201171875,2064.0,537400,7158.43017578125,2.9240000247955322,20.739999771118164,1110.6300048828125
2018-12-07,2075.760009765625,2081.679931640625,2086.840087890625,2065.6201171875,371600,7188.259765625,2.875999927520752,21.190000534057617,1111.6600341796875
2018-12-10,2053.7900390625,2048.449951171875,2061.780029296875,2043.2099609375,344200,7188.259765625,2.875999927520752,21.190000534057617,1111.6600341796875
2018-12-11,2052.969970703125,2058.159912109375,2060.93994140625,2047.1700439453125,273900,7020.52001953125,2.8559999465942383,22.639999389648438,1122.699951171875
2018-12-12,2082.570068359375,2062.77001953125,2084.77001953125,2061.1298828125,457100,7031.830078125,2.878999948501587,21.760000228881836,1131.5
2018-12-13,2095.550048828125,2087.429931640625,2104.429931640625,2084.3701171875,379800,7098.31005859375,2.9059998989105225,21.459999084472656,1127.6199951171875
2018-12-14,2069.3798828125,2095.639892578125,2095.639892578125,2061.39990234375,448200,7070.330078125,2.9110000133514404,20.649999618530273,1123.8499755859375
2018-12-17,2071.090087890625,2071.2099609375,2075.929931640625,2065.510009765625,444500,7070.330078125,2.9110000133514404,20.649999618530273,1123.8499755859375
2018-12-18,2062.110107421875,2057.389892578125,2074.31005859375,2054.260009765625,429500,6753.72998046875,2.8570001125335693,24.520000457763672,1131.6500244140625
2018-12-19,2078.840087890625,2068.949951171875,2080.64990234375,2063.010009765625,418800,6783.91015625,2.825000047683716,25.579999923706055,1128.1500244140625
2018-12-20,2060.1201171875,2063.699951171875,2071.080078125,2047.52001953125,421100,6636.830078125,2.7780001163482666,25.579999923706055,1125.0699462890625
2018-12-21,2061.489990234375,2052.699951171875,2061.510009765625,2049.760009765625,311400,6528.41015625,2.7890000343322754,28.3799991607666,1128.1300048828125
2018-12-24,2055.010009765625,2050.3798828125,2059.93994140625,2046.1800537109375,285300,6528.41015625,2.7890000343322754,28.3799991607666,1128.1300048828125
2018-12-26,2028.010009765625,2028.81005859375,2037.8299560546875,2014.280029296875,321500,6528.41015625,2.7890000343322754,28.3799991607666,1123.22998046875
2018-12-27,2028.43994140625,2032.0899658203125,2035.5699462890625,2021.3900146484375,398000,6554.35986328125,2.796999931335449,30.40999984741211,1122.6300048828125
2018-12-28,2041.0400390625,2036.699951171875,2046.969970703125,2035.4100341796875,352700,6579.490234375,2.743000030517578,29.959999084472656,1123.52001953125
2019-01-02,2010.0,2050.550048828125,2053.449951171875,2004.27001953125,326400,6579.490234375,2.743000030517578,29.959999084472656,1112.5
2019-01-03,1993.699951171875,2011.81005859375,2014.719970703125,1991.6500244140625,428000,6665.93994140625,2.6610000133514404,23.219999313354492,1113.800048828125
2019-01-04,2010.25,1992.4000244140625,2011.56005859375,1984.530029296875,409000,6463.5,2.553999900817871,25.450000762939453,1122.1800537109375
2019-01-07,2037.0999755859375,2034.239990234375,2048.06005859375,2030.9000244140625,440200,6463.5,2.553999900817871,25.450000762939453,1122.1800537109375
2019-01-08,2025.27001953125,2038.6800537109375,2042.699951171875,2023.5899658203125,397800,6823.47021484375,2.681999921798706,21.399999618530273,1114.4000244140625
2019-01-09,2064.7099609375,2034.18994140625,2068.22998046875,2034.18994140625,386200,6897.0,2.7160000801086426,20.469999313354492,1116.4000244140625
2019-01-10,2063.280029296875,2065.72998046875,2072.81005859375,2057.159912109375,382900,6957.080078125,2.7279999256134033,19.979999542236328,1121.050048828125
2019-01-11,2075.570068359375,2070.360107421875,2076.989990234375,2063.989990234375,380100,6986.06982421875,2.7309999465942383,19.5,1118.6700439453125
2019-01-14,2064.52001953125,2070.489990234375,2073.93994140625,2059.4599609375,432900,6986.06982421875,2.7309999465942383,19.5,1118.6700439453125
2019-01-15,2097.179931640625,2069.139892578125,2098.010009765625,2067.580078125,439500,6905.919921875,2.7100000381469727,19.06999969482422,1118.5999755859375
2019-01-16,2106.10009765625,2098.64990234375,2106.35009765625,2091.919921875,500100,7023.830078125,2.7109999656677246,18.600000381469727,1122.0
2019-01-17,2107.06005859375,2110.139892578125,2117.429931640625,2101.699951171875,475900,7034.68994140625,2.7309999465942383,19.040000915527344,1122.4000244140625
2019-01-18,2124.280029296875,2116.429931640625,2124.5,2113.43994140625,456700,7084.4599609375,2.749000072479248,18.059999465942383,1118.77001953125
2019-01-21,2124.610107421875,2133.8701171875,2134.169921875,2114.449951171875,398000,7084.4599609375,2.749000072479248,18.059999465942383,1118.77001953125
2019-01-22,2117.77001953125,2126.030029296875,2129.3701171875,2108.909912109375,419400,7084.4599609375,2.749000072479248,18.059999465942383,1125.7900390625
2019-01-23,2127.780029296875,2108.719970703125,2131.050048828125,2106.739990234375,408600,7020.35986328125,2.7300000190734863,20.799999237060547,1132.3699951171875
2019-01-24,2145.030029296875,2127.8798828125,2145.080078125,2125.47998046875,413700,7025.77001953125,2.755000114440918,19.520000457763672,1130.1500244140625
2019-01-25,2177.72998046875,2147.919921875,2178.010009765625,2146.639892578125,410000,7073.4599609375,2.7119998931884766,18.889999389648438,1125.3299560546875
2019-01-28,2177.300048828125,2184.409912109375,2188.14990234375,2169.169921875,371600,7073.4599609375,2.7119998931884766,18.889999389648438,1125.3299560546875
2019-01-29,2183.360107421875,2172.830078125,2183.360107421875,2162.530029296875,552600,7085.68017578125,2.74399995803833,18.8700008392334,1118.010009765625
2019-01-30,2206.199951171875,2183.489990234375,2206.199951171875,2177.8798828125,480400,7028.2900390625,2.7119998931884766,19.1299991607666,1119.699951171875
2019-01-31,2204.85009765625,2222.8798828125,2222.8798828125,2201.219970703125,545200,7183.080078125,2.694999933242798,17.65999984741211,1117.8699951171875
2019-02-01,2203.4599609375,2211.929931640625,2218.780029296875,2201.409912109375,479400,7281.740234375,2.634999990463257,16.56999969482422,1109.0
2019-02-07,2203.419921875,2215.77001953125,2215.7900390625,2196.77001953125,427800,7375.27978515625,2.7019999027252197,15.380000114440918,1118.699951171875
2019-02-08,2177.050048828125,2192.010009765625,2192.47998046875,2171.9599609375,391000,7288.35009765625,2.6519999504089355,16.3700008392334,1121.6300048828125
2019-02-11,2180.72998046875,2180.5400390625,2181.580078125,2167.360107421875,406100,7288.35009765625,2.6519999504089355,16.3700008392334,1121.6300048828125
2019-02-12,2190.469970703125,2182.7099609375,2195.050048828125,2178.590087890625,429900,7307.89990234375,2.6610000133514404,15.970000267028809,1122.8800048828125
2019-02-13,2201.47998046875,2200.0,2203.7099609375,2194.75,422000,7414.6201171875,2.684000015258789,15.430000305175781,1125.02001953125
2019-02-14,2225.85009765625,2195.919921875,2225.85009765625,2186.090087890625,573400,7420.3798828125,2.7079999446868896,15.649999618530273,1120.300048828125
2019-02-15,2196.090087890625,2210.93994140625,2210.93994140625,2187.7099609375,400600,7426.9501953125,2.6570000648498535,16.219999313354492,1123.719970703125
2019-02-18,2210.889892578125,2207.360107421875,2217.320068359375,2203.0,314400,7426.9501953125,2.6570000648498535,16.219999313354492,1123.719970703125
2019-02-19,2205.6298828125,2208.9599609375,2213.8701171875,2193.340087890625,389100,7426.9501953125,2.6570000648498535,16.219999313354492,1125.31005859375
2019-02-20,2229.760009765625,2216.739990234375,2234.679931640625,2213.830078125,374300,7486.77001953125,2.6470000743865967,14.880000114440918,1124.280029296875
2019-02-21,2228.659912109375,2224.260009765625,2234.31005859375,2213.18994140625,382500,7489.06982421875,2.6540000438690186,14.020000457763672,1121.4200439453125
2019-02-22,2230.5,2222.320068359375,2230.5,2217.080078125,409300,7459.7099609375,2.687999963760376,14.460000038146973,1121.719970703125
2019-02-25,2232.56005859375,2241.1298828125,2241.760009765625,2224.639892578125,339200,7459.7099609375,2.687999963760376,14.460000038146973,1121.719970703125
2019-02-26,2226.60009765625,2230.3701171875,2235.699951171875,2221.760009765625,332000,7554.4599609375,2.6730000972747803,14.850000381469727,1122.31005859375
2019-02-27,2234.7900390625,2234.4599609375,2237.77001953125,2228.159912109375,301500,7549.2998046875,2.635999917984009,15.170000076293945,1117.199951171875
2019-02-28,2195.43994140625,2231.580078125,2233.929931640625,2195.43994140625,510000,7554.509765625,2.693000078201294,14.699999809265137,1114.300048828125
2019-03-04,2190.659912109375,2210.969970703125,2216.02001953125,2188.56005859375,373200,7554.509765625,2.693000078201294,14.699999809265137,1114.300048828125
2019-03-05,2179.22998046875,2183.35009765625,2185.739990234375,2171.330078125,313100,7577.56982421875,2.7219998836517334,14.630000114440918,1126.81005859375
2019-03-06,2175.60009765625,2177.110107421875,2179.010009765625,2168.4599609375,328900,7576.35986328125,2.7219998836517334,14.739999771118164,1128.1500244140625
2019-03-07,2165.7900390625,2173.18994140625,2181.18994140625,2155.18994140625,292600,7505.919921875,2.691999912261963,15.739999771118164,1126.199951171875
2019-03-08,2137.43994140625,2152.800048828125,2159.669921875,2137.43994140625,313300,7421.4599609375,2.635999917984009,16.59000015258789,1127.0
2019-03-11,2138.10009765625,2140.2900390625,2145.31005859375,2125.5400390625,272100,7421.4599609375,2.635999917984009,16.59000015258789,1127.0
2019-03-12,2157.179931640625,2154.610107421875,2161.68994140625,2150.9599609375,355300,7558.06005859375,2.6429998874664307,14.329999923706055,1134.06005859375
2019-03-13,2148.409912109375,2152.659912109375,2154.110107421875,2134.159912109375,285600,7591.02978515625,2.6050000190734863,13.770000457763672,1130.77001953125
2019-03-14,2155.679931640625,2154.35009765625,2158.340087890625,2142.31005859375,341000,7643.41015625,2.6110000610351562,13.40999984741211,1127.27001953125
2019-03-15,2176.110107421875,2152.9599609375,2181.77001953125,2152.590087890625,387100,7630.91015625,2.630000114440918,13.5,1129.5899658203125
2019-03-18,2179.489990234375,2179.68994140625,2183.89990234375,2172.340087890625,258000,7630.91015625,2.630000114440918,13.5,1129.5899658203125
2019-03-19,2177.6201171875,2183.030029296875,2183.760009765625,2171.050048828125,319700,7714.47998046875,2.6019999980926514,13.100000381469727,1132.72998046875
2019-03-20,2177.10009765625,2171.409912109375,2177.18994140625,2152.2099609375,317600,7723.9501953125,2.614000082015991,13.5600004196167,1131.199951171875
2019-03-21,2184.8798828125,2183.110107421875,2200.320068359375,2173.699951171875,342700,7728.97021484375,2.5350000858306885,13.90999984741211,1129.719970703125
2019-03-22,2186.949951171875,2192.719970703125,2195.419921875,2178.77001953125,333600,7838.9599609375,2.5369999408721924,13.630000114440918,1125.0
2019-03-25,2144.860107421875,2158.800048828125,2159.25,2143.699951171875,307100,7838.9599609375,2.5369999408721924,13.630000114440918,1125.0
2019-03-26,2148.800048828125,2152.97998046875,2153.89990234375,2143.6298828125,301300,7637.5400390625,2.4200000762939453,16.329999923706055,1135.1400146484375
2019-03-27,2145.6201171875,2147.18994140625,2152.909912109375,2132.419921875,363200,7691.52001953125,2.4140000343322754,14.680000305175781,1133.8499755859375
2019-03-28,2128.10009765625,2131.25,2136.39990234375,2120.929931640625,288000,7643.3798828125,2.374000072479248,15.149999618530273,1133.9300537109375
2019-03-29,2140.669921875,2138.449951171875,2143.300048828125,2124.070068359375,364600,7669.169921875,2.3889999389648438,14.430000305175781,1138.5
2019-04-01,2168.280029296875,2153.31005859375,2171.489990234375,2153.31005859375,263300,7669.169921875,2.3889999389648438,14.430000305175781,1138.5
2019-04-02,2177.179931640625,2177.199951171875,2181.3701171875,2171.840087890625,257500,7828.91015625,2.496999979019165,13.399999618530273,1136.699951171875
2019-04-03,2203.27001953125,2176.81005859375,2203.2900390625,2172.830078125,358600,7848.68994140625,2.4809999465942383,13.359999656677246,1132.6700439453125
2019-04-04,2206.530029296875,2201.0400390625,2216.14990234375,2198.659912109375,431000,7895.5498046875,2.5169999599456787,13.739999771118164,1136.3900146484375
2019-04-05,2209.610107421875,2206.360107421875,2214.820068359375,2205.260009765625,517200,7891.77978515625,2.51200008392334,13.579999923706055,1133.530029296875
2019-04-08,2210.60009765625,2217.659912109375,2217.8701171875,2202.489990234375,347900,7891.77978515625,2.51200008392334,13.579999923706055,1133.530029296875
2019-04-09,2213.56005859375,2212.320068359375,2221.6201171875,2203.5400390625,414800,7953.8798828125,2.5190000534057617,13.180000305175781,1136.68994140625
2019-04-10,2224.389892578125,2206.199951171875,2225.02001953125,2203.820068359375,399700,7909.27978515625,2.499000072479248,14.279999732971191,1141.1099853515625
2019-04-11,2224.43994140625,2227.68994140625,2230.409912109375,2217.179931640625,402000,7964.240234375,2.4769999980926514,13.300000190734863,1140.0999755859375
2019-04-12,2233.449951171875,2221.10009765625,2233.449951171875,2212.8798828125,449600,7947.35986328125,2.503999948501587,13.020000457763672,1135.9000244140625
2019-04-15,2242.8798828125,2242.31005859375,2251.219970703125,2240.2900390625,404200,7947.35986328125,2.503999948501587,13.020000457763672,1135.9000244140625
2019-04-16,2248.6298828125,2241.06005859375,2249.889892578125,2235.719970703125,569100,7976.009765625,2.552999973297119,12.319999694824219,1133.4300537109375
2019-04-17,2245.889892578125,2249.050048828125,2252.050048828125,2242.010009765625,452500,8000.22998046875,2.5920000076293945,12.180000305175781,1133.199951171875
2019-04-18,2213.77001953125,2248.800048828125,2250.110107421875,2210.429931640625,573300,7996.080078125,2.5920000076293945,12.600000381469727,1135.699951171875
2019-04-19,2216.14990234375,2223.419921875,2225.3701171875,2215.580078125,525300,7998.06005859375,2.559999942779541,12.09000015258789,1130.199951171875
2019-04-22,2216.64990234375,2218.5,2227.93994140625,2207.25,494000,7998.06005859375,2.559999942779541,12.09000015258789,1130.199951171875
2019-04-23,2220.510009765625,2217.610107421875,2223.919921875,2212.139892578125,481200,8015.27001953125,2.5899999141693115,12.420000076293945,1134.5
2019-04-24,2201.030029296875,2229.75,2229.75,2190.2900390625,575100,8120.81982421875,2.569999933242798,12.279999732971191,1140.0400390625
2019-04-25,2190.5,2195.469970703125,2200.889892578125,2187.43994140625,441100,8102.009765625,2.5220000743865967,13.140000343322754,1142.0
2019-04-26,2179.31005859375,2178.1298828125,2186.52001953125,2168.14990234375,570200,8118.68017578125,2.5339999198913574,13.25,1155.260009765625
2019-04-29,2216.429931640625,2183.409912109375,2216.429931640625,2181.820068359375,380800,8118.68017578125,2.5339999198913574,13.25,1155.260009765625
2019-04-30,2203.590087890625,2213.429931640625,2215.77001953125,2186.330078125,381400,8161.85009765625,2.5360000133514404,13.109999656677246,1157.72998046875
2019-05-02,2212.75,2192.93994140625,2217.030029296875,2191.300048828125,369100,8049.64013671875,2.510999917984009,14.800000190734863,1163.260009765625
2019-05-03,2196.320068359375,2209.43994140625,2211.360107421875,2192.360107421875,617900,8036.77001953125,2.552000045776367,14.420000076293945,1164.6700439453125
2019-05-07,2176.989990234375,2172.389892578125,2179.510009765625,2160.43994140625,484100,8123.2900390625,2.5,15.4399995803833,1163.3299560546875
2019-05-08,2168.010009765625,2151.340087890625,2179.340087890625,2151.340087890625,456300,7963.759765625,2.447999954223633,19.31999969482422,1168.050048828125
2019-05-09,2102.010009765625,2159.7900390625,2164.97998046875,2102.010009765625,743500,7943.31982421875,2.4820001125335693,19.399999618530273,1171.300048828125
2019-05-10,2108.0400390625,2118.419921875,2124.919921875,2090.389892578125,714800,7910.58984375,2.4570000171661377,19.100000381469727,1172.18994140625
2019-05-13,2079.010009765625,2091.800048828125,2101.090087890625,2077.719970703125,505800,7910.58984375,2.4570000171661377,19.100000381469727,1172.18994140625
2019-05-14,2081.840087890625,2060.239990234375,2093.409912109375,2056.739990234375,696200,7647.02001953125,2.4049999713897705,20.549999237060547,1174.4200439453125
2019-05-15,2092.780029296875,2081.919921875,2100.010009765625,2076.4599609375,577800,7734.490234375,2.4189999103546143,18.059999465942383,1187.1800537109375
2019-05-16,2067.68994140625,2094.8798828125,2095.580078125,2062.43994140625,745200,7822.14990234375,2.378999948501587,16.440000534057617,1186.9300537109375
2019-05-17,2055.800048828125,2081.570068359375,2082.830078125,2053.7900390625,537400,7898.0498046875,2.4049999713897705,15.289999961853027,1186.0400390625
2019-05-20,2055.7099609375,2066.530029296875,2077.10009765625,2051.68994140625,640200,7898.0498046875,2.4049999713897705,15.289999961853027,1186.0400390625
2019-05-21,2061.25,2056.949951171875,2076.469970703125,2053.68994140625,526900,7702.3798828125,2.4159998893737793,16.309999465942383,1193.8299560546875
2019-05-22,2064.860107421875,2068.64990234375,2070.800048828125,2048.010009765625,510000,7785.72021484375,2.4260001182556152,14.949999809265137,1193.3299560546875
2019-05-23,2059.590087890625,2063.25,2065.860107421875,2046.8199462890625,509300,7750.83984375,2.3929998874664307,14.75,1193.3299560546875
2019-05-24,2045.31005859375,2047.300048828125,2057.3798828125,2035.97998046875,480600,7628.27978515625,2.2960000038146973,16.920000076293945,1188.800048828125
2019-05-27,2044.2099609375,2044.25,2055.1298828125,2035.8699951171875,351600,7628.27978515625,2.2960000038146973,16.920000076293945,1188.800048828125
2019-05-28,2048.830078125,2044.77001953125,2058.419921875,2038.52001953125,494500,7628.27978515625,2.2960000038146973,16.920000076293945,1185.0
2019-05-29,2023.3199462890625,2046.7099609375,2046.7099609375,2016.25,380900,7607.35009765625,2.2679998874664307,17.5,1182.31005859375
2019-05-30,2038.800048828125,2024.3299560546875,2040.6600341796875,2023.9100341796875,461900,7547.31005859375,2.2360000610351562,17.899999618530273,1187.5799560546875
2019-05-31,2041.739990234375,2029.030029296875,2048.89990234375,2022.969970703125,439200,7567.72021484375,2.2269999980926514,17.299999237060547,1192.2099609375
2019-06-03,2067.85009765625,2031.030029296875,2070.580078125,2029.1700439453125,387100,7567.72021484375,2.2269999980926514,17.299999237060547,1192.2099609375
2019-06-04,2066.969970703125,2066.780029296875,2072.18994140625,2060.97998046875,436000,7333.02001953125,2.0810000896453857,18.860000610351562,1187.8699951171875
2019-06-05,2069.110107421875,2084.159912109375,2086.489990234375,2065.7099609375,380200,7527.1201171875,2.11899995803833,16.969999313354492,1178.3499755859375
2019-06-07,2072.330078125,2070.780029296875,2081.159912109375,2057.969970703125,368400,7615.5498046875,2.124000072479248,15.930000305175781,1178.739990234375
2019-06-10,2099.489990234375,2087.3701171875,2099.64990234375,2075.510009765625,457600,7615.5498046875,2.124000072479248,15.930000305175781,1178.739990234375
2019-06-11,2111.81005859375,2096.090087890625,2114.570068359375,2094.60009765625,550700,7823.169921875,2.1429998874664307,15.9399995803833,1180.760009765625
2019-06-12,2108.75,2111.659912109375,2118.889892578125,2104.409912109375,693500,7822.56982421875,2.140000104904175,15.989999771118164,1182.0999755859375
2019-06-13,2103.14990234375,2104.4599609375,2108.010009765625,2081.919921875,553400,7792.72021484375,2.127000093460083,15.90999984741211,1177.97998046875
2019-06-14,2095.409912109375,2096.320068359375,2103.02001953125,2087.469970703125,473400,7837.1298828125,2.0910000801086426,15.819999694824219,1183.4300537109375
2019-06-17,2090.72998046875,2091.7099609375,2103.590087890625,2087.25,561600,7837.1298828125,2.0910000801086426,15.819999694824219,1183.4300537109375
2019-06-18,2098.7099609375,2089.31005859375,2103.02001953125,2089.31005859375,601000,7845.02001953125,2.0859999656677246,15.350000381469727,1185.8900146484375
2019-06-19,2124.780029296875,2119.5400390625,2126.739990234375,2117.639892578125,863000,7953.8798828125,2.059999942779541,15.149999618530273,1185.3499755859375
2019-06-20,2131.2900390625,2121.780029296875,2131.77001953125,2120.419921875,1007200,7987.31982421875,2.0290000438690186,14.329999923706055,1173.5799560546875
2019-06-21,2125.6201171875,2132.3798828125,2132.679931640625,2120.14990234375,692000,8051.33984375,2.000999927520752,14.75,1170.300048828125
2019-06-24,2126.330078125,2130.320068359375,2134.47998046875,2123.8798828125,669600,8051.33984375,2.000999927520752,14.75,1170.300048828125
2019-06-25,2121.639892578125,2125.739990234375,2136.239990234375,2115.110107421875,643000,8005.7001953125,2.0209999084472656,15.260000228881836,1158.31005859375
2019-06-26,2121.85009765625,2120.199951171875,2128.25,2115.719970703125,736900,7884.72021484375,1.99399995803833,16.280000686645508,1152.469970703125
2019-06-27,2134.320068359375,2120.72998046875,2141.27001953125,2118.219970703125,644900,7909.97021484375,2.0490000247955322,16.209999084472656,1155.7099609375
2019-06-28,2130.6201171875,2135.06005859375,2139.239990234375,2123.969970703125,537300,7967.759765625,2.005000114440918,15.819999694824219,1152.5
2019-07-01,2129.739990234375,2147.239990234375,2147.239990234375,2126.8701171875,412300,7967.759765625,2.005000114440918,15.819999694824219,1152.5
2019-07-02,2122.02001953125,2122.070068359375,2130.860107421875,2112.52001953125,460800,8091.16015625,2.0339999198913574,14.0600004196167,1155.5999755859375
2019-07-03,2096.02001953125,2120.75,2127.7099609375,2093.320068359375,522700,8109.08984375,1.9759999513626099,12.930000305175781,1159.75
2019-07-04,2108.72998046875,2102.360107421875,2108.800048828125,2088.969970703125,446900,8170.22998046875,1.9529999494552612,12.569999694824219,1165.5799560546875
2019-07-05,2110.590087890625,2111.0,2115.429931640625,2096.22998046875,459400,8170.22998046875,1.9529999494552612,12.569999694824219,1168.8699951171875
2019-07-08,2064.169921875,2091.909912109375,2092.5400390625,2063.780029296875,516000,8170.22998046875,1.9529999494552612,12.569999694824219,1168.8699951171875
2019-07-09,2052.030029296875,2070.35009765625,2075.300048828125,2052.030029296875,440100,8098.3798828125,2.0339999198913574,13.960000038146973,1174.02001953125
2019-07-10,2058.780029296875,2061.550048828125,2068.199951171875,2056.47998046875,355700,8141.72998046875,2.053999900817871,14.09000015258789,1179.8499755859375
2019-07-11,2080.580078125,2070.590087890625,2088.239990234375,2070.2099609375,376700,8202.5302734375,2.061000108718872,13.029999732971191,1181.47998046875
2019-07-12,2086.659912109375,2083.530029296875,2090.429931640625,2077.35009765625,403900,8196.0400390625,2.119999885559082,12.930000305175781,1175.530029296875
2019-07-15,2082.47998046875,2083.389892578125,2088.340087890625,2073.10009765625,463500,8196.0400390625,2.119999885559082,12.930000305175781,1175.530029296875
2019-07-16,2091.8701171875,2084.4599609375,2096.669921875,2078.739990234375,682800,8258.1904296875,2.0920000076293945,12.680000305175781,1176.4100341796875
2019-07-17,2072.919921875,2079.909912109375,2080.010009765625,2063.489990234375,761600,8222.7998046875,2.121999979019165,12.859999656677246,1178.4300537109375
2019-07-18,2066.550048828125,2068.659912109375,2073.199951171875,2061.330078125,446600,8185.2099609375,2.061000108718872,13.970000267028809,1177.8800048828125
2019-07-19,2094.360107421875,2080.2099609375,2096.72998046875,2076.510009765625,394900,8207.240234375,2.0380001068115234,13.529999732971191,1178.68994140625
2019-07-22,2093.340087890625,2090.35009765625,2099.340087890625,2087.510009765625,332600,8207.240234375,2.0380001068115234,13.529999732971191,1178.68994140625
2019-07-23,2101.449951171875,2095.760009765625,2106.389892578125,2095.3798828125,648100,8204.1396484375,2.0429999828338623,13.529999732971191,1175.1099853515625
2019-07-24,2082.300048828125,2097.159912109375,2105.679931640625,2080.659912109375,851400,8251.400390625,2.0739998817443848,12.609999656677246,1174.760009765625
2019-07-25,2074.47998046875,2085.669921875,2088.81005859375,2061.080078125,598600,8321.5,2.049999952316284,12.069999694824219,1176.800048828125
2019-07-26,2066.260009765625,2063.35009765625,2068.159912109375,2054.639892578125,589100,8238.5400390625,2.0739998817443848,12.739999771118164,1176.550048828125
2019-07-29,2029.47998046875,2059.1298828125,2063.1298828125,2025.010009765625,608700,8238.5400390625,2.0739998817443848,12.739999771118164,1176.550048828125
2019-07-30,2038.6800537109375,2035.3199462890625,2044.5899658203125,2032.6099853515625,547000,8293.330078125,2.055000066757202,12.829999923706055,1183.3499755859375
2019-07-31,2024.550048828125,2036.4599609375,2041.1600341796875,2010.949951171875,589400,8273.6103515625,2.061000108718872,13.9399995803833,1181.8499755859375
2019-08-01,2017.3399658203125,2015.0899658203125,2032.22998046875,2009.3299560546875,461700,8175.419921875,2.0209999084472656,16.1200008392334,1180.6500244140625
2019-08-02,1998.1300048828125,1995.31005859375,2005.31005859375,1987.1199951171875,438500,8111.1201171875,1.8940000534057617,17.8700008392334,1186.31005859375
2019-08-05,1946.97998046875,1985.9300537109375,1987.6400146484375,1945.3900146484375,639600,8111.1201171875,1.8940000534057617,17.8700008392334,1186.31005859375
2019-08-06,1917.5,1900.3599853515625,1948.530029296875,1891.81005859375,739600,7726.0400390625,1.7350000143051147,24.59000015258789,1203.93994140625
2019-08-07,1909.7099609375,1925.3299560546875,1929.2900390625,1901.6099853515625,760800,7833.27001953125,1.7389999628067017,20.170000076293945,1216.6500244140625
2019-08-08,1920.6099853515625,1926.280029296875,1937.949951171875,1915.81005859375,777200,7862.830078125,1.684000015258789,19.489999771118164,1212.530029296875
2019-08-09,1937.75,1940.06005859375,1946.93994140625,1936.1400146484375,654300,8039.16015625,1.715999960899353,16.90999984741211,1212.22998046875
2019-08-12,1942.2900390625,1941.530029296875,1949.18994140625,1933.25,427100,8039.16015625,1.715999960899353,16.90999984741211,1212.22998046875
2019-08-13,1925.8299560546875,1928.760009765625,1937.6800537109375,1923.5799560546875,660000,7863.41015625,1.6390000581741333,21.09000015258789,1213.199951171875
2019-08-14,1938.3699951171875,1946.1800537109375,1952.219970703125,1937.22998046875,699600,8016.35986328125,1.6799999475479126,17.520000457763672,1217.6300048828125
2019-08-16,1927.1700439453125,1921.489990234375,1927.699951171875,1911.719970703125,421700,7766.6201171875,1.5290000438690186,21.18000030517578,1215.6400146484375
2019-08-19,1939.9000244140625,1936.6400146484375,1943.0899658203125,1931.43994140625,481000,7766.6201171875,1.5290000438690186,21.18000030517578,1215.6400146484375
2019-08-20,1960.25,1942.989990234375,1964.1600341796875,1937.530029296875,463600,8002.81005859375,1.5980000495910645,16.8799991607666,1207.489990234375
2019-08-21,1964.6500244140625,1954.5699462890625,1971.1199951171875,1954.469970703125,391600,7948.56005859375,1.5609999895095825,17.5,1210.530029296875
2019-08-22,1951.010009765625,1966.5999755859375,1967.9599609375,1951.010009765625,435600,8020.2099609375,1.5770000219345093,15.800000190734863,1205.280029296875
2019-08-23,1948.300048828125,1942.4200439453125,1953.8499755859375,1940.5999755859375,381100,7991.39013671875,1.6100000143051147,16.68000030517578,1201.3199462890625
2019-08-26,1916.31005859375,1915.3399658203125,1924.489990234375,1909.9200439453125,324900,7991.39013671875,1.6100000143051147,16.68000030517578,1201.3199462890625
2019-08-27,1924.5999755859375,1928.97998046875,1937.4200439453125,1919.280029296875,427000,7853.740234375,1.5449999570846558,19.31999969482422,1212.6500244140625
2019-08-28,1941.0899658203125,1929.9599609375,1943.6199951171875,1926.4300537109375,284300,7826.9501953125,1.4900000095367432,20.309999465942383,1210.72998046875
2019-08-29,1933.4100341796875,1943.550048828125,1947.1500244140625,1928.489990234375,285100,7856.8798828125,1.465999960899353,19.350000381469727,1210.760009765625
2019-08-30,1967.7900390625,1951.6600341796875,1971.2099609375,1951.300048828125,317700,7973.39013671875,1.5160000324249268,17.8799991607666,1211.3699951171875
2019-09-02,1969.18994140625,1961.18994140625,1973.25,1958.5899658203125,262200,7973.39013671875,1.5160000324249268,17.8799991607666,1211.3699951171875
2019-09-03,1965.68994140625,1966.5,1976.3699951171875,1960.1500244140625,342100,7973.39013671875,1.5160000324249268,17.8799991607666,1209.1500244140625
2019-09-04,1988.530029296875,1962.4300537109375,1988.530029296875,1962.0799560546875,348700,7874.16015625,1.465999960899353,19.65999984741211,1212.77001953125
2019-09-05,2004.75,1993.6199951171875,2015.3900146484375,1992.510009765625,488100,7976.8798828125,1.4589999914169312,17.329999923706055,1210.47998046875
2019-09-06,2009.1300048828125,2016.1099853515625,2017.199951171875,2005.68994140625,384400,8116.830078125,1.565000057220459,16.270000457763672,1202.68994140625
2019-09-09,2019.550048828125,2013.3800048828125,2029.800048828125,2013.280029296875,511800,8116.830078125,1.565000057220459,16.270000457763672,1202.68994140625
2019-09-10,2032.0799560546875,2024.7900390625,2034.280029296875,2021.5799560546875,504400,8087.43994140625,1.621999979019165,15.270000457763672,1191.6199951171875
2019-09-11,2049.199951171875,2043.719970703125,2050.800048828125,2040.0400390625,429100,8084.16015625,1.7020000219345093,15.199999809265137,1190.8599853515625
2019-09-16,2062.219970703125,2056.260009765625,2062.219970703125,2044.800048828125,493500,8084.16015625,1.7020000219345093,15.199999809265137,1190.8599853515625
2019-09-17,2062.330078125,2058.719970703125,2066.330078125,2055.169921875,508000,8153.5400390625,1.840999960899353,14.670000076293945,1178.719970703125
2019-09-18,2070.72998046875,2064.419921875,2075.6298828125,2058.52001953125,613100,8186.02001953125,1.812000036239624,14.4399995803833,1183.2900390625
2019-09-19,2080.35009765625,2070.530029296875,2089.81005859375,2070.530029296875,493000,8177.39013671875,1.7860000133514404,13.949999809265137,1185.6500244140625
2019-09-20,2091.52001953125,2080.860107421875,2092.3701171875,2077.300048828125,589900,8182.8798828125,1.7740000486373901,14.050000190734863,1189.550048828125
2019-09-23,2091.699951171875,2087.699951171875,2095.5400390625,2085.60009765625,420900,8182.8798828125,1.7740000486373901,14.050000190734863,1189.550048828125
2019-09-24,2101.0400390625,2090.18994140625,2101.6298828125,2085.909912109375,535800,8112.4599609375,1.7079999446868896,14.90999984741211,1193.1300048828125
2019-09-25,2073.389892578125,2093.469970703125,2095.27001953125,2072.409912109375,651600,7993.6298828125,1.6349999904632568,17.049999237060547,1193.010009765625
2019-09-26,2074.52001953125,2082.659912109375,2087.330078125,2064.340087890625,430600,8077.3798828125,1.7319999933242798,15.960000038146973,1193.93994140625
2019-09-27,2049.929931640625,2066.9599609375,2066.9599609375,2044.75,285900,8030.66015625,1.684999942779541,16.06999969482422,1197.8900146484375
2019-09-30,2063.050048828125,2045.77001953125,2064.989990234375,2042.010009765625,327600,8030.66015625,1.684999942779541,16.06999969482422,1197.8900146484375
2019-10-01,2072.419921875,2062.43994140625,2077.47998046875,2057.909912109375,389300,7999.33984375,1.6749999523162842,16.239999771118164,1201.9100341796875
2019-10-02,2031.9100341796875,2058.22998046875,2058.22998046875,2031.9100341796875,414500,7908.68017578125,1.6440000534057617,18.559999465942383,1198.0
2019-10-04,2020.68994140625,2028.4000244140625,2039.4300537109375,2020.68994140625,402900,7872.259765625,1.5360000133514404,19.1200008392334,1203.5699462890625
2019-10-07,2021.72998046875,2031.530029296875,2034.93994140625,2016.18994140625,322200,7872.259765625,1.5360000133514404,19.1200008392334,1203.5699462890625
2019-10-08,2046.25,2029.3699951171875,2046.81005859375,2024.6300048828125,437500,7956.2900390625,1.5529999732971191,17.860000610351562,1191.3299560546875
2019-10-10,2028.1500244140625,2030.1300048828125,2040.8800048828125,2010.9000244140625,445800,7903.740234375,1.5889999866485596,18.639999389648438,1198.3699951171875
2019-10-11,2044.6099853515625,2048.080078125,2053.93994140625,2040.47998046875,381100,7950.77978515625,1.6579999923706055,17.56999969482422,1196.780029296875
2019-10-14,2067.39990234375,2068.1298828125,2075.10009765625,2065.530029296875,511200,7950.77978515625,1.6579999923706055,17.56999969482422,1196.780029296875
2019-10-15,2068.169921875,2064.780029296875,2073.2099609375,2064.340087890625,464500,8048.64990234375,1.7330000400543213,14.569999694824219,1182.489990234375
2019-10-16,2082.830078125,2080.919921875,2090.010009765625,2073.800048828125,524500,8148.7099609375,1.7710000276565552,13.539999961853027,1182.300048828125
2019-10-17,2077.93994140625,2081.760009765625,2087.14990234375,2072.489990234375,314200,8124.18017578125,1.7480000257492065,13.680000305175781,1183.9300537109375
2019-10-18,2060.68994140625,2082.22998046875,2088.5400390625,2057.889892578125,516700,8156.85009765625,1.7569999694824219,13.789999961853027,1184.8299560546875
2019-10-21,2064.840087890625,2067.969970703125,2067.969970703125,2059.330078125,606100,8156.85009765625,1.7569999694824219,13.789999961853027,1184.8299560546875
2019-10-22,2088.860107421875,2076.2900390625,2093.81005859375,2073.080078125,504100,8162.990234375,1.7920000553131104,14.0,1178.0799560546875
2019-10-23,2080.6201171875,2086.81005859375,2088.25,2074.8798828125,429500,8104.2998046875,1.7680000066757202,14.460000038146973,1171.4000244140625
2019-10-24,2085.659912109375,2089.85009765625,2089.85009765625,2067.89990234375,367700,8119.7900390625,1.7589999437332153,14.010000228881836,1171.260009765625
2019-10-25,2087.889892578125,2091.159912109375,2091.239990234375,2079.300048828125,348700,8185.7998046875,1.7660000324249268,13.710000038146973,1169.699951171875
2019-10-28,2093.60009765625,2096.669921875,2104.389892578125,2089.760009765625,269200,8185.7998046875,1.7660000324249268,13.710000038146973,1169.699951171875
2019-10-29,2092.68994140625,2103.919921875,2105.169921875,2088.0400390625,357700,8325.990234375,1.8530000448226929,13.109999656677246,1170.8199462890625
2019-10-30,2080.27001953125,2093.510009765625,2093.510009765625,2075.5400390625,415600,8276.849609375,1.8350000381469727,13.199999809265137,1166.760009765625
2019-10-31,2083.47998046875,2089.219970703125,2103.7099609375,2083.47998046875,461300,8303.98046875,1.7979999780654907,12.329999923706055,1165.75
2019-11-01,2100.199951171875,2084.7900390625,2100.419921875,2081.530029296875,418300,8292.3603515625,1.690999984741211,13.220000267028809,1163.699951171875
2019-11-04,2130.239990234375,2111.320068359375,2130.830078125,2111.320068359375,476300,8292.3603515625,1.690999984741211,13.220000267028809,1163.699951171875
2019-11-05,2142.639892578125,2133.659912109375,2143.1201171875,2128.699951171875,400600,8433.2001953125,1.7860000133514404,12.829999923706055,1163.800048828125
2019-11-06,2144.14990234375,2142.68994140625,2156.22998046875,2138.830078125,410100,8434.6796875,1.8660000562667847,13.100000381469727,1161.81005859375
2019-11-07,2144.2900390625,2141.050048828125,2147.010009765625,2135.449951171875,425700,8410.6298828125,1.8140000104904175,12.619999885559082,1155.199951171875
2019-11-08,2137.22998046875,2154.179931640625,2155.93994140625,2133.75,574100,8434.51953125,1.9259999990463257,12.729999542236328,1160.0799560546875
2019-11-11,2124.090087890625,2139.070068359375,2139.070068359375,2119.070068359375,617300,8434.51953125,1.9259999990463257,12.729999542236328,1160.0799560546875
2019-11-12,2140.919921875,2131.260009765625,2140.93994140625,2121.800048828125,610400,8464.2802734375,1.9429999589920044,12.6899995803833,1158.5999755859375
2019-11-13,2122.449951171875,2132.47998046875,2133.3701171875,2118.669921875,664400,8486.08984375,1.909000039100647,12.680000305175781,1163.9000244140625
2019-11-14,2139.22998046875,2127.5400390625,2139.22998046875,2121.320068359375,521100,8482.099609375,1.8700000047683716,13.0,1164.949951171875
2019-11-15,2162.179931640625,2137.9599609375,2165.02001953125,2135.260009765625,556200,8479.01953125,1.815000057220459,13.050000190734863,1169.8599853515625
2019-11-18,2160.68994140625,2161.889892578125,2165.889892578125,2151.969970703125,489200,8479.01953125,1.815000057220459,13.050000190734863,1169.8599853515625
2019-11-19,2153.239990234375,2151.0400390625,2154.409912109375,2137.010009765625,826900,8549.9404296875,1.8079999685287476,12.460000038146973,1162.3299560546875
2019-11-20,2125.320068359375,2140.06005859375,2145.969970703125,2123.800048828125,581100,8570.66015625,1.7860000133514404,12.859999656677246,1165.68994140625
2019-11-21,2096.60009765625,2123.64990234375,2125.360107421875,2088.18994140625,579600,8526.73046875,1.7380000352859497,12.779999732971191,1165.8199462890625
2019-11-22,2101.9599609375,2098.889892578125,2106.419921875,2093.989990234375,519900,8506.2099609375,1.7719999551773071,13.130000114440918,1168.260009765625
2019-11-25,2123.5,2117.139892578125,2130.0400390625,2116.070068359375,397700,8506.2099609375,1.7719999551773071,13.130000114440918,1168.260009765625
2019-11-26,2121.35009765625,2129.27001953125,2139.639892578125,2120.85009765625,532600,8632.490234375,1.7640000581741333,11.869999885559082,1179.489990234375
2019-11-27,2127.85009765625,2134.469970703125,2136.300048828125,2118.070068359375,367800,8647.9296875,1.7400000095367432,11.539999961853027,1172.4100341796875
2019-11-28,2118.60009765625,2116.929931640625,2127.75,2116.580078125,335200,8705.1796875,1.7669999599456787,11.75,1172.5999755859375
2019-11-29,2087.9599609375,2125.530029296875,2125.530029296875,2085.10009765625,433300,8705.1796875,1.7669999599456787,11.75,1175.3599853515625
2019-12-02,2091.919921875,2097.550048828125,2103.8701171875,2088.919921875,385300,8705.1796875,1.7669999599456787,11.75,1175.3599853515625
2019-12-03,2084.070068359375,2075.02001953125,2085.7099609375,2066.60009765625,450000,8567.990234375,1.8359999656677246,14.90999984741211,1181.469970703125
2019-12-04,2068.889892578125,2070.840087890625,2072.909912109375,2057.449951171875,347000,8520.6396484375,1.7089999914169312,15.960000038146973,1183.7900390625
2019-12-05,2060.739990234375,2078.31005859375,2084.2900390625,2053.56005859375,472200,8566.669921875,1.781000018119812,14.800000190734863,1187.6300048828125
2019-12-06,2081.85009765625,2072.43994140625,2084.43994140625,2070.169921875,440200,8570.7001953125,1.7970000505447388,14.520000457763672,1189.4599609375
2019-12-09,2088.64990234375,2091.93994140625,2093.81005859375,2084.31005859375,393100,8570.7001953125,1.7970000505447388,14.520000457763672,1189.4599609375
2019-12-10,2098.0,2081.219970703125,2100.47998046875,2080.159912109375,500100,8621.830078125,1.8289999961853027,15.859999656677246,1186.1099853515625
2019-12-11,2105.6201171875,2098.280029296875,2109.219970703125,2092.47998046875,668700,8616.1796875,1.8329999446868896,15.680000305175781,1188.6800537109375
2019-12-12,2137.35009765625,2120.1298828125,2138.929931640625,2120.1298828125,584600,8654.0498046875,1.7899999618530273,14.989999771118164,1189.0699462890625
2019-12-13,2170.25,2164.6298828125,2170.25,2159.449951171875,540000,8717.3203125,1.8969999551773071,13.9399995803833,1187.9300537109375
2019-12-16,2168.14990234375,2168.050048828125,2175.010009765625,2166.2900390625,377100,8717.3203125,1.8969999551773071,13.9399995803833,1187.9300537109375
2019-12-17,2195.679931640625,2179.39990234375,2196.010009765625,2171.090087890625,599500,8814.23046875,1.8919999599456787,12.140000343322754,1172.530029296875
2019-12-18,2194.760009765625,2194.919921875,2204.0400390625,2187.320068359375,591100,8823.3603515625,1.8890000581741333,12.289999961853027,1167.4599609375
2019-12-19,2196.56005859375,2199.419921875,2204.72998046875,2186.590087890625,643100,8827.740234375,1.9240000247955322,12.579999923706055,1162.780029296875
2019-12-20,2204.179931640625,2205.570068359375,2206.820068359375,2194.800048828125,646700,8887.2197265625,1.9079999923706055,12.5,1164.3599853515625
2019-12-23,2203.7099609375,2208.219970703125,2209.199951171875,2196.429931640625,502000,8887.2197265625,1.9079999923706055,12.5,1164.3599853515625
2019-12-24,2190.080078125,2206.22998046875,2206.22998046875,2187.580078125,570000,8945.650390625,1.934999942779541,12.609999656677246,1159.300048828125
2019-12-26,2197.929931640625,2192.219970703125,2198.010009765625,2183.89990234375,571300,8945.650390625,1.934999942779541,12.609999656677246,1162.22998046875
2019-12-27,2204.2099609375,2183.699951171875,2215.550048828125,2177.39990234375,490200,9022.3896484375,1.9049999713897705,12.649999618530273,1159.75
2019-12-30,2197.669921875,2202.6201171875,2208.0400390625,2195.64990234375,416400,9022.3896484375,1.9049999713897705,12.649999618530273,1159.75
2020-01-02,2175.169921875,2201.2099609375,2202.320068359375,2171.840087890625,494700,9022.3896484375,1.9049999713897705,12.649999618530273,1153.75
2020-01-03,2176.4599609375,2192.580078125,2203.3798828125,2165.389892578125,631600,9092.1904296875,1.8819999694824219,12.470000267028809,1153.969970703125
2020-01-06,2155.070068359375,2154.969970703125,2164.419921875,2149.949951171875,592700,9092.1904296875,1.8819999694824219,12.470000267028809,1153.969970703125
2020-01-07,2175.5400390625,2166.60009765625,2181.6201171875,2164.27001953125,568200,9071.4697265625,1.8109999895095825,13.850000381469727,1165.8499755859375
2020-01-08,2151.31005859375,2156.27001953125,2162.320068359375,2137.719970703125,913800,9068.580078125,1.8270000219345093,13.789999961853027,1167.4200439453125
2020-01-09,2186.449951171875,2182.199951171875,2186.449951171875,2172.159912109375,592600,9129.240234375,1.8739999532699585,13.449999809265137,1166.4599609375
2020-01-10,2206.389892578125,2189.47998046875,2206.919921875,2188.10009765625,594500,9203.4296875,1.8580000400543213,12.539999961853027,1161.260009765625
2020-01-13,2229.260009765625,2204.489990234375,2230.429931640625,2204.489990234375,488300,9203.4296875,1.8580000400543213,12.539999961853027,1161.260009765625
2020-01-14,2238.8798828125,2243.06005859375,2250.7900390625,2232.93994140625,835900,9273.9296875,1.8480000495910645,12.319999694824219,1156.9300537109375
2020-01-15,2230.97998046875,2229.800048828125,2238.2099609375,2223.389892578125,746200,9251.330078125,1.8179999589920044,12.390000343322754,1153.93994140625
2020-01-16,2248.050048828125,2231.929931640625,2249.090087890625,2225.409912109375,808300,9258.7001953125,1.7879999876022339,12.420000076293945,1157.050048828125
2020-01-17,2250.570068359375,2261.570068359375,2268.7099609375,2245.580078125,580800,9357.1298828125,1.809000015258789,12.319999694824219,1156.780029296875
2020-01-20,2262.639892578125,2261.39990234375,2277.22998046875,2258.090087890625,545500,9357.1298828125,1.809000015258789,12.319999694824219,1156.780029296875
2020-01-21,2239.68994140625,2259.81005859375,2266.31005859375,2238.25,770300,9357.1298828125,1.809000015258789,12.319999694824219,1160.3599853515625
2020-01-22,2267.25,2238.530029296875,2269.27001953125,2235.1298828125,608500,9370.8095703125,1.7690000534057617,12.850000381469727,1157.5699462890625
2020-01-23,2246.1298828125,2254.5400390625,2260.6298828125,2241.93994140625,509600,9383.76953125,1.7690000534057617,12.90999984741211,1168.739990234375
2020-01-28,2176.719970703125,2192.219970703125,2199.929931640625,2166.22998046875,808500,9139.3095703125,1.6050000190734863,18.229999542236328,1169.1500244140625
2020-01-29,2185.280029296875,2188.179931640625,2195.449951171875,2172.330078125,692300,9269.6796875,1.6410000324249268,16.280000686645508,1176.72998046875
2020-01-30,2148.0,2181.5400390625,2187.449951171875,2139.719970703125,602700,9275.16015625,1.593999981880188,16.389999389648438,1174.280029296875
2020-01-31,2119.010009765625,2160.60009765625,2167.22998046875,2119.010009765625,710500,9298.9296875,1.5579999685287476,15.489999771118164,1178.0799560546875
2020-02-03,2118.8798828125,2086.610107421875,2126.72998046875,2082.739990234375,836700,9298.9296875,1.5579999685287476,15.489999771118164,1178.0799560546875
2020-02-04,2157.89990234375,2121.219970703125,2162.320068359375,2120.530029296875,624600,9273.400390625,1.5199999809265137,17.969999313354492,1194.8699951171875
2020-02-05,2165.6298828125,2177.260009765625,2181.52001953125,2154.8798828125,574400,9467.9697265625,1.6030000448226929,16.049999237060547,1189.3599853515625
2020-02-06,2227.93994140625,2184.77001953125,2229.989990234375,2182.25,695000,9508.6796875,1.6490000486373901,15.149999618530273,1182.47998046875
2020-02-07,2211.949951171875,2221.489990234375,2223.919921875,2198.139892578125,800200,9572.150390625,1.6440000534057617,14.960000038146973,1183.4599609375
2020-02-10,2201.070068359375,2185.6298828125,2203.389892578125,2180.510009765625,609600,9572.150390625,1.6440000534057617,14.960000038146973,1183.4599609375
2020-02-11,2223.1201171875,2213.5,2233.320068359375,2211.25,526000,9628.3896484375,1.5470000505447388,15.039999961853027,1191.0899658203125
2020-02-12,2238.3798828125,2225.949951171875,2242.239990234375,2214.77001953125,632500,9638.9404296875,1.590000033378601,15.180000305175781,1185.6300048828125
2020-02-13,2232.9599609375,2245.719970703125,2255.489990234375,2230.300048828125,638700,9725.9599609375,1.6299999952316284,13.739999771118164,1180.719970703125
2020-02-14,2243.590087890625,2232.7099609375,2251.5,2221.89990234375,597200,9711.9697265625,1.6169999837875366,14.149999618530273,1177.9599609375
2020-02-17,2242.169921875,2243.070068359375,2250.050048828125,2230.260009765625,458200,9711.9697265625,1.6169999837875366,14.149999618530273,1177.9599609375
2020-02-18,2208.8798828125,2225.97998046875,2232.929931640625,2205.2099609375,470400,9711.9697265625,1.6169999837875366,14.149999618530273,1182.1800537109375
2020-02-19,2210.340087890625,2222.510009765625,2226.0,2191.199951171875,590800,9732.740234375,1.555999994277954,14.829999923706055,1183.81005859375
2020-02-20,2195.5,2223.550048828125,2228.179931640625,2186.719970703125,709600,9817.1796875,1.5700000524520874,14.380000114440918,1189.9300537109375
2020-02-21,2162.840087890625,2165.64990234375,2184.429931640625,2160.280029296875,635500,9750.9697265625,1.524999976158142,15.5600004196167,1191.3699951171875
2020-02-24,2079.0400390625,2114.0400390625,2120.06005859375,2079.030029296875,948600,9750.9697265625,1.524999976158142,15.5600004196167,1191.3699951171875
2020-02-25,2103.610107421875,2075.550048828125,2105.489990234375,2071.5,1565600,9221.2802734375,1.3769999742507935,25.030000686645508,1205.77001953125
2020-02-26,2076.77001953125,2064.070068359375,2089.639892578125,2059.1298828125,810900,8965.6103515625,1.3300000429153442,27.850000381469727,1217.6500244140625
2020-02-27,2054.889892578125,2073.8701171875,2085.39990234375,2049.14990234375,562500,8980.7802734375,1.309999942779541,27.559999465942383,1214.550048828125
2020-02-28,1987.010009765625,2020.1700439453125,2031.010009765625,1980.8199462890625,671600,8566.48046875,1.2990000247955322,39.15999984741211,1211.3599853515625
2020-03-02,2002.510009765625,1997.030029296875,2017.0699462890625,1969.3399658203125,528100,8566.48046875,1.2990000247955322,39.15999984741211,1211.3599853515625
2020-03-03,2014.1500244140625,2051.85009765625,2051.85009765625,2009.3900146484375,615700,8952.169921875,1.0880000591278076,33.41999816894531,1200.0999755859375
2020-03-04,2059.330078125,2005.81005859375,2063.590087890625,2005.81005859375,606300,8684.08984375,1.0099999904632568,36.81999969482422,1188.280029296875
2020-03-05,2085.260009765625,2078.110107421875,2089.080078125,2059.989990234375,675200,9018.08984375,0.9919999837875366,31.989999771118164,1186.3399658203125
2020-03-06,2040.219970703125,2053.090087890625,2062.570068359375,2032.1300048828125,865600,8738.58984375,0.9259999990463257,39.619998931884766,1183.6800537109375
2020-03-09,1954.77001953125,1981.02001953125,1989.5,1946.9000244140625,666900,8738.58984375,0.9259999990463257,39.619998931884766,1183.6800537109375
2020-03-10,1962.9300537109375,1942.8499755859375,1968.1700439453125,1934.719970703125,638600,7950.68017578125,0.49900001287460327,54.459999084472656,1187.699951171875
2020-03-11,1908.27001953125,1965.6700439453125,1967.699951171875,1898.27001953125,679700,8344.25,0.7480000257492065,47.29999923706055,1199.9599609375
2020-03-12,1834.3299560546875,1887.969970703125,1897.22998046875,1808.56005859375,850300,7952.0498046875,0.8199999928474426,53.900001525878906,1184.699951171875
2020-03-13,1771.43994140625,1722.6800537109375,1809.31005859375,1680.5999755859375,1035300,7201.7998046875,0.8489999771118164,75.47000122070312,1189.3900146484375
2020-03-16,1714.8599853515625,1805.4300537109375,1805.4300537109375,1714.3800048828125,682000,7201.7998046875,0.8489999771118164,75.47000122070312,1189.3900146484375
2020-03-17,1672.43994140625,1640.8399658203125,1722.969970703125,1637.8800048828125,649800,6904.58984375,0.7279999852180481,82.69000244140625,1210.800048828125
2020-03-18,1591.199951171875,1686.1199951171875,1693.949951171875,1591.1199951171875,728000,7334.77978515625,0.996999979019165,75.91000366210938,1232.0400390625
2020-03-19,1457.6400146484375,1626.0899658203125,1626.0899658203125,1439.4300537109375,977700,6989.83984375,1.2660000324249268,76.44999694824219,1237.989990234375
2020-03-20,1566.1500244140625,1498.489990234375,1566.8199462890625,1466.47998046875,817000,7150.580078125,1.11899995803833,72.0,1255.3499755859375
2020-03-23,1482.4599609375,1474.449951171875,1516.75,1458.4100341796875,647200,7150.580078125,1.11899995803833,72.0,1255.3499755859375
2020-03-24,1609.969970703125,1523.68994140625,1609.969970703125,1508.6800537109375,679300,6860.669921875,0.7639999985694885,61.59000015258789,1253.949951171875
2020-03-25,1704.760009765625,1668.18994140625,1707.6400146484375,1645.280029296875,872800,7417.85986328125,0.8159999847412109,61.66999816894531,1262.9300537109375
2020-03-26,1686.239990234375,1699.1099853515625,1735.75,1679.22998046875,992500,7384.2998046875,0.8579999804496765,63.95000076293945,1228.5999755859375
2020-03-27,1717.72998046875,1756.0699462890625,1759.050048828125,1668.2099609375,1077500,7797.5400390625,0.8109999895095825,61.0,1231.0799560546875
2020-03-30,1717.1199951171875,1670.3399658203125,1729.6300048828125,1659.949951171875,767800,7797.5400390625,0.8109999895095825,61.0,1231.0799560546875
2020-03-31,1754.6400146484375,1739.2900390625,1757.81005859375,1722.6199951171875,1037500,7774.14990234375,0.6700000166893005,57.08000183105469,1211.6300048828125
2020-04-01,1685.4599609375,1737.280029296875,1762.43994140625,1685.3699951171875,1243600,7700.10009765625,0.6980000138282776,53.540000915527344,1222.699951171875
2020-04-02,1724.8599853515625,1693.530029296875,1726.760009765625,1664.1300048828125,766300,7360.580078125,0.6349999904632568,57.060001373291016,1216.6600341796875
2020-04-03,1725.43994140625,1731.1700439453125,1743.9100341796875,1706.6800537109375,1000100,7487.31005859375,0.6269999742507935,50.90999984741211,1234.72998046875
2020-04-06,1791.8800048828125,1745.25,1794.18994140625,1742.6700439453125,1219400,7487.31005859375,0.6269999742507935,50.90999984741211,1234.72998046875
2020-04-07,1823.5999755859375,1826.719970703125,1838.969970703125,1791.9200439453125,951400,7913.240234375,0.6759999990463257,45.2400016784668,1235.800048828125
2020-04-08,1807.1400146484375,1815.75,1842.1600341796875,1801.800048828125,907500,7887.259765625,0.7360000014305115,46.70000076293945,1223.0999755859375
2020-04-09,1836.2099609375,1838.0899658203125,1839.3299560546875,1818.300048828125,920600,8090.89990234375,0.7639999985694885,43.349998474121094,1215.31005859375
2020-04-10,1860.699951171875,1835.760009765625,1861.0999755859375,1824.4300537109375,992500,8153.580078125,0.7289999723434448,41.66999816894531,1214.75
2020-04-13,1825.760009765625,1853.300048828125,1853.300048828125,1825.760009765625,1017800,8153.580078125,0.7289999723434448,41.66999816894531,1214.75
2020-04-14,1857.0799560546875,1846.4100341796875,1864.4599609375,1837.1700439453125,886800,8192.419921875,0.7490000128746033,41.16999816894531,1211.0400390625
2020-04-16,1857.0699462890625,1839.510009765625,1862.22998046875,1828.1300048828125,878300,8393.1796875,0.6380000114440918,40.84000015258789,1212.3800048828125
2020-04-17,1914.530029296875,1893.31005859375,1926.02001953125,1893.18994140625,1667500,8532.3603515625,0.609000027179718,40.11000061035156,1222.550048828125
2020-04-20,1898.3599853515625,1908.3399658203125,1925.25,1893.1700439453125,1087500,8532.3603515625,0.609000027179718,40.11000061035156,1222.550048828125
2020-04-21,1879.3800048828125,1886.780029296875,1898.3199462890625,1841.6600341796875,1174300,8560.73046875,0.6259999871253967,43.83000183105469,1215.260009765625
2020-04-22,1896.1500244140625,1855.510009765625,1897.9000244140625,1844.8499755859375,820400,8263.23046875,0.5709999799728394,45.40999984741211,1218.0999755859375
2020-04-23,1914.72998046875,1907.449951171875,1923.530029296875,1895.97998046875,683700,8495.3798828125,0.6190000176429749,41.97999954223633,1230.8499755859375
2020-04-24,1889.010009765625,1906.0699462890625,1908.2900390625,1880.7099609375,933900,8494.75,0.6129999756813049,41.380001068115234,1231.3800048828125
2020-04-27,1922.77001953125,1897.06005859375,1929.8199462890625,1894.6199951171875,735700,8494.75,0.6129999756813049,41.380001068115234,1231.3800048828125
2020-04-28,1934.0899658203125,1931.25,1941.7900390625,1911.6300048828125,1173500,8730.16015625,0.656000018119812,33.290000915527344,1229.5
2020-04-29,1947.56005859375,1936.8900146484375,1957.510009765625,1934.31005859375,1984200,8607.73046875,0.6100000143051147,33.56999969482422,1220.8699951171875
2020-05-04,1895.3699951171875,1906.4200439453125,1918.6600341796875,1894.2900390625,1146900,8607.73046875,0.6100000143051147,33.56999969482422,1220.8699951171875
2020-05-06,1928.760009765625,1919.449951171875,1928.760009765625,1905.550048828125,1082200,8809.1201171875,0.6570000052452087,33.61000061035156,1222.449951171875
2020-05-07,1928.6099853515625,1922.0,1938.5,1918.5699462890625,775700,8854.3896484375,0.7110000252723694,34.119998931884766,1221.25
2020-05-08,1945.8199462890625,1944.93994140625,1956.8900146484375,1942.5400390625,784500,8979.66015625,0.6309999823570251,31.440000534057617,1228.530029296875
2020-05-11,1935.4000244140625,1953.510009765625,1960.4599609375,1932.8699951171875,591100,8979.66015625,0.6309999823570251,31.440000534057617,1228.530029296875
2020-05-12,1922.1700439453125,1938.6199951171875,1938.6199951171875,1905.1700439453125,799900,9192.33984375,0.7260000109672546,27.56999969482422,1218.699951171875
2020-05-13,1940.4200439453125,1897.5,1940.4200439453125,1897.239990234375,618800,9002.5498046875,0.6779999732971191,33.040000915527344,1222.4000244140625
2020-05-14,1924.9599609375,1922.43994140625,1931.4300537109375,1913.489990234375,760600,8863.169921875,0.6489999890327454,35.279998779296875,1225.6500244140625
2020-05-15,1927.280029296875,1937.6300048828125,1938.5899658203125,1913.2099609375,866400,8943.7197265625,0.6190000176429749,32.61000061035156,1226.550048828125
2020-05-18,1937.1099853515625,1934.510009765625,1943.0699462890625,1921.1400146484375,761700,8943.7197265625,0.6190000176429749,32.61000061035156,1226.550048828125
2020-05-19,1980.6099853515625,1977.469970703125,1983.77001953125,1968.5899658203125,773400,9234.830078125,0.7440000176429749,29.299999237060547,1232.0899658203125
2020-05-20,1989.6400146484375,1972.1199951171875,1992.199951171875,1972.1199951171875,699400,9185.099609375,0.7110000252723694,30.530000686645508,1224.199951171875
2020-05-21,1998.31005859375,2003.199951171875,2004.949951171875,1993.0,600900,9375.7802734375,0.6800000071525574,27.989999771118164,1224.3199462890625
2020-05-22,1970.1300048828125,2001.5999755859375,2002.6500244140625,1961.4000244140625,847500,9284.8798828125,0.6769999861717224,29.530000686645508,1226.550048828125
2020-05-25,1994.5999755859375,1980.510009765625,1994.9000244140625,1967.8399658203125,641500,9284.8798828125,0.6769999861717224,29.530000686645508,1226.550048828125
2020-05-26,2029.780029296875,2001.0,2029.8900146484375,1997.93994140625,1017800,9284.8798828125,0.6769999861717224,29.530000686645508,1239.550048828125
2020-05-27,2031.199951171875,2027.9000244140625,2043.43994140625,2019.8199462890625,1178800,9340.2197265625,0.6980000138282776,28.010000228881836,1240.02001953125
2020-05-28,2028.5400390625,2047.0799560546875,2054.52001953125,2003.75,1172100,9412.3603515625,0.6800000071525574,27.6200008392334,1230.8699951171875
2020-05-29,2029.5999755859375,2018.3699951171875,2038.8900146484375,2006.6199951171875,1086200,9368.990234375,0.7049999833106995,28.59000015258789,1238.300048828125
2020-06-01,2065.080078125,2037.0400390625,2065.3798828125,2035.6300048828125,997300,9368.990234375,0.7049999833106995,28.59000015258789,1238.300048828125
2020-06-02,2087.18994140625,2061.449951171875,2089.429931640625,2059.139892578125,1000300,9552.0498046875,0.6620000004768372,28.229999542236328,1230.469970703125
2020-06-03,2147.0,2108.550048828125,2156.550048828125,2107.68994140625,1152000,9608.3798828125,0.6800000071525574,26.84000015258789,1222.989990234375
2020-06-04,2151.179931640625,2181.639892578125,2191.0,2139.679931640625,1393300,9682.91015625,0.7609999775886536,25.65999984741211,1219.1400146484375
2020-06-05,2181.8701171875,2151.169921875,2187.25,2138.179931640625,854600,9615.8095703125,0.8199999928474426,25.809999465942383,1215.8199462890625
2020-06-08,2184.2900390625,2215.60009765625,2217.2099609375,2174.9599609375,854000,9615.8095703125,0.8199999928474426,25.809999465942383,1215.8199462890625
2020-06-09,2188.919921875,2206.22998046875,2212.169921875,2166.010009765625,817100,9924.75,0.8840000033378601,25.809999465942383,1201.1099853515625
2020-06-10,2195.68994140625,2187.909912109375,2200.679931640625,2178.1201171875,706300,9953.75,0.8289999961853027,27.56999969482422,1195.72998046875
2020-06-11,2176.780029296875,2184.360107421875,2200.719970703125,2148.510009765625,827400,10020.349609375,0.7480000257492065,27.56999969482422,1197.300048828125
2020-06-12,2132.300048828125,2088.239990234375,2137.1201171875,2084.6298828125,689900,9492.73046875,0.652999997138977,40.790000915527344,1189.739990234375
2020-06-15,2030.8199462890625,2114.409912109375,2129.669921875,2030.8199462890625,1071600,9492.73046875,0.652999997138977,40.790000915527344,1189.739990234375
2020-06-16,2138.050048828125,2091.090087890625,2138.080078125,2079.02001953125,973300,9726.01953125,0.7020000219345093,34.400001525878906,1202.6099853515625
2020-06-17,2141.050048828125,2133.179931640625,2154.3701171875,2105.260009765625,927200,9895.8701171875,0.7559999823570251,33.66999816894531,1206.9000244140625
2020-06-18,2133.47998046875,2134.35009765625,2145.1298828125,2120.2900390625,767100,9910.5302734375,0.7329999804496765,33.470001220703125,1211.1500244140625
2020-06-19,2141.320068359375,2153.090087890625,2153.570068359375,2108.909912109375,1079300,9943.0498046875,0.6940000057220459,32.939998626708984,1214.3499755859375
2020-06-22,2126.72998046875,2126.3798828125,2142.8798828125,2122.10009765625,789400,9943.0498046875,0.6940000057220459,32.939998626708984,1214.3499755859375
2020-06-23,2131.239990234375,2149.1298828125,2158.14990234375,2110.510009765625,917600,10056.48046875,0.7039999961853027,31.770000457763672,1210.8900146484375
2020-06-24,2161.510009765625,2145.929931640625,2171.860107421875,2143.909912109375,913900,10131.3701171875,0.7089999914169312,31.3700008392334,1208.0
2020-06-25,2112.3701171875,2130.449951171875,2143.330078125,2112.3701171875,1017700,9909.169921875,0.6840000152587891,33.84000015258789,1207.949951171875
2020-06-26,2134.64990234375,2137.469970703125,2142.0400390625,2115.25,761000,10017.0,0.6740000247955322,32.220001220703125,1205.25
2020-06-29,2093.47998046875,2105.5400390625,2120.5,2087.840087890625,643200,10017.0,0.6740000247955322,32.220001220703125,1205.25
2020-06-30,2108.330078125,2124.3798828125,2134.3798828125,2108.260009765625,708600,9874.150390625,0.6359999775886536,31.780000686645508,1202.6300048828125
2020-07-01,2106.699951171875,2128.81005859375,2133.550048828125,2101.330078125,1116200,10058.76953125,0.652999997138977,30.43000030517578,1198.489990234375
2020-07-02,2135.3701171875,2116.719970703125,2135.3701171875,2113.97998046875,1092000,10154.6298828125,0.6819999814033508,28.6200008392334,1198.3900146484375
2020-07-03,2152.409912109375,2147.889892578125,2153.5400390625,2135.300048828125,770100,10207.6298828125,0.6690000295639038,27.68000030517578,1200.699951171875
2020-07-06,2187.929931640625,2158.949951171875,2191.280029296875,2157.7099609375,666900,10207.6298828125,0.6690000295639038,27.68000030517578,1200.699951171875
2020-07-07,2164.169921875,2202.0400390625,2206.7900390625,2164.030029296875,847400,10433.650390625,0.6840000152587891,27.940000534057617,1198.5
2020-07-08,2158.8798828125,2166.760009765625,2173.830078125,2150.889892578125,677800,10343.8896484375,0.6499999761581421,29.43000030517578,1190.9300537109375
2020-07-09,2167.89990234375,2171.14990234375,2181.47998046875,2166.739990234375,619400,10492.5,0.652999997138977,28.079999923706055,1195.699951171875
2020-07-10,2150.25,2171.43994140625,2171.52001953125,2140.2900390625,887000,10547.75,0.6050000190734863,29.260000228881836,1192.02001953125
2020-07-13,2186.06005859375,2170.510009765625,2188.800048828125,2163.070068359375,650200,10547.75,0.6050000190734863,29.260000228881836,1192.02001953125
2020-07-14,2183.610107421875,2176.429931640625,2183.610107421875,2165.60009765625,811000,10390.83984375,0.6399999856948853,32.189998626708984,1199.52001953125
2020-07-15,2201.8798828125,2208.72998046875,2216.969970703125,2190.659912109375,830300,10488.580078125,0.6150000095367432,29.520000457763672,1203.780029296875
2020-07-16,2183.760009765625,2203.300048828125,2207.340087890625,2177.820068359375,784600,10550.490234375,0.6299999952316284,27.760000228881836,1203.97998046875
2020-07-17,2201.18994140625,2187.85009765625,2204.199951171875,2187.85009765625,569300,10473.830078125,0.6119999885559082,28.0,1200.469970703125
2020-07-20,2198.199951171875,2209.590087890625,2209.590087890625,2183.830078125,686800,10473.830078125,0.6119999885559082,28.0,1200.469970703125
2020-07-21,2228.830078125,2219.18994140625,2234.860107421875,2214.280029296875,918500,10767.08984375,0.6200000047683716,24.459999084472656,1202.530029296875
2020-07-22,2228.659912109375,2228.199951171875,2238.860107421875,2221.6201171875,856200,10680.3603515625,0.6069999933242798,24.84000015258789,1200.030029296875
2020-07-23,2216.18994140625,2227.239990234375,2227.239990234375,2202.989990234375,934400,10706.1298828125,0.5950000286102295,24.31999969482422,1192.739990234375
2020-07-24,2200.43994140625,2196.72998046875,2219.570068359375,2195.489990234375,1001000,10461.419921875,0.5820000171661377,26.079999923706055,1197.22998046875
2020-07-27,2217.860107421875,2203.47998046875,2231.25,2203.47998046875,928600,10461.419921875,0.5820000171661377,26.079999923706055,1197.22998046875
2020-07-28,2256.989990234375,2238.18994140625,2266.0,2237.2099609375,866700,10536.26953125,0.609000027179718,24.739999771118164,1200.489990234375
2020-07-29,2263.159912109375,2258.35009765625,2276.7900390625,2252.239990234375,899300,10402.08984375,0.5809999704360962,25.440000534057617,1195.9200439453125
2020-07-30,2267.010009765625,2275.330078125,2281.330078125,2263.81005859375,712900,10542.9404296875,0.5789999961853027,24.100000381469727,1199.3699951171875
2020-07-31,2249.3701171875,2278.530029296875,2281.409912109375,2248.489990234375,739700,10587.8095703125,0.5410000085830688,24.760000228881836,1190.72998046875
2020-08-03,2251.0400390625,2251.64990234375,2254.3798828125,2237.0400390625,648500,10587.8095703125,0.5410000085830688,24.760000228881836,1190.72998046875
2020-08-04,2279.969970703125,2272.330078125,2284.659912109375,2269.68994140625,722800,10902.7998046875,0.5630000233650208,24.280000686645508,1193.3900146484375
2020-08-05,2311.860107421875,2289.22998046875,2312.139892578125,2283.949951171875,841200,10941.169921875,0.5149999856948853,23.760000228881836,1191.760009765625
2020-08-06,2342.610107421875,2322.639892578125,2352.47998046875,2322.639892578125,797000,10998.400390625,0.5429999828338623,22.989999771118164,1192.25
2020-08-07,2351.669921875,2349.25,2362.239990234375,2333.6201171875,812600,11108.0703125,0.5360000133514404,22.649999618530273,1185.1800537109375
2020-08-10,2386.3798828125,2353.919921875,2390.510009765625,2349.330078125,784400,11108.0703125,0.5360000133514404,22.649999618530273,1185.1800537109375
2020-08-11,2418.669921875,2396.110107421875,2429.360107421875,2396.110107421875,843400,10968.3603515625,0.5740000009536743,22.1299991607666,1188.1500244140625
2020-08-12,2432.35009765625,2414.780029296875,2432.85009765625,2393.27001953125,752900,10782.8203125,0.6579999923706055,24.030000686645508,1185.18994140625
2020-08-13,2437.530029296875,2455.280029296875,2458.169921875,2412.489990234375,907200,11012.240234375,0.6700000166893005,22.280000686645508,1184.97998046875
2020-08-14,2407.489990234375,2427.85009765625,2435.0,2383.68994140625,968100,11042.5,0.7160000205039978,22.1299991607666,1182.75
2020-08-18,2348.239990234375,2405.840087890625,2419.64990234375,2336.780029296875,909800,11129.73046875,0.6830000281333923,21.350000381469727,1186.0400390625
2020-08-19,2360.5400390625,2370.8701171875,2380.10009765625,2353.169921875,638000,11210.83984375,0.6690000295639038,21.510000228881836,1183.0999755859375
2020-08-20,2274.219970703125,2339.909912109375,2357.080078125,2270.85009765625,903700,11146.4599609375,0.675000011920929,22.540000915527344,1183.6400146484375
2020-08-21,2304.590087890625,2306.159912109375,2329.340087890625,2280.969970703125,865700,11264.9501953125,0.6439999938011169,22.719999313354492,1181.2099609375
2020-08-24,2329.830078125,2309.3798828125,2332.330078125,2283.47998046875,649300,11264.9501953125,0.6439999938011169,22.719999313354492,1181.2099609375
2020-08-25,2366.72998046875,2352.14990234375,2369.780029296875,2340.969970703125,771600,11379.7197265625,0.6460000276565552,22.3700008392334,1191.199951171875
2020-08-26,2369.320068359375,2367.739990234375,2374.679931640625,2336.97998046875,956500,11466.4697265625,0.6819999814033508,22.030000686645508,1188.25
2020-08-27,2344.449951171875,2371.949951171875,2373.360107421875,2344.3798828125,913700,11665.0595703125,0.6869999766349792,23.270000457763672,1186.4599609375
2020-08-28,2353.800048828125,2362.219970703125,2379.260009765625,2345.280029296875,1297300,11625.33984375,0.7459999918937683,24.469999313354492,1183.8499755859375
2020-08-31,2326.169921875,2377.090087890625,2381.5,2326.06005859375,1647800,11625.33984375,0.7459999918937683,24.469999313354492,1183.8499755859375
2020-09-01,2349.550048828125,2340.18994140625,2355.89990234375,2331.22998046875,1085200,11775.4599609375,0.6930000185966492,26.40999984741211,1179.5899658203125
2020-09-02,2364.3701171875,2363.429931640625,2369.570068359375,2341.2900390625,1429300,11939.669921875,0.671999990940094,26.1200008392334,1187.0400390625
2020-09-03,2395.89990234375,2383.260009765625,2401.780029296875,2382.22998046875,981500,12056.4404296875,0.6510000228881836,26.56999969482422,1184.9200439453125
2020-09-04,2368.25,2332.679931640625,2371.02001953125,2332.679931640625,1351000,11458.099609375,0.621999979019165,33.599998474121094,1188.6500244140625
2020-09-07,2384.219970703125,2369.85009765625,2387.489990234375,2362.419921875,1197400,11458.099609375,0.621999979019165,33.599998474121094,1188.6500244140625
2020-09-08,2401.909912109375,2402.659912109375,2407.56005859375,2391.429931640625,979400,11458.099609375,0.621999979019165,33.599998474121094,1186.4200439453125
2020-09-09,2375.81005859375,2372.530029296875,2388.85009765625,2369.1201171875,946200,10847.6904296875,0.6840000152587891,31.459999084472656,1186.81005859375
2020-09-10,2396.47998046875,2404.830078125,2406.679931640625,2388.56005859375,1064600,11141.5595703125,0.703000009059906,28.809999465942383,1189.239990234375
2020-09-11,2396.68994140625,2389.760009765625,2397.56005859375,2374.0,882900,10919.58984375,0.6850000023841858,29.709999084472656,1184.3800048828125
2020-09-14,2427.909912109375,2418.330078125,2429.070068359375,2410.7900390625,963100,10919.58984375,0.6850000023841858,29.709999084472656,1184.3800048828125
2020-09-15,2443.580078125,2434.590087890625,2444.570068359375,2423.7900390625,850000,11056.650390625,0.6710000038146973,25.850000381469727,1186.969970703125
2020-09-16,2435.919921875,2442.719970703125,2450.530029296875,2429.93994140625,772900,11190.3203125,0.6790000200271606,25.59000015258789,1180.8399658203125
2020-09-17,2406.169921875,2430.77001953125,2437.02001953125,2398.68994140625,853700,11050.4697265625,0.6869999766349792,26.040000915527344,1179.25
2020-09-18,2412.39990234375,2413.530029296875,2417.81005859375,2396.330078125,756500,10910.2802734375,0.6840000152587891,26.459999084472656,1172.0699462890625
2020-09-21,2389.389892578125,2412.43994140625,2427.169921875,2379.3798828125,1042000,10910.2802734375,0.6840000152587891,26.459999084472656,1172.0699462890625
2020-09-22,2332.590087890625,2388.139892578125,2388.489990234375,2323.580078125,1051000,10778.7998046875,0.6710000038146973,27.780000686645508,1163.989990234375
2020-09-23,2333.239990234375,2352.56005859375,2354.4599609375,2287.43994140625,735000,10963.6396484375,0.6639999747276306,26.860000610351562,1163.8499755859375
2020-09-24,2272.699951171875,2295.6201171875,2309.739990234375,2268.8798828125,714900,10632.990234375,0.6759999990463257,28.579999923706055,1162.5
2020-09-25,2278.7900390625,2295.18994140625,2296.360107421875,2267.6298828125,698000,10672.26953125,0.6660000085830688,28.510000228881836,1169.72998046875
2020-09-28,2308.080078125,2301.159912109375,2314.81005859375,2291.320068359375,606000,10672.26953125,0.6660000085830688,28.510000228881836,1169.72998046875
2020-09-29,2327.889892578125,2331.510009765625,2339.830078125,2320.0400390625,646200,11117.5302734375,0.6629999876022339,26.190000534057617,1173.43994140625
2020-10-05,2358.0,2330.550048828125,2364.72998046875,2327.830078125,763600,11117.5302734375,0.6629999876022339,26.190000534057617,1173.43994140625
2020-10-06,2365.89990234375,2369.169921875,2378.280029296875,2355.389892578125,861800,11332.490234375,0.7620000243186951,27.959999084472656,1165.3599853515625
2020-10-07,2386.93994140625,2350.820068359375,2387.449951171875,2347.820068359375,735800,11154.599609375,0.7419999837875366,29.479999542236328,1156.0899658203125
2020-10-08,2391.9599609375,2408.489990234375,2409.010009765625,2383.820068359375,961700,11364.599609375,0.7850000262260437,28.059999465942383,1163.8900146484375
2020-10-12,2403.72998046875,2404.179931640625,2409.419921875,2393.739990234375,843600,11364.599609375,0.7850000262260437,28.059999465942383,1163.8900146484375
2020-10-13,2403.14990234375,2416.85009765625,2418.889892578125,2385.8701171875,724900,11876.259765625,0.7770000100135803,25.06999969482422,1142.6500244140625
2020-10-14,2380.47998046875,2403.739990234375,2405.56005859375,2375.5400390625,901200,11863.900390625,0.7269999980926514,26.06999969482422,1146.4000244140625
2020-10-15,2361.2099609375,2375.909912109375,2376.72998046875,2348.739990234375,1165500,11768.73046875,0.722000002861023,26.399999618530273,1147.8900146484375
2020-10-16,2341.530029296875,2363.8798828125,2370.72998046875,2325.030029296875,920200,11713.8701171875,0.7310000061988831,26.969999313354492,1146.31005859375
2020-10-19,2346.739990234375,2352.919921875,2364.25,2344.77001953125,930800,11713.8701171875,0.7310000061988831,26.969999313354492,1146.31005859375
2020-10-20,2358.409912109375,2333.56005859375,2358.409912109375,2322.06005859375,870300,11478.8798828125,0.7609999775886536,29.18000030517578,1141.1800537109375
2020-10-21,2370.860107421875,2363.030029296875,2371.739990234375,2356.320068359375,810400,11516.490234375,0.796999990940094,29.350000381469727,1137.0
2020-10-22,2355.050048828125,2355.610107421875,2360.219970703125,2339.72998046875,814000,11484.6904296875,0.8159999847412109,28.649999618530273,1136.0
2020-10-23,2360.81005859375,2364.840087890625,2368.570068359375,2344.489990234375,890400,11506.009765625,0.8479999899864197,28.110000610351562,1132.030029296875
2020-10-26,2343.909912109375,2366.5,2374.5,2342.580078125,822300,11506.009765625,0.8479999899864197,28.110000610351562,1132.030029296875
2020-10-27,2330.840087890625,2328.659912109375,2349.330078125,2321.22998046875,666900,11358.9404296875,0.8009999990463257,32.459999084472656,1127.760009765625
2020-10-28,2345.260009765625,2324.179931640625,2345.4599609375,2316.469970703125,705200,11431.349609375,0.777999997138977,33.349998474121094,1131.6400146484375
2020-10-29,2326.669921875,2312.340087890625,2330.169921875,2299.909912109375,509100,11004.8701171875,0.781000018119812,40.279998779296875,1128.22998046875
2020-10-30,2267.14990234375,2319.56005859375,2320.199951171875,2266.929931640625,795600,11185.58984375,0.8349999785423279,37.59000015258789,1134.1800537109375
2020-11-02,2300.159912109375,2276.610107421875,2302.639892578125,2267.949951171875,678500,11185.58984375,0.8349999785423279,37.59000015258789,1134.1800537109375
2020-11-03,2343.31005859375,2315.81005859375,2344.77001953125,2315.300048828125,887400,10957.6103515625,0.8489999771118164,37.130001068115234,1135.6099853515625
2020-11-04,2357.320068359375,2361.320068359375,2371.139892578125,2339.949951171875,986800,11160.5703125,0.8820000290870667,35.54999923706055,1132.1400146484375
2020-11-05,2413.7900390625,2373.409912109375,2413.7900390625,2370.85009765625,702000,11590.7802734375,0.7680000066757202,29.56999969482422,1130.3299560546875
2020-11-06,2416.5,2421.7900390625,2431.110107421875,2404.969970703125,825600,11890.9296875,0.7760000228881836,27.579999923706055,1129.739990234375
2020-11-09,2447.199951171875,2438.6298828125,2459.14990234375,2434.52001953125,1354900,11890.9296875,0.7760000228881836,27.579999923706055,1129.739990234375
2020-11-10,2452.830078125,2453.949951171875,2457.93994140625,2435.590087890625,1464200,11713.7802734375,0.9580000042915344,25.75,1121.1500244140625
2020-11-11,2485.8701171875,2459.5,2488.0400390625,2459.5,1272000,11553.8603515625,0.972000002861023,24.799999237060547,1118.68994140625
2020-11-12,2475.6201171875,2482.679931640625,2488.7900390625,2467.0400390625,1278100,11786.4296875,0.9580000042915344,23.450000762939453,1116.0799560546875
2020-11-13,2493.8701171875,2470.1201171875,2495.77001953125,2460.9599609375,1072400,11709.58984375,0.8849999904632568,25.350000381469727,1111.449951171875
2020-11-16,2543.030029296875,2507.4599609375,2546.3701171875,2507.4599609375,1239100,11709.58984375,0.8849999904632568,25.350000381469727,1111.449951171875
2020-11-17,2539.14990234375,2544.1201171875,2556.090087890625,2533.340087890625,1266400,11924.1298828125,0.906000018119812,22.450000762939453,1107.760009765625
2020-11-18,2545.639892578125,2548.85009765625,2553.949951171875,2536.780029296875,923500,11899.33984375,0.871999979019165,22.709999084472656,1106.0899658203125
2020-11-19,2547.419921875,2536.889892578125,2548.949951171875,2529.530029296875,976500,11801.599609375,0.8820000290870667,23.84000015258789,1104.949951171875
2020-11-20,2553.5,2544.06005859375,2558.2099609375,2539.7900390625,1128900,11904.7099609375,0.8539999723434448,23.110000610351562,1105.9000244140625
2020-11-23,2602.590087890625,2560.0400390625,2605.580078125,2553.699951171875,1648900,11904.7099609375,0.8539999723434448,23.110000610351562,1105.9000244140625
2020-11-24,2617.760009765625,2616.280029296875,2628.52001953125,2605.030029296875,1364500,11880.6298828125,0.8569999933242798,22.65999984741211,1113.8299560546875
2020-11-25,2601.5400390625,2637.340087890625,2642.260009765625,2583.409912109375,1410100,12036.7900390625,0.8820000290870667,21.639999389648438,1113.0799560546875
2020-11-26,2625.909912109375,2605.72998046875,2625.969970703125,2592.429931640625,1387400,12094.400390625,0.878000020980835,21.25,1109.7099609375
2020-11-27,2633.449951171875,2624.800048828125,2635.0,2618.469970703125,1196000,12094.400390625,0.878000020980835,21.25,1104.489990234375
2020-11-30,2591.340087890625,2648.050048828125,2648.659912109375,2591.340087890625,1311800,12094.400390625,0.878000020980835,21.25,1104.489990234375
2020-12-01,2634.25,2613.419921875,2638.8701171875,2611.669921875,1150300,12198.740234375,0.843999981880188,20.56999969482422,1104.3299560546875
2020-12-02,2675.89990234375,2645.8798828125,2677.260009765625,2644.530029296875,1076200,12355.1103515625,0.9340000152587891,20.770000457763672,1108.510009765625
2020-12-03,2696.219970703125,2686.3798828125,2696.219970703125,2672.85009765625,817100,12349.3701171875,0.9480000138282776,21.170000076293945,1106.280029296875
2020-12-04,2731.449951171875,2705.340087890625,2742.77001953125,2705.340087890625,1778900,12377.1796875,0.9200000166893005,21.280000686645508,1099.3800048828125
2020-12-07,2745.43994140625,2738.110107421875,2754.010009765625,2711.419921875,1499300,12377.1796875,0.9200000166893005,21.280000686645508,1099.3800048828125
2020-12-08,2700.929931640625,2745.1298828125,2747.449951171875,2700.919921875,1414300,12519.9501953125,0.9279999732971191,21.299999237060547,1083.780029296875
2020-12-09,2755.469970703125,2703.300048828125,2755.469970703125,2703.300048828125,1252300,12582.76953125,0.9129999876022339,20.68000030517578,1083.6800537109375
2020-12-10,2746.4599609375,2750.340087890625,2765.4599609375,2718.699951171875,1227700,12338.9501953125,0.9409999847412109,22.270000457763672,1084.8599853515625
2020-12-11,2770.06005859375,2754.159912109375,2781.0400390625,2754.159912109375,1215200,12405.8095703125,0.9079999923706055,22.520000457763672,1086.3599853515625
2020-12-14,2762.199951171875,2769.429931640625,2782.7900390625,2755.2900390625,1113600,12405.8095703125,0.9079999923706055,22.520000457763672,1086.3599853515625
2020-12-15,2756.820068359375,2763.64990234375,2769.3701171875,2735.080078125,1092700,12440.0400390625,0.8920000195503235,24.719999313354492,1091.5799560546875
2020-12-16,2771.7900390625,2763.639892578125,2781.080078125,2761.5,1166600,12595.0595703125,0.9229999780654907,22.889999389648438,1092.06005859375
2020-12-17,2770.429931640625,2769.889892578125,2772.7099609375,2742.25,1015500,12658.1904296875,0.9200000166893005,22.5,1088.2099609375
2020-12-18,2772.179931640625,2770.949951171875,2782.14990234375,2762.800048828125,1058300,12764.75,0.9300000071525574,21.93000030517578,1091.6500244140625
2020-12-21,2778.64990234375,2771.97998046875,2780.239990234375,2747.090087890625,1139500,12764.75,0.9300000071525574,21.93000030517578,1091.6500244140625
2020-12-22,2733.679931640625,2772.030029296875,2774.219970703125,2733.639892578125,1260800,12742.51953125,0.9409999847412109,25.15999984741211,1098.97998046875
2020-12-23,2759.820068359375,2737.739990234375,2769.080078125,2716.280029296875,1121300,12807.919921875,0.9179999828338623,24.229999542236328,1101.8599853515625
2020-12-24,2806.860107421875,2762.60009765625,2812.159912109375,2762.60009765625,1030900,12771.1103515625,0.9549999833106995,23.309999465942383,1107.97998046875
2020-12-28,2808.60009765625,2820.949951171875,2834.590087890625,2799.56005859375,1006200,12771.1103515625,0.9549999833106995,23.309999465942383,1107.97998046875
2020-12-29,2820.510009765625,2810.550048828125,2823.43994140625,2792.06005859375,1046800,12899.419921875,0.9330000281333923,21.700000762939453,1099.0899658203125
2020-12-30,2873.469970703125,2820.360107421875,2878.2099609375,2809.35009765625,1074000,12850.2197265625,0.9350000023841858,23.079999923706055,1095.0
2021-01-04,2944.449951171875,2874.5,2946.5400390625,2869.110107421875,1026500,12850.2197265625,0.9350000023841858,23.079999923706055,1095.0
2021-01-05,2990.570068359375,2943.669921875,2990.570068359375,2921.840087890625,1519900,12698.4501953125,0.9169999957084656,26.969999313354492,1084.72998046875
2021-01-06,2968.2099609375,2993.340087890625,3027.159912109375,2961.3701171875,1793400,12818.9599609375,0.9549999833106995,25.34000015258789,1086.6199951171875
2021-01-07,3031.679931640625,2980.75,3055.280029296875,2980.75,1524700,12740.7900390625,1.0420000553131104,25.06999969482422,1086.449951171875
2021-01-08,3152.179931640625,3040.110107421875,3161.110107421875,3040.110107421875,1297900,13067.48046875,1.0709999799728394,22.3700008392334,1086.949951171875
2021-01-11,3148.449951171875,3161.89990234375,3266.22998046875,3096.18994140625,1712500,13067.48046875,1.0709999799728394,22.3700008392334,1086.949951171875
2021-01-12,3125.949951171875,3145.8701171875,3154.7900390625,3047.56005859375,1388600,13036.4296875,1.1319999694824219,24.079999923706055,1092.8199462890625
2021-01-13,3148.2900390625,3128.260009765625,3164.3701171875,3109.6298828125,1578000,13072.4296875,1.1380000114440918,23.329999923706055,1096.449951171875
2021-01-14,3149.929931640625,3148.64990234375,3159.030029296875,3128.719970703125,1233200,13128.9501953125,1.0880000591278076,22.209999084472656,1093.5400390625
2021-01-15,3085.89990234375,3153.840087890625,3189.89990234375,3085.89990234375,1331100,13112.6396484375,1.128999948501587,23.25,1097.1099853515625
2021-01-18,3013.929931640625,3079.89990234375,3079.89990234375,3003.889892578125,1472000,13112.6396484375,1.128999948501587,23.25,1097.1099853515625
2021-01-19,3092.659912109375,3013.050048828125,3092.659912109375,3013.050048828125,1353300,13112.6396484375,1.128999948501587,23.25,1102.9599609375
2021-01-20,3114.550048828125,3115.0400390625,3145.010009765625,3077.14990234375,1192700,13197.1796875,1.0920000076293945,23.239999771118164,1103.0999755859375
2021-01-21,3160.840087890625,3123.27001953125,3163.2099609375,3123.27001953125,1360100,13457.25,1.090000033378601,21.579999923706055,1100.989990234375
2021-01-22,3140.6298828125,3163.830078125,3185.260009765625,3140.60009765625,1111200,13530.91015625,1.1089999675750732,21.31999969482422,1096.25
2021-01-25,3208.989990234375,3144.010009765625,3212.219970703125,3142.800048828125,1093700,13530.91015625,1.1089999675750732,21.31999969482422,1096.25
2021-01-26,3140.31005859375,3203.9599609375,3209.179931640625,3132.669921875,873000,13635.990234375,1.0399999618530273,23.190000534057617,1104.6400146484375
2021-01-27,3122.56005859375,3143.4599609375,3182.530029296875,3118.889892578125,924600,13626.0595703125,1.0399999618530273,23.020000457763672,1101.72998046875
2021-01-28,3069.050048828125,3114.97998046875,3114.97998046875,3046.639892578125,1310500,13270.599609375,1.0140000581741333,37.209999084472656,1101.0
2021-01-29,2976.2099609375,3078.72998046875,3100.219970703125,2962.699951171875,995100,13337.16015625,1.0570000410079956,30.209999084472656,1107.5
2021-02-01,3056.530029296875,2976.81005859375,3056.8701171875,2947.239990234375,969300,13337.16015625,1.0570000410079956,30.209999084472656,1107.5
2021-02-02,3096.81005859375,3065.56005859375,3138.949951171875,3065.56005859375,887300,13403.3896484375,1.0770000219345093,30.239999771118164,1117.4300537109375
2021-02-03,3129.679931640625,3108.419921875,3142.260009765625,3091.85009765625,901800,13612.7802734375,1.1050000190734863,25.559999465942383,1116.8800048828125
2021-02-04,3087.550048828125,3135.02001953125,3135.02001953125,3068.4599609375,1460900,13610.5400390625,1.13100004196167,22.90999984741211,1113.6099853515625
2021-02-05,3120.6298828125,3098.489990234375,3124.6201171875,3081.780029296875,1193500,13777.740234375,1.1390000581741333,21.770000457763672,1113.1500244140625
2021-02-08,3091.239990234375,3113.6298828125,3128.5400390625,3085.590087890625,1277200,13777.740234375,1.1390000581741333,21.770000457763672,1113.1500244140625
2021-02-09,3084.669921875,3102.25,3129.659912109375,3084.669921875,2145400,13987.6396484375,1.159999966621399,21.239999771118164,1116.8499755859375
2021-02-10,3100.580078125,3088.1298828125,3111.8798828125,3064.25,2152900,14007.7001953125,1.156999945640564,21.6299991607666,1116.3299560546875
2021-02-15,3147.0,3108.699951171875,3156.56005859375,3108.699951171875,1604700,14007.7001953125,1.156999945640564,21.6299991607666,1116.3299560546875
2021-02-16,3163.25,3151.85009765625,3180.93994140625,3145.840087890625,1944400,14007.7001953125,1.156999945640564,21.6299991607666,1103.3699951171875
2021-02-17,3133.72998046875,3162.949951171875,3162.949951171875,3115.47998046875,1784100,14047.5,1.2990000247955322,21.459999084472656,1102.239990234375
2021-02-18,3086.659912109375,3131.739990234375,3140.39990234375,3086.659912109375,1860600,13965.490234375,1.3009999990463257,21.5,1106.4599609375
2021-02-19,3107.6201171875,3089.9599609375,3109.669921875,3040.280029296875,3455500,13865.3603515625,1.2869999408721924,22.489999771118164,1104.550048828125
2021-02-22,3079.75,3114.030029296875,3142.47998046875,3079.159912109375,1832000,13865.3603515625,1.2869999408721924,22.489999771118164,1104.550048828125
2021-02-23,3070.090087890625,3069.260009765625,3094.2900390625,3035.4599609375,2357800,13533.0498046875,1.3700000047683716,23.450000762939453,1103.93994140625
2021-02-24,2994.97998046875,3070.580078125,3092.050048828125,2993.4599609375,1560900,13465.2001953125,1.3619999885559082,23.110000610351562,1110.6700439453125
2021-02-25,3099.68994140625,3026.469970703125,3099.800048828125,3026.469970703125,1280100,13597.9697265625,1.3890000581741333,21.34000015258789,1109.31005859375
2021-02-26,3012.949951171875,3089.489990234375,3089.489990234375,2988.280029296875,1361300,13119.4296875,1.5180000066757202,28.889999389648438,1107.2099609375
2021-03-02,3043.8701171875,3021.679931640625,3096.5,3020.739990234375,1749900,13588.830078125,1.4459999799728394,23.350000381469727,1123.3699951171875
2021-03-03,3082.989990234375,3041.199951171875,3083.0400390625,3029.3701171875,2236700,13358.7900390625,1.4149999618530273,24.100000381469727,1101.8299560546875
2021-03-04,3043.489990234375,3076.8798828125,3076.8798828125,3022.5400390625,1279000,12997.75,1.4700000286102295,26.670000076293945,1124.3299560546875
2021-03-05,3026.260009765625,3036.159912109375,3036.97998046875,2982.449951171875,1187200,12723.4697265625,1.5499999523162842,28.56999969482422,1129.5
2021-03-08,2996.110107421875,3031.989990234375,3055.64990234375,2992.639892578125,1928300,12723.4697265625,1.5499999523162842,28.56999969482422,1129.5
2021-03-09,2976.1201171875,2989.9599609375,3000.489990234375,2929.360107421875,1534200,12609.16015625,1.5959999561309814,25.469999313354492,1127.489990234375
2021-03-10,2958.1201171875,2980.760009765625,3013.949951171875,2951.530029296875,905600,13073.8203125,1.5460000038146973,24.030000686645508,1140.22998046875
2021-03-11,3013.699951171875,2964.300048828125,3028.3701171875,2964.300048828125,1349200,13068.830078125,1.5199999809265137,22.559999465942383,1134.9100341796875
2021-03-12,3054.389892578125,3030.72998046875,3061.429931640625,3030.72998046875,1669100,13398.669921875,1.5269999504089355,21.90999984741211,1136.010009765625
2021-03-15,3045.7099609375,3057.06005859375,3065.169921875,3036.139892578125,1161800,13398.669921875,1.5269999504089355,21.90999984741211,1136.010009765625
2021-03-16,3067.169921875,3049.22998046875,3071.5400390625,3049.22998046875,1123900,13459.7099609375,1.6069999933242798,20.030000686645508,1134.5
2021-03-17,3047.5,3067.760009765625,3069.570068359375,3027.199951171875,815000,13471.5703125,1.621000051498413,19.790000915527344,1131.3900146484375
2021-03-18,3066.010009765625,3054.929931640625,3090.18994140625,3054.929931640625,1232600,13525.2001953125,1.6410000324249268,19.229999542236328,1129.8399658203125
2021-03-19,3039.530029296875,3063.010009765625,3063.010009765625,3022.489990234375,1068500,13116.169921875,1.7300000190734863,21.579999923706055,1121.1300048828125
2021-03-22,3035.4599609375,3040.010009765625,3048.110107421875,3019.60009765625,915700,13116.169921875,1.7300000190734863,21.579999923706055,1121.1300048828125
2021-03-23,3004.739990234375,3038.25,3058.7900390625,3003.050048828125,1331200,13377.5400390625,1.684000015258789,18.8799991607666,1127.47998046875
2021-03-24,2996.35009765625,2996.320068359375,3006.5400390625,2971.0400390625,978400,13227.7001953125,1.6380000114440918,20.299999237060547,1125.1199951171875
2021-03-25,3008.330078125,2995.669921875,3024.6298828125,2987.830078125,940400,12961.8896484375,1.6139999628067017,21.200000762939453,1133.199951171875
2021-03-26,3041.010009765625,3012.7900390625,3041.860107421875,3012.7900390625,1036400,12977.6796875,1.6139999628067017,19.809999465942383,1134.47998046875
2021-03-29,3036.0400390625,3047.7099609375,3054.2099609375,3025.389892578125,1288800,12977.6796875,1.6139999628067017,19.809999465942383,1134.47998046875
2021-03-30,3070.0,3038.43994140625,3074.570068359375,3038.43994140625,1023100,13059.650390625,1.7209999561309814,20.739999771118164,1127.9599609375
2021-03-31,3061.419921875,3073.389892578125,3093.889892578125,3061.39990234375,1147000,13045.3896484375,1.7259999513626099,19.610000610351562,1131.6500244140625
2021-04-01,3087.39990234375,3073.77001953125,3090.8798828125,3069.679931640625,922700,13246.8701171875,1.746000051498413,19.399999618530273,1132.3199462890625
2021-04-02,3112.800048828125,3104.719970703125,3121.580078125,3101.60009765625,792700,13480.1103515625,1.6790000200271606,17.329999923706055,1127.199951171875
2021-04-05,3120.830078125,3121.22998046875,3127.199951171875,3101.860107421875,1084800,13480.1103515625,1.6790000200271606,17.329999923706055,1127.199951171875
2021-04-06,3127.080078125,3123.800048828125,3139.2900390625,3110.18994140625,1279000,13705.58984375,1.7200000286102295,17.90999984741211,1128.7900390625
2021-04-07,3137.409912109375,3129.070068359375,3146.18994140625,3125.330078125,1984800,13698.3798828125,1.656000018119812,18.1200008392334,1124.1099853515625
2021-04-08,3143.260009765625,3137.25,3145.81005859375,3122.090087890625,1357300,13688.83984375,1.652999997138977,17.15999984741211,1117.5
2021-04-09,3131.8798828125,3146.510009765625,3156.0400390625,3125.239990234375,1823200,13829.3095703125,1.6319999694824219,16.950000762939453,1117.8599853515625
2021-04-12,3135.590087890625,3134.8798828125,3147.27001953125,3127.909912109375,1048800,13829.3095703125,1.6319999694824219,16.950000762939453,1117.8599853515625
2021-04-13,3169.080078125,3138.2099609375,3173.260009765625,3136.989990234375,1741300,13850.0,1.6749999523162842,16.90999984741211,1122.06005859375
2021-04-14,3182.3798828125,3169.949951171875,3188.320068359375,3162.1201171875,1776300,13996.099609375,1.6230000257492065,16.649999618530273,1124.449951171875
2021-04-15,3194.330078125,3180.72998046875,3204.47998046875,3178.989990234375,1313000,13857.83984375,1.6380000114440918,16.989999771118164,1120.68994140625
2021-04-16,3198.6201171875,3194.080078125,3206.760009765625,3185.669921875,985300,14038.759765625,1.5299999713897705,16.56999969482422,1116.1099853515625
2021-04-19,3198.840087890625,3201.110107421875,3214.449951171875,3193.39990234375,1060600,14038.759765625,1.5299999713897705,16.56999969482422,1116.1099853515625
2021-04-20,3220.699951171875,3198.31005859375,3220.820068359375,3195.9599609375,1296200,13914.76953125,1.6009999513626099,17.290000915527344,1115.6500244140625
2021-04-21,3171.659912109375,3214.239990234375,3214.239990234375,3165.489990234375,1767100,13786.26953125,1.562000036239624,18.68000030517578,1114.469970703125
2021-04-22,3177.52001953125,3174.52001953125,3196.969970703125,3174.52001953125,1752700,13950.2197265625,1.5640000104904175,17.5,1116.1099853515625
2021-04-23,3181.080078125,3173.469970703125,3185.969970703125,3146.5400390625,1829400,13818.41015625,1.5540000200271606,18.709999084472656,1115.6600341796875
2021-04-26,3217.530029296875,3191.340087890625,3217.530029296875,3191.340087890625,1298300,13818.41015625,1.5540000200271606,18.709999084472656,1115.6600341796875
2021-04-27,3215.419921875,3218.300048828125,3223.050048828125,3203.25,1534200,14138.7802734375,1.5700000524520874,17.639999389648438,1114.1300048828125
2021-04-28,3181.469970703125,3217.2099609375,3219.68994140625,3176.550048828125,1412600,14090.2197265625,1.621999979019165,17.559999465942383,1109.22998046875
2021-04-29,3174.070068359375,3184.75,3200.409912109375,3161.06005859375,1222400,14051.0302734375,1.6200000047683716,17.280000686645508,1112.1500244140625
2021-04-30,3147.860107421875,3176.429931640625,3179.429931640625,3143.3798828125,1358200,14082.5498046875,1.6399999856948853,17.610000610351562,1108.6600341796875
2021-05-03,3127.199951171875,3149.050048828125,3174.260009765625,3120.699951171875,1040300,14082.5498046875,1.6399999856948853,17.610000610351562,1108.6600341796875
2021-05-04,3147.3701171875,3131.389892578125,3147.3798828125,3109.780029296875,1282900,13895.1201171875,1.6069999933242798,18.309999465942383,1116.760009765625
2021-05-06,3160.429931640625,3147.719970703125,3174.159912109375,3133.639892578125,1238600,13582.419921875,1.5839999914169312,19.149999618530273,1124.9100341796875
2021-05-07,3197.199951171875,3179.6298828125,3205.110107421875,3179.6298828125,988900,13632.83984375,1.5609999895095825,18.389999389648438,1123.989990234375
2021-05-10,3249.300048828125,3201.4599609375,3255.89990234375,3201.4599609375,1010200,13632.83984375,1.5609999895095825,18.389999389648438,1123.989990234375
2021-05-11,3209.429931640625,3239.919921875,3239.919921875,3192.25,1095700,13401.8603515625,1.6019999980926514,19.65999984741211,1111.969970703125
2021-05-12,3161.659912109375,3209.360107421875,3212.830078125,3138.0400390625,1423200,13389.4296875,1.6239999532699585,21.84000015258789,1115.5400390625
2021-05-13,3122.110107421875,3146.969970703125,3161.929931640625,3103.8798828125,1094900,13031.6796875,1.6950000524520874,27.59000015258789,1118.22998046875
2021-05-14,3153.320068359375,3131.35009765625,3162.31005859375,3131.35009765625,835600,13124.990234375,1.6679999828338623,23.1299991607666,1131.5999755859375
2021-05-17,3134.52001953125,3163.2099609375,3173.010009765625,3121.320068359375,770700,13124.990234375,1.6679999828338623,23.1299991607666,1131.5999755859375
2021-05-18,3173.050048828125,3135.3798828125,3176.39990234375,3135.3798828125,785400,13379.0498046875,1.6399999856948853,19.719999313354492,1125.530029296875
2021-05-20,3162.280029296875,3174.530029296875,3174.530029296875,3140.47998046875,773600,13299.740234375,1.6829999685287476,22.18000030517578,1127.1400146484375
2021-05-21,3156.419921875,3171.909912109375,3198.010009765625,3149.4599609375,796800,13535.740234375,1.6339999437332153,20.670000076293945,1130.3699951171875
2021-05-24,3144.300048828125,3155.909912109375,3163.27001953125,3137.81005859375,587500,13535.740234375,1.6339999437332153,20.670000076293945,1130.3699951171875
2021-05-25,3171.320068359375,3152.929931640625,3173.10009765625,3148.300048828125,612700,13661.169921875,1.6080000400543213,18.399999618530273,1126.7900390625
2021-05-26,3168.429931640625,3171.909912109375,3183.969970703125,3160.300048828125,1269000,13657.169921875,1.5640000104904175,18.84000015258789,1122.18994140625
2021-05-27,3165.510009765625,3170.840087890625,3173.860107421875,3142.3701171875,1081100,13738.0,1.5740000009536743,17.360000610351562,1121.3800048828125
2021-05-28,3188.72998046875,3172.090087890625,3198.659912109375,3171.85009765625,966000,13736.2802734375,1.6100000143051147,16.739999771118164,1115.52001953125
2021-05-31,3203.919921875,3192.06005859375,3204.2900390625,3179.8701171875,1123100,13736.2802734375,1.6100000143051147,16.739999771118164,1115.52001953125
2021-06-01,3221.8701171875,3207.1201171875,3233.169921875,3199.179931640625,1471800,13736.2802734375,1.6100000143051147,16.739999771118164,1112.8499755859375
2021-06-02,3224.22998046875,3224.39990234375,3241.070068359375,3216.10009765625,1495200,13736.48046875,1.6150000095367432,17.899999618530273,1106.97998046875
2021-06-03,3247.429931640625,3224.9599609375,3258.5,3224.9599609375,1584000,13756.330078125,1.590999960899353,17.479999542236328,1107.2099609375
2021-06-04,3240.080078125,3246.169921875,3246.18994140625,3218.669921875,1391800,13614.509765625,1.625,18.040000915527344,1109.8800048828125
2021-06-07,3252.1201171875,3244.590087890625,3264.409912109375,3233.39990234375,1731900,13614.509765625,1.625,18.040000915527344,1109.8800048828125
2021-06-08,3247.830078125,3251.830078125,3264.669921875,3242.56005859375,1950600,13881.7197265625,1.569000005722046,16.420000076293945,1109.6800537109375
2021-06-09,3216.179931640625,3245.080078125,3246.489990234375,3216.179931640625,1964500,13924.91015625,1.527999997138977,17.06999969482422,1109.3199462890625
2021-06-10,3224.639892578125,3216.93994140625,3235.389892578125,3210.31005859375,1896200,13911.75,1.4889999628067017,17.889999389648438,1116.8900146484375
2021-06-11,3249.320068359375,3226.97998046875,3251.580078125,3226.97998046875,1643800,14020.330078125,1.4589999914169312,16.100000381469727,1116.4100341796875
2021-06-14,3252.1298828125,3249.60009765625,3254.489990234375,3238.510009765625,1663900,14020.330078125,1.4589999914169312,16.100000381469727,1116.4100341796875
2021-06-15,3258.6298828125,3253.169921875,3262.800048828125,3247.89990234375,1733900,14174.1396484375,1.5010000467300415,16.389999389648438,1115.550048828125
2021-06-16,3278.679931640625,3259.06005859375,3281.9599609375,3256.679931640625,2345200,14072.8603515625,1.4989999532699585,17.020000457763672,1116.3199462890625
2021-06-17,3264.9599609375,3276.199951171875,3276.199951171875,3251.320068359375,1848200,14039.6796875,1.569000005722046,18.149999618530273,1116.030029296875
2021-06-18,3267.929931640625,3265.679931640625,3275.760009765625,3262.580078125,1626400,14161.349609375,1.5110000371932983,17.75,1131.949951171875
2021-06-21,3240.7900390625,3264.179931640625,3264.179931640625,3225.56005859375,1508100,14161.349609375,1.5110000371932983,17.75,1131.949951171875
2021-06-22,3263.8798828125,3245.7900390625,3267.6298828125,3245.7900390625,1666300,14141.48046875,1.4839999675750732,17.889999389648438,1134.25
2021-06-23,3276.18994140625,3265.72998046875,3281.8798828125,3263.070068359375,1068300,14253.26953125,1.472000002861023,16.65999984741211,1130.3399658203125
2021-06-24,3286.10009765625,3281.469970703125,3292.27001953125,3277.85009765625,1300300,14271.73046875,1.4869999885559082,16.31999969482422,1132.510009765625
2021-06-25,3302.840087890625,3289.179931640625,3316.080078125,3289.179931640625,1197600,14369.7099609375,1.4869999885559082,15.970000267028809,1132.6099853515625
2021-06-28,3301.889892578125,3305.4599609375,3311.68994140625,3291.300048828125,1427400,14369.7099609375,1.4869999885559082,15.970000267028809,1132.6099853515625
2021-06-29,3286.679931640625,3305.260009765625,3305.419921875,3276.6298828125,1211800,14500.509765625,1.4780000448226929,15.760000228881836,1125.3399658203125
2021-06-30,3296.679931640625,3288.6298828125,3305.72998046875,3288.6298828125,1608900,14528.330078125,1.4800000190734863,16.020000457763672,1129.0400390625
2021-07-01,3282.06005859375,3297.919921875,3300.1201171875,3278.10009765625,1157700,14503.9501953125,1.4429999589920044,15.829999923706055,1130.510009765625
2021-07-02,3281.780029296875,3282.81005859375,3295.679931640625,3278.18994140625,1019400,14522.3798828125,1.4800000190734863,15.479999542236328,1129.5999755859375
2021-07-05,3293.2099609375,3285.2900390625,3298.929931640625,3285.2900390625,849700,14522.3798828125,1.4800000190734863,15.479999542236328,1129.5999755859375
2021-07-06,3305.2099609375,3295.43994140625,3313.510009765625,3295.43994140625,1028800,14522.3798828125,1.4800000190734863,15.479999542236328,1129.77001953125
2021-07-07,3285.340087890625,3303.590087890625,3303.590087890625,3277.659912109375,1146800,14663.6396484375,1.3700000047683716,16.440000534057617,1129.43994140625
2021-07-08,3252.679931640625,3287.679931640625,3295.7099609375,3252.409912109375,1515200,14665.0595703125,1.3209999799728394,16.200000762939453,1135.47998046875
2021-07-09,3217.949951171875,3245.52001953125,3245.52001953125,3188.800048828125,1307500,14559.7802734375,1.2879999876022339,19.0,1140.52001953125
2021-07-12,3246.469970703125,3227.510009765625,3251.449951171875,3227.510009765625,1134600,14559.7802734375,1.2879999876022339,19.0,1140.52001953125
2021-07-13,3271.3798828125,3253.239990234375,3273.89990234375,3253.239990234375,1149500,14733.240234375,1.3630000352859497,16.170000076293945,1144.31005859375
2021-07-14,3264.81005859375,3270.090087890625,3270.090087890625,3250.449951171875,908300,14677.650390625,1.4149999618530273,17.1200008392334,1141.0999755859375
2021-07-15,3286.219970703125,3269.330078125,3286.580078125,3263.090087890625,1171900,14644.9501953125,1.3559999465942383,16.329999923706055,1148.699951171875
2021-07-16,3276.909912109375,3282.889892578125,3282.889892578125,3259.320068359375,1066100,14543.1298828125,1.2970000505447388,17.010000228881836,1143.4100341796875
2021-07-19,3244.0400390625,3258.8701171875,3258.8701171875,3236.389892578125,1095100,14543.1298828125,1.2970000505447388,17.010000228881836,1143.4100341796875
2021-07-20,3232.699951171875,3223.239990234375,3234.800048828125,3214.419921875,979300,14274.98046875,1.180999994277954,22.5,1141.5
2021-07-21,3215.909912109375,3251.1298828125,3252.25,3215.909912109375,990300,14498.8798828125,1.2089999914169312,19.729999542236328,1150.0699462890625
2021-07-22,3250.2099609375,3235.169921875,3253.75,3235.169921875,713000,14631.9501953125,1.2799999713897705,17.90999984741211,1147.47998046875
2021-07-23,3254.419921875,3253.43994140625,3264.010009765625,3246.090087890625,804600,14684.599609375,1.2649999856948853,17.690000534057617,1148.68994140625
2021-07-26,3224.949951171875,3265.989990234375,3265.989990234375,3224.949951171875,826100,14684.599609375,1.2649999856948853,17.690000534057617,1148.68994140625
2021-07-27,3232.530029296875,3244.429931640625,3252.85009765625,3230.75,991600,14840.7099609375,1.2760000228881836,17.579999923706055,1151.1199951171875
2021-07-28,3236.860107421875,3226.06005859375,3243.2099609375,3210.89990234375,868200,14660.580078125,1.2339999675750732,19.360000610351562,1151.760009765625
2021-07-29,3242.64990234375,3248.489990234375,3252.260009765625,3232.5,694500,14762.580078125,1.2610000371932983,18.309999465942383,1153.56005859375
2021-07-30,3202.320068359375,3234.3701171875,3234.659912109375,3202.320068359375,687500,14778.259765625,1.2690000534057617,17.700000762939453,1149.4100341796875
2021-08-02,3223.0400390625,3218.419921875,3223.0400390625,3194.0,560800,14778.259765625,1.2690000534057617,17.700000762939453,1149.4100341796875
2021-08-03,3237.139892578125,3221.570068359375,3237.139892578125,3213.199951171875,653200,14681.0703125,1.1740000247955322,19.459999084472656,1150.9300537109375
2021-08-04,3280.3798828125,3246.64990234375,3283.139892578125,3237.550048828125,632000,14761.2900390625,1.1759999990463257,18.040000915527344,1149.56005859375
2021-08-05,3276.1298828125,3283.25,3296.169921875,3273.330078125,680000,14780.5302734375,1.184000015258789,17.969999313354492,1148.5799560546875
2021-08-06,3270.360107421875,3277.06005859375,3288.169921875,3261.929931640625,939900,14895.1201171875,1.2170000076293945,17.280000686645508,1144.06005859375
2021-08-09,3260.419921875,3258.10009765625,3275.14990234375,3251.739990234375,706500,14895.1201171875,1.2170000076293945,17.280000686645508,1144.06005859375
2021-08-10,3243.18994140625,3272.43994140625,3272.43994140625,3232.4599609375,729000,14860.1796875,1.3170000314712524,16.719999313354492,1144.9200439453125
2021-08-11,3220.6201171875,3235.360107421875,3250.2099609375,3217.64990234375,616700,14788.08984375,1.3420000076293945,16.790000915527344,1145.8900146484375
2021-08-12,3208.3798828125,3213.580078125,3229.590087890625,3202.110107421875,642600,14765.1396484375,1.3289999961853027,16.170000076293945,1152.47998046875
2021-08-13,3171.2900390625,3205.75,3209.719970703125,3146.760009765625,695600,14816.259765625,1.3669999837875366,15.59000015258789,1152.8499755859375
2021-08-17,3143.090087890625,3169.739990234375,3179.489990234375,3134.47998046875,690800,14793.759765625,1.2569999694824219,16.1200008392334,1161.3800048828125
2021-08-18,3158.929931640625,3141.97998046875,3175.8798828125,3124.56005859375,622800,14656.1796875,1.2580000162124634,17.90999984741211,1164.5
2021-08-19,3097.830078125,3140.010009765625,3158.0,3097.830078125,655600,14525.91015625,1.2730000019073486,21.56999969482422,1176.449951171875
2021-08-20,3060.510009765625,3111.10009765625,3122.090087890625,3049.030029296875,672100,14541.7900390625,1.2419999837875366,21.670000076293945,1169.6800537109375
2021-08-23,3090.2099609375,3086.81005859375,3111.81005859375,3064.64990234375,570400,14541.7900390625,1.2419999837875366,21.670000076293945,1169.6800537109375
2021-08-24,3138.300048828125,3119.699951171875,3142.580078125,3115.22998046875,586500,14942.650390625,1.2549999952316284,17.149999618530273,1174.239990234375
2021-08-25,3146.81005859375,3148.1298828125,3161.0,3124.25,600400,15019.7998046875,1.2899999618530273,17.219999313354492,1167.6099853515625
2021-08-26,3128.530029296875,3151.300048828125,3159.3701171875,3121.0400390625,727700,15041.8603515625,1.3420000076293945,16.790000915527344,1163.469970703125
2021-08-27,3133.89990234375,3116.2900390625,3143.010009765625,3106.969970703125,520700,14945.8095703125,1.3420000076293945,18.84000015258789,1163.3299560546875
2021-08-30,3144.18994140625,3160.8701171875,3164.8701171875,3132.77001953125,602900,14945.8095703125,1.3420000076293945,18.84000015258789,1163.3299560546875
2021-08-31,3199.27001953125,3144.489990234375,3199.889892578125,3130.300048828125,660500,15265.8896484375,1.284999966621399,16.190000534057617,1161.3299560546875
2021-09-01,3207.02001953125,3195.669921875,3215.1298828125,3185.800048828125,746700,15259.240234375,1.3040000200271606,16.479999542236328,1165.510009765625
2021-09-02,3175.85009765625,3198.030029296875,3204.010009765625,3171.780029296875,753900,15309.3798828125,1.3020000457763672,16.110000610351562,1158.4100341796875
2021-09-03,3201.06005859375,3189.7099609375,3203.080078125,3181.639892578125,638300,15331.1796875,1.2940000295639038,16.40999984741211,1155.280029296875
2021-09-06,3203.330078125,3196.300048828125,3206.25,3186.7900390625,726200,15331.1796875,1.2940000295639038,16.40999984741211,1155.280029296875
2021-09-07,3187.419921875,3200.070068359375,3201.760009765625,3176.81005859375,758700,15331.1796875,1.2940000295639038,16.40999984741211,1154.75
2021-09-08,3162.989990234375,3178.739990234375,3187.550048828125,3157.070068359375,858500,15374.330078125,1.3700000047683716,18.139999389648438,1155.5400390625
2021-09-09,3114.699951171875,3146.639892578125,3158.60009765625,3111.489990234375,927400,15286.6396484375,1.3339999914169312,17.959999084472656,1161.0
2021-09-10,3125.760009765625,3121.090087890625,3131.5400390625,3103.3798828125,723100,15248.25,1.2990000247955322,18.799999237060547,1166.489990234375
2021-09-13,3127.860107421875,3117.35009765625,3139.1298828125,3109.010009765625,731200,15248.25,1.2990000247955322,18.799999237060547,1166.489990234375
2021-09-14,3148.830078125,3137.320068359375,3164.31005859375,3137.320068359375,712400,15105.580078125,1.3240000009536743,19.3700008392334,1169.3800048828125
2021-09-15,3153.39990234375,3147.2099609375,3164.010009765625,3138.800048828125,615200,15037.759765625,1.2769999504089355,19.459999084472656,1171.1099853515625
2021-09-16,3130.090087890625,3165.3798828125,3167.679931640625,3126.64990234375,612000,15161.5302734375,1.3040000200271606,18.18000030517578,1170.800048828125
2021-09-17,3140.510009765625,3127.75,3142.1298828125,3112.510009765625,587500,15181.919921875,1.3309999704360962,18.690000534057617,1165.219970703125
2021-09-23,3127.580078125,3123.639892578125,3131.6298828125,3107.97998046875,623000,14896.849609375,1.3359999656677246,20.8700008392334,1182.9200439453125
2021-09-24,3125.239990234375,3140.72998046875,3146.860107421875,3119.39990234375,752800,15052.240234375,1.409999966621399,18.6299991607666,1181.030029296875
2021-09-27,3133.639892578125,3121.699951171875,3146.35009765625,3119.260009765625,882600,15052.240234375,1.409999966621399,18.6299991607666,1181.030029296875
2021-09-28,3097.919921875,3133.39990234375,3134.4599609375,3095.719970703125,894100,14969.9697265625,1.4839999675750732,18.760000228881836,1179.199951171875
2021-09-29,3060.27001953125,3055.5,3069.0400390625,3030.60009765625,820700,14546.6796875,1.534000039100647,23.25,1176.9599609375
2021-09-30,3068.820068359375,3054.8701171875,3079.429931640625,3046.429931640625,885400,14512.4404296875,1.5410000085830688,22.559999465942383,1186.8900146484375
2021-10-01,3019.179931640625,3056.2099609375,3062.60009765625,3015.010009765625,854800,14448.580078125,1.5290000438690186,23.139999389648438,1187.4300537109375
2021-10-05,2962.169921875,2998.169921875,2998.169921875,2940.590087890625,839400,14255.48046875,1.4809999465942383,22.959999084472656,1180.0
2021-10-06,2908.31005859375,2986.06005859375,2993.469970703125,2908.300048828125,900500,14433.830078125,1.5290000438690186,21.299999237060547,1183.780029296875
2021-10-07,2959.4599609375,2936.8701171875,2961.530029296875,2927.60009765625,594600,14501.91015625,1.5240000486373901,21.0,1187.1700439453125
2021-10-08,2956.300048828125,2977.820068359375,2978.080078125,2949.010009765625,668200,14654.01953125,1.5709999799728394,19.540000915527344,1191.3800048828125
2021-10-12,2916.3798828125,2950.219970703125,2950.93994140625,2901.510009765625,659600,14486.2001953125,1.6139999628067017,20.0,1195.5799560546875
2021-10-13,2944.409912109375,2913.340087890625,2953.330078125,2909.469970703125,751600,14465.919921875,1.5800000429153442,19.850000381469727,1195.800048828125
2021-10-14,2988.639892578125,2968.8701171875,2988.969970703125,2962.330078125,616600,14571.6396484375,1.5490000247955322,18.639999389648438,1196.8900146484375
2021-10-15,3015.06005859375,3012.6201171875,3021.89990234375,2999.330078125,857300,14823.4296875,1.5190000534057617,16.860000610351562,1186.7099609375
2021-10-18,3006.679931640625,3017.47998046875,3021.169921875,2990.43994140625,926000,14823.4296875,1.5190000534057617,16.860000610351562,1186.7099609375
2021-10-19,3029.0400390625,3022.22998046875,3034.530029296875,3014.18994140625,845400,15021.8095703125,1.5839999914169312,16.309999465942383,1181.7900390625
2021-10-20,3013.1298828125,3043.1298828125,3047.239990234375,3012.969970703125,679900,15129.08984375,1.6349999904632568,15.699999809265137,1185.6800537109375
2021-10-21,3007.330078125,3012.280029296875,3025.8798828125,3002.739990234375,887000,15121.6796875,1.6360000371932983,15.489999771118164,1175.6500244140625
2021-10-22,3006.159912109375,3005.360107421875,3018.699951171875,2996.260009765625,695000,15215.7001953125,1.6759999990463257,15.010000228881836,1174.5899658203125
2021-10-25,3020.5400390625,3001.10009765625,3025.27001953125,2983.2900390625,791500,15215.7001953125,1.6759999990463257,15.010000228881836,1174.5899658203125
2021-10-26,3049.080078125,3039.820068359375,3051.64990234375,3030.530029296875,564100,15226.7099609375,1.6349999904632568,15.239999771118164,1176.5400390625
2021-10-27,3025.489990234375,3045.830078125,3049.02001953125,3019.0,607500,15235.7099609375,1.61899995803833,15.979999542236328,1167.06005859375
2021-10-28,3009.550048828125,3023.169921875,3034.419921875,3009.550048828125,616900,15235.83984375,1.5290000438690186,16.979999542236328,1167.3299560546875
2021-10-29,2970.679931640625,3025.669921875,3030.169921875,2965.39990234375,545300,15448.1201171875,1.5679999589920044,16.530000686645508,1172.1700439453125
2021-11-01,2978.93994140625,2984.179931640625,2991.81005859375,2976.8701171875,475000,15448.1201171875,1.5679999589920044,16.530000686645508,1172.1700439453125
2021-11-02,3013.489990234375,2995.580078125,3034.300048828125,2995.580078125,525400,15595.919921875,1.5750000476837158,16.40999984741211,1174.3800048828125
2021-11-03,2975.7099609375,3020.360107421875,3020.8701171875,2969.010009765625,658300,15649.599609375,1.5490000247955322,16.030000686645508,1176.5699462890625
2021-11-04,2983.219970703125,3000.919921875,3011.56005859375,2978.070068359375,771700,15811.580078125,1.5789999961853027,15.100000381469727,1178.0400390625
2021-11-05,2969.27001953125,3003.530029296875,3003.530029296875,2953.9599609375,687400,15940.3095703125,1.5240000486373901,15.4399995803833,1179.3399658203125
2021-11-08,2960.199951171875,2965.360107421875,2968.179931640625,2930.89990234375,559600,15940.3095703125,1.5240000486373901,15.4399995803833,1179.3399658203125
2021-11-09,2962.4599609375,2958.14990234375,2987.280029296875,2949.169921875,707800,15982.3603515625,1.496999979019165,17.219999313354492,1180.5
2021-11-10,2930.169921875,2947.4599609375,2958.610107421875,2924.360107421875,567300,15886.5400390625,1.4320000410079956,17.780000686645508,1199.8599853515625
2021-11-11,2924.919921875,2911.409912109375,2925.18994140625,2903.719970703125,571900,15622.7099609375,1.559999942779541,18.729999542236328,1177.5
2021-11-12,2968.800048828125,2945.949951171875,2973.840087890625,2938.27001953125,665000,15704.2802734375,1.559999942779541,17.65999984741211,1184.1400146484375
2021-11-15,2999.52001953125,2989.679931640625,3003.7099609375,2979.9599609375,638900,15704.2802734375,1.559999942779541,17.65999984741211,1184.1400146484375
2021-11-16,2997.2099609375,2995.679931640625,3011.8798828125,2985.340087890625,579000,15853.849609375,1.6230000257492065,16.489999771118164,1179.1099853515625
2021-11-17,2962.419921875,3004.02001953125,3004.669921875,2957.699951171875,540700,15973.8603515625,1.6339999437332153,16.3700008392334,1183.510009765625
2021-11-18,2947.3798828125,2959.260009765625,2964.47998046875,2937.530029296875,541100,15921.5703125,1.6039999723434448,17.110000610351562,1184.050048828125
2021-11-19,2971.02001953125,2951.06005859375,2974.639892578125,2948.070068359375,656300,15993.7099609375,1.5889999866485596,17.59000015258789,1181.22998046875
2021-11-22,3013.25,2983.3798828125,3018.010009765625,2980.72998046875,531000,15993.7099609375,1.5889999866485596,17.59000015258789,1181.22998046875
2021-11-23,2997.330078125,3013.159912109375,3016.360107421875,2992.139892578125,524200,15854.759765625,1.625,19.170000076293945,1191.6300048828125
2021-11-24,2994.2900390625,3006.340087890625,3017.89990234375,2981.02001953125,556600,15775.1396484375,1.6670000553131104,19.3799991607666,1189.5
2021-11-25,2980.27001953125,2996.739990234375,2996.739990234375,2973.239990234375,595400,15845.23046875,1.6449999809265137,18.579999923706055,1189.949951171875
2021-11-26,2936.43994140625,2973.0400390625,2985.77001953125,2930.31005859375,594700,15845.23046875,1.6449999809265137,18.579999923706055,1187.8800048828125
2021-11-29,2909.320068359375,2906.14990234375,2930.219970703125,2890.780029296875,841700,15845.23046875,1.6449999809265137,18.579999923706055,1187.8800048828125
2021-11-30,2839.010009765625,2932.7099609375,2942.929931640625,2822.72998046875,982400,15782.830078125,1.5299999713897705,22.959999084472656,1194.6099853515625
2021-12-01,2899.719970703125,2860.1201171875,2905.739990234375,2837.030029296875,563100,15537.6904296875,1.4429999589920044,27.190000534057617,1190.739990234375
2021-12-02,2945.27001953125,2874.639892578125,2945.27001953125,2874.639892578125,533700,15254.0498046875,1.434000015258789,31.1200008392334,1182.8599853515625
2021-12-03,2968.330078125,2935.929931640625,2975.43994140625,2927.550048828125,486100,15381.3203125,1.4479999542236328,27.950000762939453,1177.1099853515625
2021-12-06,2973.25,2954.820068359375,2983.5,2932.489990234375,479400,15381.3203125,1.4479999542236328,27.950000762939453,1177.1099853515625
2021-12-07,2991.719970703125,2973.840087890625,2992.31005859375,2960.89990234375,540900,15225.150390625,1.434000015258789,27.18000030517578,1183.1400146484375
2021-12-08,3001.800048828125,3017.929931640625,3036.1298828125,2995.340087890625,487800,15686.919921875,1.4800000190734863,21.889999389648438,1180.56005859375
2021-12-09,3029.570068359375,3007.0,3029.570068359375,3001.550048828125,513000,15786.990234375,1.5089999437332153,19.899999618530273,1176.8399658203125
2021-12-10,3010.22998046875,3008.699951171875,3017.639892578125,2998.2900390625,451200,15517.3701171875,1.4869999885559082,21.579999923706055,1172.56005859375
2021-12-13,3001.659912109375,3019.669921875,3043.830078125,3000.510009765625,375400,15517.3701171875,1.4869999885559082,21.579999923706055,1172.56005859375
2021-12-14,2987.949951171875,2983.949951171875,3001.699951171875,2976.159912109375,581200,15413.2802734375,1.4240000247955322,20.309999465942383,1178.969970703125
2021-12-15,2989.389892578125,2979.830078125,2992.300048828125,2973.0,432500,15237.6396484375,1.437999963760376,21.889999389648438,1185.0999755859375
2021-12-16,3006.409912109375,3013.260009765625,3018.199951171875,2989.6298828125,402400,15565.580078125,1.4630000591278076,19.290000915527344,1184.22998046875
2021-12-17,3017.72998046875,2985.199951171875,3017.72998046875,2984.18994140625,451400,15180.4296875,1.4220000505447388,20.56999969482422,1184.4000244140625
2021-12-20,2963.0,3001.330078125,3001.330078125,2962.070068359375,377100,15180.4296875,1.4220000505447388,20.56999969482422,1184.4000244140625
2021-12-21,2975.030029296875,2981.669921875,2984.56005859375,2955.89990234375,410500,14980.9404296875,1.4190000295639038,22.8700008392334,1186.3900146484375
2021-12-22,2984.47998046875,2993.5,3000.7900390625,2976.64990234375,461400,15341.08984375,1.4869999885559082,21.010000228881836,1190.1199951171875
2021-12-23,2998.169921875,2998.02001953125,3000.699951171875,2980.909912109375,483300,15521.8896484375,1.4570000171661377,18.6299991607666,1191.27001953125
2021-12-24,3012.429931640625,3009.47998046875,3025.77001953125,3009.47998046875,537500,15653.3701171875,1.4930000305175781,17.959999084472656,1187.77001953125
2021-12-27,2999.550048828125,3013.93994140625,3017.31005859375,2999.300048828125,475000,15653.3701171875,1.4930000305175781,17.959999084472656,1187.77001953125
2021-12-28,3020.239990234375,3006.77001953125,3020.2900390625,2991.550048828125,607000,15871.259765625,1.4809999465942383,17.68000030517578,1185.9200439453125
2021-12-29,2993.2900390625,3002.89990234375,3007.719970703125,2988.669921875,545800,15781.7197265625,1.4809999465942383,17.540000915527344,1185.6500244140625
2021-12-30,2977.64990234375,2999.75,3005.360107421875,2975.739990234375,460600,15766.2197265625,1.5429999828338623,16.950000762939453,1187.8499755859375
2022-01-04,2989.239990234375,2991.969970703125,2995.25,2973.080078125,621200,15832.7998046875,1.628000020980835,16.600000381469727,1187.780029296875
2022-01-05,2953.969970703125,2984.050048828125,2986.199951171875,2936.72998046875,786900,15622.7197265625,1.6679999828338623,16.90999984741211,1194.6800537109375
2022-01-06,2920.530029296875,2925.39990234375,2952.5400390625,2915.3798828125,785500,15100.169921875,1.7050000429153442,19.729999542236328,1196.5
2022-01-07,2954.889892578125,2933.780029296875,2959.030029296875,2933.10009765625,545800,15080.8603515625,1.7330000400543213,19.610000610351562,1199.25
2022-01-10,2926.719970703125,2947.3701171875,2951.1201171875,2910.89990234375,477000,15080.8603515625,1.7330000400543213,19.610000610351562,1199.25
2022-01-11,2927.3798828125,2930.929931640625,2943.570068359375,2909.820068359375,565800,14942.830078125,1.7799999713897705,19.399999618530273,1196.8800048828125
2022-01-12,2972.47998046875,2950.780029296875,2972.580078125,2950.31005859375,519000,15153.4501953125,1.746000051498413,18.40999984741211,1198.0899658203125
2022-01-13,2962.090087890625,2979.909912109375,2982.139892578125,2958.389892578125,604600,15188.3896484375,1.725000023841858,17.6200008392334,1189.4300537109375
2022-01-14,2921.919921875,2937.610107421875,2944.969970703125,2914.72998046875,532300,14806.8095703125,1.7109999656677246,20.309999465942383,1185.8800048828125
2022-01-17,2890.10009765625,2918.550048828125,2919.669921875,2875.97998046875,592900,14806.8095703125,1.7109999656677246,20.309999465942383,1185.8800048828125
2022-01-18,2864.239990234375,2898.97998046875,2902.7900390625,2857.260009765625,553700,14806.8095703125,1.7109999656677246,20.309999465942383,1188.9599609375
2022-01-19,2842.280029296875,2840.340087890625,2871.7900390625,2832.179931640625,463400,14506.900390625,1.8650000095367432,22.790000915527344,1190.06005859375
2022-01-20,2862.679931640625,2842.280029296875,2862.699951171875,2830.969970703125,395400,14340.259765625,1.8270000219345093,23.850000381469727,1192.97998046875
2022-01-21,2834.2900390625,2837.489990234375,2847.949951171875,2817.110107421875,532500,14154.01953125,1.8329999446868896,25.59000015258789,1188.1600341796875
2022-01-24,2792.0,2823.760009765625,2828.110107421875,2780.679931640625,473600,14154.01953125,1.8329999446868896,25.59000015258789,1188.1600341796875
2022-01-25,2720.389892578125,2786.409912109375,2789.6201171875,2703.989990234375,639400,13855.1298828125,1.7350000143051147,29.899999618530273,1191.5
2022-01-26,2709.239990234375,2729.75,2744.139892578125,2708.10009765625,471800,13539.2900390625,1.7829999923706055,31.15999984741211,1195.6600341796875
2022-01-27,2614.489990234375,2709.239990234375,2722.860107421875,2614.489990234375,487100,13542.1201171875,1.8480000495910645,31.959999084472656,1196.0999755859375
2022-01-28,2663.340087890625,2617.8701171875,2668.590087890625,2591.530029296875,433700,13352.7802734375,1.8070000410079956,30.489999771118164,1200.6300048828125
2022-02-03,2707.820068359375,2706.340087890625,2735.340087890625,2702.780029296875,435300,14417.5498046875,1.7660000324249268,22.09000015258789,1202.5
2022-02-04,2750.260009765625,2714.830078125,2751.800048828125,2712.8701171875,535900,13878.8203125,1.8270000219345093,24.350000381469727,1199.9599609375
2022-02-07,2745.06005859375,2750.699951171875,2750.699951171875,2718.93994140625,417600,13878.8203125,1.8270000219345093,24.350000381469727,1199.9599609375
2022-02-08,2746.469970703125,2767.760009765625,2779.85009765625,2726.719970703125,559600,14015.669921875,1.9160000085830688,22.860000610351562,1197.0899658203125
2022-02-09,2768.85009765625,2772.6298828125,2773.3798828125,2753.510009765625,538700,14194.4501953125,1.9539999961853027,21.440000534057617,1196.8499755859375
2022-02-10,2771.929931640625,2787.43994140625,2788.27001953125,2761.760009765625,509300,14490.3701171875,1.9290000200271606,19.959999084472656,1196.3599853515625
2022-02-11,2747.7099609375,2739.139892578125,2766.699951171875,2735.080078125,480300,14185.6396484375,2.0309998989105225,23.90999984741211,1194.030029296875
2022-02-14,2704.47998046875,2715.10009765625,2724.719970703125,2688.239990234375,616000,14185.6396484375,2.0309998989105225,23.90999984741211,1194.030029296875
2022-02-15,2676.5400390625,2712.449951171875,2716.449951171875,2665.469970703125,588700,13790.919921875,1.996000051498413,28.329999923706055,1199.239990234375
2022-02-16,2729.679931640625,2719.610107421875,2730.429931640625,2711.340087890625,422100,14139.759765625,2.0450000762939453,25.700000762939453,1197.3599853515625
2022-02-17,2744.090087890625,2735.110107421875,2770.659912109375,2711.989990234375,611000,14124.08984375,2.046999931335449,24.290000915527344,1196.8299560546875
2022-02-18,2744.52001953125,2714.52001953125,2747.080078125,2711.8798828125,512900,13716.7197265625,1.972000002861023,28.110000610351562,1196.75
2022-02-21,2743.800048828125,2706.64990234375,2746.6201171875,2694.89990234375,495000,13716.7197265625,1.972000002861023,28.110000610351562,1196.75
2022-02-22,2706.7900390625,2705.080078125,2721.840087890625,2690.090087890625,648100,13716.7197265625,1.972000002861023,28.110000610351562,1195.0699462890625
2022-02-23,2719.530029296875,2727.429931640625,2729.56005859375,2705.31005859375,537700,13381.51953125,1.9479999542236328,28.809999465942383,1194.6800537109375
2022-02-24,2648.800048828125,2689.280029296875,2694.550048828125,2642.6298828125,925900,13037.490234375,1.9769999980926514,31.020000457763672,1192.6800537109375
2022-02-25,2676.760009765625,2678.469970703125,2694.81005859375,2665.9599609375,664100,13473.58984375,1.968999981880188,30.31999969482422,1192.4000244140625
2022-02-28,2699.179931640625,2663.0,2699.179931640625,2658.25,613300,13473.58984375,1.968999981880188,30.31999969482422,1192.4000244140625
2022-03-02,2703.52001953125,2698.31005859375,2716.4599609375,2692.239990234375,527800,13532.4599609375,1.7070000171661377,33.31999969482422,1200.9300537109375
2022-03-03,2747.080078125,2729.860107421875,2748.2099609375,2726.35009765625,614300,13752.01953125,1.8650000095367432,30.739999771118164,1205.3699951171875
2022-03-04,2713.429931640625,2736.580078125,2736.580078125,2702.340087890625,765300,13537.9404296875,1.843999981880188,30.479999542236328,1203.1500244140625
2022-03-07,2651.31005859375,2680.169921875,2680.169921875,2644.10009765625,571300,13537.9404296875,1.843999981880188,30.479999542236328,1203.1500244140625
2022-03-08,2622.39990234375,2617.330078125,2647.179931640625,2605.81005859375,540100,12830.9599609375,1.7510000467300415,36.45000076293945,1216.7099609375
2022-03-10,2680.320068359375,2660.860107421875,2682.7900390625,2660.860107421875,613500,13255.5498046875,1.9479999542236328,32.45000076293945,1233.1099853515625
2022-03-11,2661.280029296875,2665.949951171875,2672.6201171875,2647.280029296875,796500,13129.9599609375,2.010999917984009,30.229999542236328,1223.22998046875
2022-03-14,2645.64990234375,2654.929931640625,2661.760009765625,2633.31005859375,635900,13129.9599609375,2.010999917984009,30.229999542236328,1223.22998046875
2022-03-15,2621.530029296875,2630.31005859375,2641.969970703125,2615.080078125,603700,12581.2197265625,2.140000104904175,31.770000457763672,1236.8900146484375
2022-03-16,2659.22998046875,2649.85009765625,2659.89990234375,2630.030029296875,736000,12948.6201171875,2.1600000858306885,29.829999923706055,1242.050048828125
2022-03-17,2694.510009765625,2703.27001953125,2714.0,2694.510009765625,545500,13436.5498046875,2.187999963760376,26.670000076293945,1241.6800537109375
2022-03-18,2707.02001953125,2695.639892578125,2708.159912109375,2688.7099609375,643500,13614.7802734375,2.191999912261963,25.670000076293945,1223.0
2022-03-21,2686.050048828125,2717.81005859375,2717.81005859375,2683.68994140625,502000,13614.7802734375,2.191999912261963,25.670000076293945,1223.0
2022-03-22,2710.0,2686.679931640625,2712.139892578125,2686.580078125,489100,13838.4599609375,2.315000057220459,23.530000686645508,1210.3699951171875
2022-03-23,2735.050048828125,2727.1201171875,2742.27001953125,2720.830078125,883000,14108.8203125,2.372999906539917,22.940000534057617,1219.780029296875
2022-03-24,2729.659912109375,2716.25,2729.659912109375,2705.139892578125,959600,13922.599609375,2.321000099182129,23.56999969482422,1214.949951171875
2022-03-25,2729.97998046875,2740.830078125,2740.949951171875,2722.360107421875,599800,14191.83984375,2.3410000801086426,21.670000076293945,1218.010009765625
2022-03-28,2729.56005859375,2721.219970703125,2737.4599609375,2707.739990234375,768000,14191.83984375,2.3410000801086426,21.670000076293945,1218.010009765625
2022-03-29,2741.070068359375,2745.6201171875,2754.179931640625,2733.219970703125,726700,14354.900390625,2.4769999980926514,19.6299991607666,1224.3800048828125
2022-03-30,2746.739990234375,2758.31005859375,2760.60009765625,2740.02001953125,837800,14619.6396484375,2.4000000953674316,18.899999618530273,1223.6600341796875
2022-03-31,2757.64990234375,2743.239990234375,2765.199951171875,2743.199951171875,1029500,14442.26953125,2.3580000400543213,19.329999923706055,1209.1300048828125
2022-04-01,2739.85009765625,2745.85009765625,2745.85009765625,2729.679931640625,1305000,14220.51953125,2.3269999027252197,20.559999465942383,1210.43994140625
2022-04-04,2757.89990234375,2729.860107421875,2758.3798828125,2722.449951171875,1022500,14220.51953125,2.3269999027252197,20.559999465942383,1210.43994140625
2022-04-05,2759.199951171875,2765.5,2769.179931640625,2750.5,1605600,14532.5498046875,2.4119999408721924,18.56999969482422,1218.780029296875
2022-04-06,2735.030029296875,2739.070068359375,2747.85009765625,2730.659912109375,1321300,14204.169921875,2.555999994277954,21.030000686645508,1213.9000244140625
2022-04-07,2695.860107421875,2714.699951171875,2718.5,2693.360107421875,998200,13888.8203125,2.6089999675750732,22.100000381469727,1218.75
2022-04-08,2700.389892578125,2706.639892578125,2712.0,2685.52001953125,948000,13897.2998046875,2.6519999504089355,21.549999237060547,1217.5999755859375
2022-04-11,2693.10009765625,2687.5400390625,2711.02001953125,2683.9599609375,742100,13897.2998046875,2.6519999504089355,21.549999237060547,1217.5999755859375
2022-04-12,2666.760009765625,2674.169921875,2685.080078125,2658.39990234375,870000,13411.9599609375,2.7799999713897705,24.3700008392334,1228.239990234375
2022-04-13,2716.489990234375,2677.530029296875,2717.6298828125,2672.60009765625,732000,13371.5703125,2.7249999046325684,24.260000228881836,1235.050048828125
2022-04-14,2716.7099609375,2719.340087890625,2720.300048828125,2702.610107421875,664800,13643.58984375,2.687000036239624,21.81999969482422,1228.5999755859375
2022-04-15,2696.06005859375,2695.52001953125,2705.409912109375,2685.010009765625,693700,13351.080078125,2.828000068664551,22.700000762939453,1223.1199951171875
2022-04-18,2693.2099609375,2685.0400390625,2701.110107421875,2681.3701171875,1024600,13351.080078125,2.828000068664551,22.700000762939453,1223.1199951171875
2022-04-19,2718.889892578125,2707.760009765625,2723.97998046875,2705.320068359375,1256100,13332.3603515625,2.861999988555908,22.170000076293945,1228.0899658203125
2022-04-20,2718.68994140625,2718.489990234375,2724.4599609375,2702.840087890625,1735700,13619.66015625,2.9130001068115234,21.3700008392334,1235.3499755859375
2022-04-21,2728.2099609375,2725.7099609375,2737.5400390625,2725.0400390625,1002600,13453.0703125,2.8399999141693115,20.31999969482422,1239.5999755859375
2022-04-22,2704.7099609375,2704.719970703125,2708.580078125,2690.47998046875,1239400,13174.650390625,2.9170000553131104,22.68000030517578,1234.0899658203125
2022-04-25,2657.1298828125,2676.669921875,2680.35009765625,2657.0400390625,1017600,13174.650390625,2.9170000553131104,22.68000030517578,1234.0899658203125
2022-04-26,2668.31005859375,2674.0,2678.050048828125,2663.830078125,889600,13004.849609375,2.8259999752044678,27.020000457763672,1243.1600341796875
2022-04-27,2639.06005859375,2630.580078125,2641.820068359375,2615.5,1071800,12490.740234375,2.7720000743865967,33.52000045776367,1249.2099609375
2022-04-28,2667.489990234375,2656.5400390625,2667.489990234375,2638.3701171875,898900,12488.9296875,2.818000078201294,31.600000381469727,1260.7099609375
2022-04-29,2695.050048828125,2669.179931640625,2696.10009765625,2664.06005859375,975000,12871.5302734375,2.86299991607666,29.989999771118164,1266.280029296875
2022-05-02,2687.449951171875,2669.2099609375,2689.909912109375,2667.85009765625,873400,12871.5302734375,2.86299991607666,29.989999771118164,1266.280029296875
2022-05-03,2680.4599609375,2690.159912109375,2702.10009765625,2680.4599609375,883100,12536.01953125,2.996000051498413,32.34000015258789,1262.530029296875
2022-05-04,2677.570068359375,2690.449951171875,2696.030029296875,2667.22998046875,1180500,12563.759765625,2.9600000381469727,29.25,1266.75
2022-05-06,2644.510009765625,2650.889892578125,2652.510009765625,2635.969970703125,1333600,12317.6904296875,3.065999984741211,31.200000762939453,1251.5
2022-05-10,2596.56005859375,2590.1298828125,2602.75,2553.010009765625,840900,11623.25,3.0789999961853027,34.75,1270.1300048828125
2022-05-11,2592.27001953125,2586.52001953125,2599.110107421875,2579.090087890625,679300,11737.669921875,2.993000030517578,32.9900016784668,1274.8599853515625
2022-05-12,2550.080078125,2569.5,2591.570068359375,2546.800048828125,899900,11364.240234375,2.9210000038146973,32.560001373291016,1276.550048828125
2022-05-13,2604.239990234375,2570.010009765625,2605.840087890625,2565.9599609375,788300,11370.9599609375,2.816999912261963,31.770000457763672,1278.1500244140625
2022-05-16,2596.580078125,2624.68994140625,2629.199951171875,2593.610107421875,780000,11370.9599609375,2.816999912261963,31.770000457763672,1278.1500244140625
2022-05-17,2620.43994140625,2603.580078125,2621.840087890625,2603.580078125,873000,11662.7900390625,2.877000093460083,27.469999313354492,1277.5699462890625
2022-05-18,2625.97998046875,2634.75,2644.1298828125,2618.0,869300,11984.51953125,2.9679999351501465,26.100000381469727,1279.8499755859375
2022-05-19,2592.340087890625,2576.239990234375,2597.7900390625,2568.5400390625,676900,11418.150390625,2.885999917984009,30.959999084472656,1266.6600341796875
2022-05-20,2639.2900390625,2605.780029296875,2641.679931640625,2605.3798828125,752400,11388.5,2.8550000190734863,29.350000381469727,1275.5799560546875
2022-05-23,2647.3798828125,2651.6298828125,2653.8701171875,2634.2900390625,641900,11388.5,2.8550000190734863,29.350000381469727,1275.5799560546875
2022-05-24,2605.8701171875,2638.93994140625,2646.989990234375,2605.8701171875,850700,11535.26953125,2.8589999675750732,28.479999542236328,1273.2099609375
2022-05-25,2617.219970703125,2621.75,2630.169921875,2602.93994140625,710200,11264.4501953125,2.759999990463257,29.450000762939453,1258.8199462890625
2022-05-26,2612.449951171875,2616.989990234375,2641.909912109375,2602.010009765625,595300,11434.740234375,2.749000072479248,28.3700008392334,1260.989990234375
2022-05-27,2638.050048828125,2640.75,2644.7099609375,2631.489990234375,590500,11740.650390625,2.75600004196167,27.5,1266.5999755859375
2022-05-30,2669.659912109375,2662.31005859375,2672.739990234375,2654.179931640625,469300,11740.650390625,2.75600004196167,27.5,1266.5999755859375
2022-05-31,2685.89990234375,2666.8798828125,2685.89990234375,2654.320068359375,670700,11740.650390625,2.75600004196167,27.5,1251.5899658203125
2022-06-02,2658.989990234375,2670.739990234375,2674.0,2653.590087890625,524900,11994.4599609375,2.930999994277954,25.690000534057617,1241.739990234375
2022-06-03,2670.64990234375,2679.570068359375,2681.510009765625,2663.0,562200,12316.900390625,2.9130001068115234,24.719999313354492,1246.949951171875
2022-06-07,2626.340087890625,2659.27001953125,2662.0400390625,2622.780029296875,524300,12061.3701171875,3.0380001068115234,25.06999969482422,1250.530029296875
2022-06-08,2626.14990234375,2633.530029296875,2639.52001953125,2621.9599609375,576000,12175.23046875,2.9719998836517334,24.020000457763672,1254.47998046875
2022-06-09,2625.43994140625,2618.919921875,2627.8798828125,2606.610107421875,814500,12086.26953125,3.0290000438690186,23.959999084472656,1254.5799560546875
2022-06-10,2595.8701171875,2596.3701171875,2602.800048828125,2583.739990234375,723800,11754.23046875,3.0439999103546143,26.09000015258789,1256.739990234375
2022-06-13,2504.510009765625,2550.2099609375,2550.320068359375,2504.510009765625,659800,11754.23046875,3.0439999103546143,26.09000015258789,1256.739990234375
2022-06-14,2492.969970703125,2472.9599609375,2503.169921875,2457.389892578125,671200,10809.23046875,3.365999937057495,34.02000045776367,1278.280029296875
2022-06-15,2447.3798828125,2490.010009765625,2495.5400390625,2436.0400390625,713800,10828.349609375,3.4830000400543213,32.689998626708984,1291.800048828125
2022-06-16,2451.409912109375,2481.659912109375,2500.360107421875,2447.330078125,583800,11099.150390625,3.3949999809265137,29.6200008392334,1289.47998046875
2022-06-17,2440.929931640625,2409.719970703125,2441.340087890625,2396.469970703125,634200,10646.099609375,3.306999921798706,32.95000076293945,1278.1600341796875
2022-06-20,2391.030029296875,2449.889892578125,2449.889892578125,2372.35009765625,592100,10646.099609375,3.306999921798706,32.95000076293945,1278.1600341796875
2022-06-21,2408.929931640625,2402.989990234375,2423.47998046875,2385.60009765625,479400,10646.099609375,3.306999921798706,32.95000076293945,1290.5
2022-06-22,2342.81005859375,2417.110107421875,2418.050048828125,2342.81005859375,531800,11069.2998046875,3.306999921798706,30.190000534057617,1292.3800048828125
2022-06-23,2314.320068359375,2347.840087890625,2361.22998046875,2306.47998046875,749200,11053.080078125,3.1559998989105225,28.950000762939453,1291.5999755859375
2022-06-24,2366.60009765625,2327.110107421875,2373.47998046875,2319.989990234375,654100,11232.1904296875,3.068000078201294,29.049999237060547,1297.6800537109375
2022-06-27,2401.919921875,2383.199951171875,2418.93994140625,2365.860107421875,509700,11232.1904296875,3.068000078201294,29.049999237060547,1297.6800537109375
2022-06-28,2422.090087890625,2405.199951171875,2422.10009765625,2393.9599609375,564700,11524.5498046875,3.194000005722046,26.950000762939453,1288.2900390625
2022-06-29,2377.989990234375,2387.10009765625,2393.25,2375.449951171875,422100,11181.5400390625,3.2060000896453857,28.360000610351562,1286.199951171875
2022-06-30,2332.639892578125,2368.570068359375,2368.570068359375,2332.590087890625,515000,11177.8896484375,3.0929999351501465,28.15999984741211,1292.030029296875
2022-07-01,2305.419921875,2342.919921875,2354.969970703125,2291.489990234375,530100,11028.740234375,2.9719998836517334,28.709999084472656,1301.72998046875
2022-07-04,2300.340087890625,2310.72998046875,2318.31005859375,2276.6298828125,467700,11028.740234375,2.9719998836517334,28.709999084472656,1301.72998046875
2022-07-05,2341.780029296875,2322.110107421875,2344.080078125,2309.6201171875,323600,11028.740234375,2.9719998836517334,28.709999084472656,1297.8900146484375
2022-07-06,2292.010009765625,2330.110107421875,2332.139892578125,2290.330078125,410600,11322.240234375,2.809000015258789,27.540000915527344,1295.6800537109375
2022-07-07,2334.27001953125,2308.969970703125,2344.139892578125,2307.89990234375,340000,11361.849609375,2.9130001068115234,26.729999542236328,1308.6600341796875
2022-07-08,2350.610107421875,2352.489990234375,2367.840087890625,2348.739990234375,411200,11621.349609375,3.007999897003174,26.079999923706055,1304.8499755859375
2022-07-11,2340.27001953125,2357.429931640625,2363.260009765625,2337.820068359375,376900,11621.349609375,3.007999897003174,26.079999923706055,1304.8499755859375
2022-07-12,2317.760009765625,2330.8798828125,2333.02001953125,2303.739990234375,379000,11372.599609375,2.990999937057495,26.170000076293945,1293.7900390625
2022-07-13,2328.610107421875,2324.449951171875,2341.18994140625,2312.489990234375,308400,11264.73046875,2.9579999446868896,27.290000915527344,1310.8599853515625
2022-07-14,2322.320068359375,2316.409912109375,2338.2900390625,2307.68994140625,348900,11247.580078125,2.9040000438690186,26.81999969482422,1305.8299560546875
2022-07-15,2330.97998046875,2335.1201171875,2337.300048828125,2293.449951171875,319300,11251.1904296875,2.9600000381469727,26.399999618530273,1304.8499755859375
2022-07-18,2375.25,2350.47998046875,2376.5,2344.1201171875,324100,11251.1904296875,2.9600000381469727,26.399999618530273,1304.8499755859375
2022-07-19,2370.969970703125,2367.52001953125,2372.739990234375,2359.590087890625,339200,11360.0498046875,2.9600000381469727,25.299999237060547,1318.1199951171875
2022-07-20,2386.85009765625,2406.2900390625,2410.06005859375,2382.64990234375,333000,11713.150390625,3.0190000534057617,24.5,1318.9100341796875
2022-07-21,2409.159912109375,2387.909912109375,2411.9599609375,2387.909912109375,295500,11897.650390625,3.0360000133514404,23.8799991607666,1305.5
2022-07-22,2393.139892578125,2405.3701171875,2417.909912109375,2391.47998046875,381400,12059.6103515625,2.9100000858306885,23.110000610351562,1312.8699951171875
2022-07-25,2403.68994140625,2385.64990234375,2412.469970703125,2385.64990234375,322900,12059.6103515625,2.9100000858306885,23.110000610351562,1312.8699951171875
2022-07-26,2412.9599609375,2397.27001953125,2415.389892578125,2395.169921875,415100,11782.669921875,2.819999933242798,23.360000610351562,1309.3199462890625
2022-07-27,2415.530029296875,2412.52001953125,2415.530029296875,2396.18994140625,333400,11562.5703125,2.7869999408721924,24.690000534057617,1310.4000244140625
2022-07-28,2435.27001953125,2437.570068359375,2443.429931640625,2429.070068359375,490900,12032.419921875,2.7339999675750732,23.239999771118164,1310.9000244140625
2022-07-29,2451.5,2453.530029296875,2463.050048828125,2442.010009765625,499000,12162.58984375,2.680999994277954,22.329999923706055,1305.949951171875
2022-08-01,2452.25,2444.050048828125,2461.39990234375,2437.1298828125,487000,12162.58984375,2.680999994277954,22.329999923706055,1305.949951171875
2022-08-02,2439.6201171875,2451.0,2451.070068359375,2428.760009765625,549800,12368.98046875,2.6059999465942383,22.84000015258789,1302.280029296875
2022-08-03,2461.449951171875,2438.56005859375,2461.449951171875,2433.1201171875,475200,12348.759765625,2.740999937057495,23.93000030517578,1306.75
2022-08-04,2473.110107421875,2478.43994140625,2478.949951171875,2465.320068359375,398500,12668.16015625,2.747999906539917,21.950000762939453,1314.6300048828125
2022-08-05,2490.800048828125,2481.429931640625,2497.580078125,2480.050048828125,409400,12720.580078125,2.6760001182556152,21.440000534057617,1307.3800048828125
2022-08-08,2493.10009765625,2481.169921875,2494.0,2477.760009765625,418100,12720.580078125,2.6760001182556152,21.440000534057617,1307.3800048828125
2022-08-09,2503.4599609375,2493.570068359375,2506.489990234375,2481.360107421875,454200,12644.4599609375,2.765000104904175,21.290000915527344,1302.739990234375
2022-08-10,2480.8798828125,2493.699951171875,2494.14990234375,2478.2099609375,479300,12493.9296875,2.796999931335449,21.770000457763672,1299.030029296875
2022-08-11,2523.780029296875,2507.739990234375,2523.780029296875,2506.409912109375,505100,12854.7998046875,2.7860000133514404,19.739999771118164,1307.56005859375
2022-08-12,2527.93994140625,2519.659912109375,2533.199951171875,2514.31005859375,445100,12779.91015625,2.888000011444092,20.200000762939453,1296.699951171875
2022-08-16,2533.52001953125,2543.050048828125,2546.35009765625,2532.199951171875,398100,13128.0498046875,2.7909998893737793,19.950000762939453,1301.3800048828125
2022-08-17,2516.469970703125,2536.570068359375,2543.14990234375,2512.010009765625,417800,13102.5498046875,2.8239998817443848,19.690000534057617,1313.1800537109375
2022-08-18,2508.050048828125,2499.300048828125,2515.3701171875,2488.090087890625,381400,12938.1201171875,2.8929998874664307,19.899999618530273,1311.0
2022-08-19,2492.68994140625,2510.719970703125,2510.719970703125,2492.68994140625,459700,12965.33984375,2.880000114440918,19.559999465942383,1314.8299560546875
2022-08-22,2462.5,2467.3798828125,2475.77001953125,2457.080078125,422400,12965.33984375,2.880000114440918,19.559999465942383,1314.8299560546875
2022-08-23,2435.340087890625,2449.31005859375,2454.550048828125,2431.830078125,471000,12381.5703125,3.0369999408721924,23.799999237060547,1334.8599853515625
2022-08-24,2447.449951171875,2446.179931640625,2454.010009765625,2430.68994140625,423300,12381.2998046875,3.053999900817871,24.110000610351562,1343.3599853515625
2022-08-25,2477.260009765625,2459.7900390625,2477.260009765625,2455.320068359375,426000,12431.5302734375,3.1059999465942383,22.81999969482422,1339.0799560546875
2022-08-26,2481.030029296875,2489.139892578125,2497.760009765625,2476.75,519900,12639.26953125,3.0260000228881836,21.780000686645508,1340.0
2022-08-29,2426.889892578125,2432.06005859375,2432.889892578125,2417.010009765625,447200,12639.26953125,3.0260000228881836,21.780000686645508,1340.0
2022-08-30,2450.929931640625,2441.2099609375,2453.909912109375,2433.47998046875,336200,12017.669921875,3.109999895095825,26.209999084472656,1341.1800537109375
2022-08-31,2472.050048828125,2433.469970703125,2473.75,2426.139892578125,435900,11883.1396484375,3.109999895095825,26.209999084472656,1345.72998046875
2022-09-01,2415.610107421875,2443.0,2443.610107421875,2415.610107421875,579300,11816.2001953125,3.132999897003174,25.8700008392334,1350.18994140625
2022-09-02,2409.409912109375,2427.699951171875,2432.3701171875,2402.669921875,391400,11785.1298828125,3.265000104904175,25.559999465942383,1342.260009765625
2022-09-05,2403.679931640625,2410.070068359375,2424.77001953125,2392.6298828125,354700,11785.1298828125,3.265000104904175,25.559999465942383,1342.260009765625
2022-09-06,2410.02001953125,2409.719970703125,2422.530029296875,2399.260009765625,294100,11785.1298828125,3.265000104904175,25.559999465942383,1361.510009765625
2022-09-07,2376.4599609375,2395.659912109375,2398.39990234375,2365.35009765625,377900,11544.91015625,3.3399999141693115,26.90999984741211,1361.81005859375
2022-09-08,2384.280029296875,2393.27001953125,2394.06005859375,2379.06005859375,423600,11791.900390625,3.265000104904175,24.639999389648438,1378.1099853515625
2022-09-13,2449.5400390625,2418.590087890625,2453.949951171875,2418.590087890625,366900,12266.41015625,3.361999988555908,23.8700008392334,1379.06005859375
2022-09-14,2411.419921875,2390.469970703125,2418.419921875,2381.5,461300,11633.5703125,3.421999931335449,27.270000457763672,1375.81005859375
2022-09-15,2401.830078125,2416.010009765625,2421.6298828125,2401.830078125,423900,11719.6796875,3.4119999408721924,26.15999984741211,1393.469970703125
2022-09-16,2382.780029296875,2387.56005859375,2395.10009765625,2371.110107421875,440300,11552.3603515625,3.4590001106262207,26.270000457763672,1391.1800537109375
2022-09-19,2355.659912109375,2388.72998046875,2389.85009765625,2352.760009765625,403700,11552.3603515625,3.4590001106262207,26.270000457763672,1391.1800537109375
2022-09-20,2367.85009765625,2373.639892578125,2382.52001953125,2359.840087890625,419200,11535.01953125,3.490000009536743,25.760000228881836,1385.22998046875
2022-09-21,2347.2099609375,2351.5400390625,2360.27001953125,2341.7900390625,378000,11425.0498046875,3.571000099182129,27.15999984741211,1390.1099853515625
2022-09-22,2332.31005859375,2319.699951171875,2335.110107421875,2309.10009765625,446600,11220.1904296875,3.509999990463257,27.989999771118164,1392.510009765625
2022-09-23,2290.0,2331.330078125,2334.06005859375,2285.7099609375,446300,11066.8095703125,3.7079999446868896,27.350000381469727,1397.56005859375
2022-09-26,2220.93994140625,2260.800048828125,2260.800048828125,2215.360107421875,621400,11066.8095703125,3.7079999446868896,27.350000381469727,1397.56005859375
2022-09-27,2223.860107421875,2224.389892578125,2227.35009765625,2197.89990234375,487600,10802.919921875,3.878000020980835,32.2599983215332,1421.81005859375
2022-09-28,2169.2900390625,2206.14990234375,2223.56005859375,2151.60009765625,595700,10829.5,3.9639999866485596,32.599998474121094,1429.77001953125
2022-09-29,2170.929931640625,2197.75,2210.610107421875,2170.139892578125,508200,11051.6396484375,3.7049999237060547,30.18000030517578,1426.260009765625
2022-09-30,2155.489990234375,2161.110107421875,2177.199951171875,2134.77001953125,950000,10737.509765625,3.746999979019165,31.84000015258789,1421.949951171875
2022-10-04,2209.3798828125,2189.510009765625,2212.3798828125,2180.840087890625,420700,10815.4296875,3.6510000228881836,30.100000381469727,1439.22998046875
2022-10-05,2215.219970703125,2248.85009765625,2253.929931640625,2204.030029296875,855400,11176.41015625,3.617000102996826,29.06999969482422,1433.3399658203125
2022-10-06,2237.860107421875,2230.429931640625,2250.8701171875,2223.360107421875,642700,11148.6396484375,3.759000062942505,28.549999237060547,1416.530029296875
2022-10-07,2232.840087890625,2217.840087890625,2245.8798828125,2215.080078125,428500,11073.3095703125,3.8259999752044678,30.520000457763672,1416.760009765625
2022-10-11,2192.070068359375,2193.02001953125,2193.050048828125,2174.06005859375,859100,10542.099609375,3.888000011444092,32.45000076293945,1415.97998046875
2022-10-12,2202.469970703125,2191.35009765625,2205.02001953125,2181.64990234375,658000,10426.1904296875,3.938999891281128,33.630001068115234,1428.3499755859375
2022-10-13,2162.8701171875,2198.2900390625,2198.340087890625,2162.8701171875,792200,10417.099609375,3.9019999504089355,33.56999969482422,1430.800048828125
2022-10-14,2212.550048828125,2200.659912109375,2220.5400390625,2193.6298828125,512900,10649.150390625,3.9519999027252197,31.940000534057617,1423.9000244140625
2022-10-17,2219.7099609375,2187.169921875,2221.050048828125,2177.659912109375,498500,10649.150390625,3.9519999027252197,31.940000534057617,1423.9000244140625
2022-10-18,2249.949951171875,2249.14990234375,2251.739990234375,2220.7099609375,580700,10675.7998046875,4.014999866485596,31.3700008392334,1440.760009765625
2022-10-19,2237.43994140625,2249.35009765625,2266.800048828125,2234.590087890625,895000,10772.400390625,3.997999906539917,30.5,1430.1500244140625
2022-10-20,2218.090087890625,2225.530029296875,2231.52001953125,2200.43994140625,1108000,10680.509765625,4.126999855041504,30.760000228881836,1425.02001953125
2022-10-21,2213.1201171875,2210.590087890625,2224.0400390625,2204.639892578125,637400,10614.83984375,4.22599983215332,29.979999542236328,1435.010009765625
2022-10-24,2236.159912109375,2248.260009765625,2256.669921875,2229.85009765625,444700,10614.83984375,4.22599983215332,29.979999542236328,1435.010009765625
2022-10-25,2235.070068359375,2237.0400390625,2253.239990234375,2230.75,456700,10952.6103515625,4.234000205993652,29.850000381469727,1428.1099853515625
2022-10-26,2249.56005859375,2240.699951171875,2258.110107421875,2234.489990234375,563300,11199.1201171875,4.107999801635742,28.459999084472656,1443.9599609375
2022-10-27,2288.780029296875,2266.070068359375,2290.56005859375,2262.02001953125,587700,10970.990234375,4.014999866485596,27.280000686645508,1426.9300537109375
2022-10-28,2268.39990234375,2276.72998046875,2292.64990234375,2266.43994140625,427100,10792.669921875,3.937000036239624,27.389999389648438,1412.68994140625
2022-10-31,2293.610107421875,2293.75,2295.510009765625,2273.72998046875,401300,10792.669921875,3.937000036239624,27.389999389648438,1412.68994140625
2022-11-01,2335.219970703125,2301.580078125,2335.570068359375,2297.570068359375,597100,10988.150390625,4.077000141143799,25.8799991607666,1421.6500244140625
2022-11-02,2336.8701171875,2326.050048828125,2346.320068359375,2323.3701171875,450200,10890.849609375,4.052000045776367,25.809999465942383,1424.6700439453125
2022-11-03,2329.169921875,2297.449951171875,2342.860107421875,2296.43994140625,550300,10524.7998046875,4.059000015258789,25.860000610351562,1416.5999755859375
2022-11-04,2348.429931640625,2325.85009765625,2348.429931640625,2316.2900390625,436200,10342.9404296875,4.124000072479248,25.299999237060547,1423.0999755859375
2022-11-07,2371.7900390625,2360.219970703125,2373.280029296875,2354.219970703125,392300,10342.9404296875,4.124000072479248,25.299999237060547,1423.0999755859375
2022-11-08,2399.0400390625,2387.199951171875,2400.389892578125,2375.669921875,499800,10564.51953125,4.214000225067139,24.350000381469727,1402.1099853515625
2022-11-09,2424.409912109375,2408.5400390625,2429.64990234375,2403.639892578125,680500,10616.2001953125,4.125999927520752,25.540000915527344,1392.699951171875
2022-11-10,2402.22998046875,2405.77001953125,2426.10009765625,2401.989990234375,899000,10353.169921875,4.151000022888184,26.09000015258789,1374.1500244140625
2022-11-11,2483.159912109375,2466.89990234375,2486.4599609375,2463.510009765625,758000,11114.150390625,3.8289999961853027,23.530000686645508,1370.550048828125
2022-11-14,2474.64990234375,2485.179931640625,2499.429931640625,2470.60009765625,730900,11114.150390625,3.8289999961853027,23.530000686645508,1370.550048828125
2022-11-15,2480.330078125,2482.760009765625,2485.199951171875,2463.64990234375,617100,11196.2197265625,3.865000009536743,23.729999542236328,1313.030029296875
2022-11-16,2477.449951171875,2487.0,2487.0,2446.7900390625,657600,11358.41015625,3.7990000247955322,24.540000915527344,1324.0799560546875
2022-11-17,2442.89990234375,2466.5,2467.389892578125,2442.89990234375,914400,11183.66015625,3.691999912261963,24.110000610351562,1316.260009765625
2022-11-18,2444.47998046875,2448.1298828125,2471.8701171875,2442.8701171875,589500,11144.9599609375,3.7750000953674316,23.93000030517578,1336.4300537109375
2022-11-21,2419.5,2446.050048828125,2448.139892578125,2409.360107421875,544500,11144.9599609375,3.7750000953674316,23.93000030517578,1336.4300537109375
2022-11-22,2405.27001953125,2405.9599609375,2426.39990234375,2401.5,539200,11024.509765625,3.825000047683716,22.360000610351562,1339.030029296875
2022-11-23,2418.010009765625,2424.360107421875,2427.280029296875,2407.580078125,474800,11174.41015625,3.757999897003174,21.290000915527344,1359.75
2022-11-24,2441.330078125,2437.510009765625,2441.330078125,2428.1201171875,481200,11285.3203125,3.7060000896453857,20.350000381469727,1352.68994140625
2022-11-25,2437.860107421875,2442.2099609375,2449.659912109375,2433.570068359375,438400,11285.3203125,3.7060000896453857,20.350000381469727,1336.81005859375
2022-11-28,2408.27001953125,2425.050048828125,2425.64990234375,2401.949951171875,350100,11285.3203125,3.7060000896453857,20.350000381469727,1336.81005859375
2022-11-29,2433.389892578125,2405.5400390625,2433.8701171875,2401.10009765625,550000,11049.5,3.703000068664551,22.209999084472656,1334.56005859375
2022-11-30,2472.530029296875,2424.43994140625,2472.530029296875,2421.419921875,593900,10983.7802734375,3.747999906539917,21.889999389648438,1340.1199951171875
2022-12-01,2479.840087890625,2501.429931640625,2501.429931640625,2474.330078125,491200,11468.0,3.703000068664551,20.579999923706055,1325.3699951171875
2022-12-02,2434.330078125,2471.5,2471.5,2434.330078125,468500,11482.4501953125,3.5290000438690186,19.84000015258789,1279.800048828125
2022-12-05,2419.320068359375,2442.169921875,2442.219970703125,2413.050048828125,385200,11482.4501953125,3.5290000438690186,19.84000015258789,1279.800048828125
2022-12-06,2393.159912109375,2397.699951171875,2416.8798828125,2390.199951171875,367800,11239.9404296875,3.5989999771118164,20.75,1299.1700439453125
2022-12-07,2382.81005859375,2385.8701171875,2394.8798828125,2377.97998046875,332100,11014.8896484375,3.513000011444092,22.170000076293945,1304.3699951171875
2022-12-08,2371.080078125,2386.89990234375,2387.949951171875,2357.199951171875,351600,10958.5498046875,3.4079999923706055,22.68000030517578,1319.7099609375
2022-12-09,2389.0400390625,2382.72998046875,2390.080078125,2367.25,315300,11082.0,3.490999937057495,22.290000915527344,1314.0999755859375
2022-12-12,2373.02001953125,2373.580078125,2381.8701171875,2368.469970703125,498900,11082.0,3.490999937057495,22.290000915527344,1314.0999755859375
2022-12-13,2372.39990234375,2385.050048828125,2388.27001953125,2364.8701171875,447100,11143.740234375,3.6110000610351562,25.0,1303.1700439453125
2022-12-14,2399.25,2380.81005859375,2400.179931640625,2379.43994140625,409400,11256.8095703125,3.500999927520752,22.549999237060547,1305.9200439453125
2022-12-15,2360.969970703125,2383.830078125,2392.110107421875,2360.949951171875,374300,11170.8896484375,3.503000020980835,21.139999389648438,1288.97998046875
2022-12-16,2360.02001953125,2329.75,2360.43994140625,2326.830078125,414200,10810.5302734375,3.450000047683716,22.829999923706055,1295.6800537109375
2022-12-19,2352.169921875,2350.780029296875,2358.760009765625,2342.280029296875,323600,10810.5302734375,3.450000047683716,22.829999923706055,1295.6800537109375
2022-12-20,2333.2900390625,2344.72998046875,2353.860107421875,2324.659912109375,358100,10546.0302734375,3.5810000896453857,22.420000076293945,1308.8599853515625
2022-12-21,2328.949951171875,2346.389892578125,2347.0,2325.780029296875,329400,10547.1103515625,3.684000015258789,21.479999542236328,1301.3299560546875
2022-12-22,2356.72998046875,2340.0,2356.72998046875,2335.75,552800,10709.3701171875,3.684000015258789,20.06999969482422,1283.6400146484375
2022-12-23,2313.68994140625,2325.860107421875,2333.080078125,2311.89990234375,367000,10476.1201171875,3.6689999103546143,21.969999313354492,1280.77001953125
2022-12-26,2317.139892578125,2312.5400390625,2321.919921875,2304.199951171875,427600,10476.1201171875,3.6689999103546143,21.969999313354492,1280.77001953125
2022-12-27,2332.7900390625,2327.52001953125,2335.989990234375,2321.47998046875,448300,10476.1201171875,3.6689999103546143,21.969999313354492,1279.239990234375
2022-12-28,2280.449951171875,2296.449951171875,2296.449951171875,2276.89990234375,405700,10353.23046875,3.859999895095825,21.649999618530273,1275.1300048828125
2022-12-29,2236.39990234375,2265.72998046875,2272.669921875,2236.3798828125,361000,10213.2900390625,3.88700008392334,22.139999389648438,1272.280029296875
